participant,group-id,n-comments,n-votes,n-agree,n-disagree,0,1,2,3,4,5,6,7,8,9,10,11,12,13,14,15,16,17,18,19,20,21,22,23,24,25,26,27,28,29,30,31,32,33,34,35,36,37,38,39,40,41,42,43,44,45,46,47,48,49,50,51,52,53,54,55,56,57,58,59,60,61,62,63,64,65,66,67,68,69,70,71,72,73,74,75,76,77,78,79,80,81,82,83,84,85,86,87,88,89,90,91,92,93,94,95,96,97,98,99,100,101,102,103,104,105,106,107,108,109,110,111,112,113,114,115,116,117,118,119,120,121,122,123,124,125,126,127,128,129,130,131,132,133,134,135,136,137,138,139,140,141,142,143,144,145,146,147,148,149,150,151,152,153,154,155,156,157,158,159,160,161,162,163,164,165,166,167,168,169,170,171,172,173
0,1,47,74,6,2,0,0,0,0,0,0,0,0,0,0,0,0,0,0,0,0,0,0,0,0,0,0,0,0,0,0,0,0,0,0,,,,,,,0,0,0,1,1,0,0,,,,,,,,,0,1,0,,,,,,,1,,,,,0,0,,,0,0,1,,,,,,,,0,,,,,,0,0,0,0,0,,0,,0,,,,0,0,0,,,,,,0,,0,,,,-1,,0,-1,,,,,,,,,,,,0,,,,,,,,,,,,,,,,,,0,,1,,0,,,,,,0,0,0,0,,0,,0,0,,,,,0,,,,,,
3,1,0,153,75,23,1,1,1,1,1,-1,-1,0,1,-1,1,1,1,-1,-1,0,0,1,-1,1,0,0,1,1,0,1,1,1,0,1,1,1,1,,,,0,1,0,-1,1,0,0,0,1,0,0,,1,,,0,1,1,0,,1,0,-1,,1,1,0,,,1,1,0,1,1,1,1,0,0,1,0,,1,1,0,0,0,0,1,,,,,1,1,,1,1,1,,,,1,1,-1,0,0,-1,0,0,-1,0,0,0,-1,1,1,,0,-1,1,1,-1,0,0,-1,-1,-1,0,1,1,1,0,0,1,0,0,-1,1,0,,1,1,1,1,0,0,1,1,-1,1,1,1,1,0,0,0,0,0,-1,1,1,-1,1,1,0,0,0,0,-1,-1,1,0,1,1,1,1,1,0
4,1,0,61,46,15,1,1,1,1,1,1,1,-1,1,-1,1,1,1,-1,-1,-1,-1,-1,-1,1,1,1,1,1,1,-1,-1,1,1,1,1,1,1,,,,-1,1,-1,-1,,1,1,1,1,1,1,,1,,,1,1,1,1,,1,1,-1,,1,1,1,,,1,1,,,,1,1,1,,,,,1,,,,,,,,,,,-1,,,,,,,,,,,,,,,,,,,,,,,,,,,,,,,,,,,,,,,,,,,,,,,,,,,,,,,,,,,,,,,,,,,,,,,,,,,,,,,,,,,,,
7,1,0,30,17,6,1,1,1,1,1,0,0,0,1,-1,0,1,1,-1,-1,0,-1,0,-1,1,1,1,1,1,0,1,-1,1,1,1,,,,,,,,,,,,,,,,,,,,,,,,,,,,,,,,,,,,,,,,,,,,,,,,,,,,,,,,,,,,,,,,,,,,,,,,,,,,,,,,,,,,,,,,,,,,,,,,,,,,,,,,,,,,,,,,,,,,,,,,,,,,,,,,,,,,,,,,,,,,,,,,
9,1,10,151,88,25,1,0,1,0,1,-1,1,0,1,-1,-1,1,1,-1,-1,0,-1,0,-1,1,1,1,1,0,-1,-1,0,1,1,1,1,1,1,,,,1,0,1,-1,1,0,1,1,1,0,0,,1,,,1,0,1,0,,0,0,1,,1,1,0,,,1,0,1,1,1,1,1,1,0,-1,1,,1,0,1,0,0,-1,1,,,,,1,1,1,1,1,1,,,,0,1,0,0,0,0,0,1,-1,-1,-1,1,1,1,1,1,-1,-1,1,1,-1,1,1,-1,-1,-1,0,1,1,1,1,0,1,1,0,1,1,1,,1,1,1,1,0,1,1,1,-1,1,0,1,1,1,-1,1,1,1,-1,1,1,1,1,1,0,-1,0,0,0,0,1,,,,1,,1,0
14,1,0,32,21,8,1,1,1,0,1,1,-1,-1,1,1,0,1,1,-1,-1,-1,-1,1,-1,1,1,1,1,1,1,-1,1,0,1,1,1,1,,,,,,,,,,,,,,,,,,,,,,,,,,,,,,,,,,,,,,,,,,,,,,,,,,,,,,,,,,,,,,,,,,,,,,,,,,,,,,,,,,,,,,,,,,,,,,,,,,,,,,,,,,,,,,,,,,,,,,,,,,,,,,,,,,,,,,,,,,,,,,
17,1,0,32,17,12,1,1,1,1,-1,1,-1,-1,1,-1,-1,0,1,-1,-1,0,-1,-1,-1,1,1,1,1,1,-1,-1,1,1,1,1,1,0,,,,,,,,,,,,,,,,,,,,,,,,,,,,,,,,,,,,,,,,,,,,,,,,,,,,,,,,,,,,,,,,,,,,,,,,,,,,,,,,,,,,,,,,,,,,,,,,,,,,,,,,,,,,,,,,,,,,,,,,,,,,,,,,,,,,,,,,,,,,,,
19,1,0,27,15,8,1,1,1,0,1,1,-1,-1,1,,0,,1,-1,-1,-1,-1,1,-1,0,1,1,,1,-1,1,1,1,1,,,0,,,,,,,,,,,,,,,,,,,,,,,,,,,,,,,,,,,,,,,,,,,,,,,,,,,,,,,,,,,,,,,,,,,,,,,,,,,,,,,,,,,,,,,,,,,,,,,,,,,,,,,,,,,,,,,,,,,,,,,,,,,,,,,,,,,,,,,,,,,,,,
22,1,0,32,20,8,1,1,1,0,1,1,-1,1,1,-1,-1,1,1,-1,-1,-1,-1,1,1,1,0,1,1,0,0,-1,1,1,1,1,1,1,,,,,,,,,,,,,,,,,,,,,,,,,,,,,,,,,,,,,,,,,,,,,,,,,,,,,,,,,,,,,,,,,,,,,,,,,,,,,,,,,,,,,,,,,,,,,,,,,,,,,,,,,,,,,,,,,,,,,,,,,,,,,,,,,,,,,,,,,,,,,,
23,1,28,160,112,34,1,1,1,0,1,1,-1,0,0,-1,0,1,1,-1,-1,-1,-1,1,1,1,1,1,1,-1,-1,-1,1,1,1,1,1,-1,1,,,,-1,0,-1,1,0,1,1,1,1,1,1,1,0,1,1,1,1,1,1,1,1,1,1,1,1,1,1,1,1,1,1,1,1,1,0,1,1,-1,1,1,-1,1,0,1,1,-1,-1,1,,,,,-1,1,,1,1,-1,,,,1,1,1,-1,0,-1,1,1,1,1,1,1,-1,1,1,,1,1,1,1,1,1,1,1,-1,1,1,-1,-1,1,1,1,1,1,1,-1,1,1,,0,1,1,1,1,1,1,1,-1,1,1,1,1,-1,1,-1,1,1,1,0,0,-1,1,1,1,-1,0,-1,1,-1,1,-1,-1,1,1,1,1,
25,1,2,70,26,9,1,1,0,0,1,1,-1,-1,1,1,-1,1,1,-1,-1,0,0,0,1,1,1,1,1,-1,1,-1,1,1,1,-1,1,1,-1,,,,0,1,1,1,0,0,0,0,0,0,0,,1,,,0,0,0,0,,0,0,0,,0,0,0,,,0,0,1,0,0,1,0,0,0,0,0,,1,0,0,0,,,,,,,,,,,,,,,,,,,,,,,,,,,,,,,,,,,,,,,,,,,,,,,,,,,,,,,,,,,,,,,,,,,,,,,,,,,,,,,,,,,,,,,,,,,,,
27,1,0,36,20,11,1,1,1,1,-1,1,1,0,1,-1,0,1,1,-1,-1,-1,-1,-1,1,1,1,1,1,0,1,-1,1,1,1,1,0,1,,,,,0,-1,-1,-1,,,,,,,,,,,,,,,,,,,,,,,,,,,,,,,,,,,,,,,,,,,,,,,,,,,,,,,,,,,,,,,,,,,,,,,,,,,,,,,,,,,,,,,,,,,,,,,,,,,,,,,,,,,,,,,,,,,,,,,,,,,,,,,,,,,,,,
29,1,1,32,21,7,1,1,1,0,1,1,1,-1,1,0,,1,,-1,,-1,-1,1,,1,1,1,1,-1,1,-1,1,1,1,1,-1,0,,,,,0,,1,1,1,,,,,,,,,,,,,,,,,,,,,,,,,,,,,,,,,,,,,,,,,,,,,,,,,,,,,,,,,,,,,,,,,,,,,,,,,,,,,,,,,,,,,,,,,,,,,,,,,,,,,,,,,,,,,,,,,,,,,,,,,,,,,,,,,,,,,
30,1,0,36,22,12,1,1,1,1,1,1,-1,-1,0,-1,-1,1,1,-1,-1,1,-1,1,-1,1,1,1,1,1,-1,-1,-1,1,1,1,1,1,,,,,0,1,-1,1,,,,,,,,,,,,,,,,,,,,,,,,,,,,,,,,,,,,,,,,,,,,,,,,,,,,,,,,,,,,,,,,,,,,,,,,,,,,,,,,,,,,,,,,,,,,,,,,,,,,,,,,,,,,,,,,,,,,,,,,,,,,,,,,,,,,,,
32,,0,1,1,0,1,,,,,,,,,,,,,,,,,,,,,,,,,,,,,,,,,,,,,,,,,,,,,,,,,,,,,,,,,,,,,,,,,,,,,,,,,,,,,,,,,,,,,,,,,,,,,,,,,,,,,,,,,,,,,,,,,,,,,,,,,,,,,,,,,,,,,,,,,,,,,,,,,,,,,,,,,,,,,,,,,,,,,,,,,,,,,
34,1,0,37,22,12,1,1,1,0,1,1,1,-1,1,1,-1,1,1,-1,-1,-1,-1,-1,1,1,1,1,1,-1,1,-1,1,1,1,1,1,0,,,,,-1,0,-1,1,-1,,,,,,,,,,,,,,,,,,,,,,,,,,,,,,,,,,,,,,,,,,,,,,,,,,,,,,,,,,,,,,,,,,,,,,,,,,,,,,,,,,,,,,,,,,,,,,,,,,,,,,,,,,,,,,,,,,,,,,,,,,,,,,,,,,,,,
35,1,0,30,11,4,0,0,1,1,0,1,,0,0,-1,-1,1,,0,0,0,0,,,1,,0,0,1,0,1,1,,0,1,1,0,,,,,-1,,-1,0,1,,,,,,,,,,,,,,,,,,,,,,,,,,,,,,,,,,,,,,,,,,,,,,,,,,,,,,,,,,,,,,,,,,,,,,,,,,,,,,,,,,,,,,,,,,,,,,,,,,,,,,,,,,,,,,,,,,,,,,,,,,,,,,,,,,,,,
37,1,0,37,24,13,1,1,1,-1,1,1,-1,1,1,-1,-1,1,1,-1,-1,-1,-1,1,1,1,1,1,1,-1,1,-1,1,1,1,1,1,1,,,,,1,-1,-1,1,-1,,,,,,,,,,,,,,,,,,,,,,,,,,,,,,,,,,,,,,,,,,,,,,,,,,,,,,,,,,,,,,,,,,,,,,,,,,,,,,,,,,,,,,,,,,,,,,,,,,,,,,,,,,,,,,,,,,,,,,,,,,,,,,,,,,,,,
38,1,0,63,36,13,1,1,1,0,1,-1,0,0,1,-1,1,1,1,-1,-1,-1,-1,0,-1,1,,1,1,1,1,1,-1,1,1,1,1,1,0,,,,1,0,-1,1,0,0,,1,,,1,,0,,,,1,1,,,1,0,-1,,0,1,1,,,0,0,,1,0,1,1,1,1,1,-1,,1,,-1,,,,,,,,,,,,,,,,,,,,,,,,,,,,,,,,1,,,,,,,,,-1,,,,,,,,,,,,,,,,,,,,,,,,,,,,,,,,,,,,,,,,,,,,,,,,,,,,,
39,1,0,38,23,11,1,1,1,0,1,0,-1,1,1,-1,0,1,1,-1,-1,-1,-1,1,-1,1,0,1,1,1,-1,-1,-1,1,1,1,1,1,1,,,,1,1,1,1,-1,,,,,,,,,,,,,,,,,,,,,,,,,,,,,,,,,,,,,,,,,,,,,,,,,,,,,,,,,,,,,,,,,,,,,,,,,,,,,,,,,,,,,,,,,,,,,,,,,,,,,,,,,,,,,,,,,,,,,,,,,,,,,,,,,,,,,
40,1,0,38,28,10,1,1,1,1,1,1,1,-1,1,1,-1,1,1,-1,1,1,-1,1,-1,1,-1,1,1,1,-1,-1,1,1,1,1,1,1,-1,,,,1,1,1,1,-1,,,,,,,,,,,,,,,,,,,,,,,,,,,,,,,,,,,,,,,,,,,,,,,,,,,,,,,,,,,,,,,,,,,,,,,,,,,,,,,,,,,,,,,,,,,,,,,,,,,,,,,,,,,,,,,,,,,,,,,,,,,,,,,,,,,,,
42,1,0,52,21,6,0,1,1,1,1,-1,0,-1,1,-1,0,1,1,-1,-1,0,0,0,1,0,1,0,0,1,0,0,1,1,0,1,1,1,1,,,,0,0,-1,0,0,,,,,,,,,,,,0,,,,0,0,,,,,,,,,,,1,0,1,,,,0,,,,,0,,0,,,,,,,,1,,,,1,,,,,,,,,0,,1,,,,,,,0,,,,,,,,,,,,,,,,,,,,,,,,,,,,,,,,,,,,,,,,,,,,,,,,,,,,,,,,,,,,,,
47,0,0,42,17,21,-1,1,-1,-1,1,0,-1,-1,1,1,-1,1,1,-1,0,-1,0,-1,1,1,1,-1,-1,-1,-1,-1,1,1,-1,1,1,1,1,,,,1,-1,-1,0,-1,-1,1,-1,-1,,,,,,,,,,,,,,,,,,,,,,,,,,,,,,,,,,,,,,,,,,,,,,,,,,,,,,,,,,,,,,,,,,,,,,,,,,,,,,,,,,,,,,,,,,,,,,,,,,,,,,,,,,,,,,,,,,,,,,,,,,,,,,,,,
48,1,0,41,30,11,1,1,1,1,1,1,-1,1,1,-1,1,1,1,-1,-1,-1,1,-1,-1,1,1,1,1,1,1,1,-1,1,1,1,1,1,1,,,,-1,1,-1,-1,1,1,1,1,,,,,,,,,,,,,,,,,,,,,,,,,,,,,,,,,,,,,,,,,,,,,,,,,,,,,,,,,,,,,,,,,,,,,,,,,,,,,,,,,,,,,,,,,,,,,,,,,,,,,,,,,,,,,,,,,,,,,,,,,,,,,,,,,,
56,1,0,17,7,4,1,,,,,0,,,-1,,,1,,-1,,1,,,,,,1,,,-1,,-1,,1,,,,,,,,,,,0,,,,,,,,,,,,0,1,,,,,,,,,0,0,,,,1,,,,,,0,,,,,,,,,,,,,,,,,,,,,,,,,,,,,,,,,,,,,,,,,,,,,,,,,,,,,,,,,,,,,,,,,,,,,,,,,,,,,,,,,,,,,,,,,,,,,,,,,,,,,
57,1,0,63,40,19,1,1,1,1,-1,-1,-1,-1,1,-1,-1,1,1,-1,-1,-1,0,-1,-1,1,1,0,1,1,-1,-1,-1,1,1,1,1,0,1,,,,1,1,1,-1,1,1,1,1,1,1,1,,1,,,1,1,1,1,,1,1,-1,,1,0,1,,,1,1,1,1,1,-1,-1,-1,,,,,,,,,,,,,,,,,,,,,,,,,,,,,,,,,,,,,,,,,,,,,,,,,,,,,,,,,,,,,,,,,,,,,,,,,,,,,,,,,,,,,,,,,,,,,,,,,,,,,
58,1,0,63,41,12,1,1,1,0,1,1,-1,-1,0,-1,0,1,0,-1,-1,-1,-1,1,1,1,0,1,1,-1,-1,-1,1,1,1,1,1,0,1,,,,-1,0,-1,1,0,1,1,1,1,1,1,,0,,,1,1,1,1,,1,1,1,,1,1,1,,,1,1,1,1,1,0,1,1,,,,,,,,,,,,,,,,,,,,,,,,,,,,,,,,,,,,,,,,,,,,,,,,,,,,,,,,,,,,,,,,,,,,,,,,,,,,,,,,,,,,,,,,,,,,,,,,,,,,,
60,1,0,11,7,1,0,,,0,,,,,,,,,,,,,,,1,,1,,,,,,,1,,,1,,,,,,,,,,,1,,,,,,,,,,,,1,,,,0,,,,-1,,,,,,1,,,,,,,,,,,,,,,,,,,,,,,,,,,,,,,,,,,,,,,,,,,,,,,,,,,,,,,,,,,,,,,,,,,,,,,,,,,,,,,,,,,,,,,,,,,,,,,,,,,,,,,,,,
61,1,0,9,9,0,1,1,,,,,,,,,,,,,,,,,,1,,1,,,,,1,,,,,,,,,,,,,,,,,,1,1,,,,,,1,,,,,,,,,,1,,,,,,,,,,,,,,,,,,,,,,,,,,,,,,,,,,,,,,,,,,,,,,,,,,,,,,,,,,,,,,,,,,,,,,,,,,,,,,,,,,,,,,,,,,,,,,,,,,,,,,,,,,,,,,,,
62,0,0,63,39,16,0,1,1,0,1,1,-1,-1,1,1,-1,1,1,1,1,1,-1,-1,1,1,1,1,1,-1,1,-1,1,-1,1,-1,-1,0,-1,,,,-1,-1,1,1,1,0,0,0,-1,1,0,,1,,,1,1,1,1,,-1,0,1,,1,1,1,,,-1,1,1,1,1,1,1,1,,,,,,,,,,,,,,,,,,,,,,,,,,,,,,,,,,,,,,,,,,,,,,,,,,,,,,,,,,,,,,,,,,,,,,,,,,,,,,,,,,,,,,,,,,,,,,,,,,,,,
63,1,1,57,41,13,1,,1,1,1,1,-1,-1,1,,-1,,1,-1,1,-1,0,,1,1,1,1,1,-1,-1,-1,1,1,1,1,1,,-1,,,,1,1,-1,-1,1,1,0,1,,1,0,,1,,,1,1,1,1,,1,1,1,,1,1,1,,,1,1,,1,1,1,-1,-1,1,,,,,,,,,,,,,,,,,,,,,,,,,,,,,,,,,,,,,,,,,,,,,,,,,,,,,,,,,,,,,,,,,,,,,,,,,,,,,,,,,,,,,,,,,,,,,,,,,,,,
64,1,0,58,28,18,1,1,1,0,0,-1,-1,,-1,-1,1,1,1,-1,-1,0,-1,1,-1,1,-1,1,1,1,1,-1,1,1,1,1,1,1,1,,,,-1,1,-1,-1,-1,0,1,0,,1,0,,-1,,,0,1,,1,,1,0,-1,,0,1,0,,,0,0,1,,1,-1,,-1,,,,,,,,,,,,,,,,,,,,,,,,,,,,,,,,,,,,,,,,,,,,,,,,,,,,,,,,,,,,,,,,,,,,,,,,,,,,,,,,,,,,,,,,,,,,,,,,,,,,,
68,1,3,67,48,12,1,1,1,0,1,1,-1,-1,1,0,-1,1,1,-1,-1,-1,-1,-1,1,1,1,1,1,-1,1,-1,1,0,1,1,1,1,0,,,,-1,-1,1,1,1,0,1,1,1,1,1,,1,,,1,1,1,1,,1,1,1,,1,1,0,,,1,1,1,1,1,0,1,1,1,1,1,1,,,,,,,,,,,,,,,,,,,,,,,,,,,,,,,,,,,,,,,,,,,,,,,,,,,,,,,,,,,,,,,,,,,,,,,,,,,,,,,,,,,,,,,,,,,,,,,,,
71,,0,1,1,0,1,,,,,,,,,,,,,,,,,,,,,,,,,,,,,,,,,,,,,,,,,,,,,,,,,,,,,,,,,,,,,,,,,,,,,,,,,,,,,,,,,,,,,,,,,,,,,,,,,,,,,,,,,,,,,,,,,,,,,,,,,,,,,,,,,,,,,,,,,,,,,,,,,,,,,,,,,,,,,,,,,,,,,,,,,,,,,
74,1,0,147,99,31,1,1,1,0,1,1,-1,-1,1,0,-1,1,1,-1,-1,-1,-1,1,1,1,1,1,1,-1,1,-1,1,1,1,1,1,1,1,,,,-1,-1,1,1,0,1,1,1,1,1,1,,1,,,1,1,1,1,,1,1,1,,1,1,0,,,1,1,1,1,1,0,1,1,1,1,1,0,1,-1,1,1,-1,-1,1,,,,,-1,1,,1,1,-1,,,,1,1,1,-1,-1,1,1,1,0,1,-1,1,-1,1,1,,-1,0,1,-1,-1,-1,1,-1,-1,1,1,1,1,1,1,1,1,1,0,1,1,1,,1,0,1,0,1,1,1,1,-1,1,1,1,1,1,0,1,1,1,-1,1,1,0,0,0,0,-1,1,-1,-1,1,0,,,,,,,
76,1,0,69,48,15,1,1,1,0,1,1,-1,-1,0,-1,-1,1,1,-1,-1,-1,-1,1,1,1,1,1,1,-1,-1,-1,1,1,1,1,1,0,1,,,,-1,0,1,1,0,1,1,1,1,1,1,,-1,,,1,1,1,1,,1,1,1,,1,1,1,,,1,1,1,1,1,0,1,1,-1,1,1,,1,-1,1,,,,,,,,,,,,,,,,,,,,,,,,,,,,,,,,,,,,,,,,,,,,,,,,,,,,,,,,,,,,,,,,,,,,,,,,,,,,,,,,,,,,,,,,,,,,,,
78,1,1,70,45,13,1,1,1,0,0,1,-1,0,1,-1,-1,1,1,-1,-1,-1,-1,1,-1,1,0,1,1,1,-1,-1,-1,1,1,1,1,1,1,,,,-1,0,1,1,1,1,1,1,1,1,1,,0,,,1,1,1,1,,1,1,-1,,1,1,1,,,1,0,1,1,1,0,1,1,1,0,0,,1,0,0,1,,,,,,,,,,,,,,,,,,,,,,,,,,,,,,,,,,,,,,,,,,,,,,,,,,,,,,,,,,,,,,,,,,,,,,,,,,,,,,,,,,,,,,,,,,,,,
79,1,0,70,55,12,1,1,1,1,1,1,0,1,1,-1,-1,1,1,-1,-1,-1,-1,0,1,1,-1,1,1,-1,-1,-1,1,1,1,1,1,1,1,,,,1,1,0,1,1,1,1,1,1,1,1,,1,,,1,1,1,1,,1,1,1,,1,1,1,,,1,1,1,1,1,-1,1,1,1,1,1,,1,-1,1,1,,,,,,,,,,,,,,,,,,,,,,,,,,,,,,,,,,,,,,,,,,,,,,,,,,,,,,,,,,,,,,,,,,,,,,,,,,,,,,,,,,,,,,,,,,,,,
81,1,0,53,32,3,1,1,1,1,,1,1,0,1,0,-1,1,1,0,0,0,0,1,,1,1,,,,1,0,,1,1,0,,1,0,,,,,1,-1,,1,,0,1,0,0,0,,,,,0,1,1,0,,1,1,,,,1,1,,,,1,1,1,1,1,,-1,0,,1,,,1,0,0,,,,,,,,,,,,,,,,,,,,,,,,,,,,,,,,,,,,,,,,,,,,,,,,,,,,,,,,,,,,,,,,,,,,,,,,,,,,,,,,,,,,,,,,,,,,,
86,1,0,42,29,5,1,,1,1,,,,,,1,-1,1,,,-1,1,0,1,1,1,0,,1,1,1,,1,1,0,1,,,,,,,,1,-1,,-1,1,,,0,0,,,,,,,,1,1,,0,,1,,,,0,,,1,,1,1,1,1,1,-1,,0,1,,1,,1,,,,,,,,,,,,,,,,,,,,,,,,,,,,,,,,,,,,,,,,,,,,,,,,,,,,,,,,,,,,,,,,,,,,,,,,,,,,,,,,,,,,,,,,,,,,,,
90,1,0,70,31,22,1,0,1,0,-1,1,1,-1,-1,-1,-1,-1,1,-1,0,1,-1,-1,0,-1,1,1,1,0,1,-1,1,-1,1,1,-1,-1,1,,,,1,-1,1,1,-1,1,0,-1,1,0,0,,0,,,1,1,0,1,,1,1,0,,1,1,1,,,-1,0,-1,1,0,0,1,-1,0,0,1,,1,-1,0,-1,,,,,,,,,,,,,,,,,,,,,,,,,,,,,,,,,,,,,,,,,,,,,,,,,,,,,,,,,,,,,,,,,,,,,,,,,,,,,,,,,,,,,,,,,,,,,
91,1,0,153,117,27,1,1,1,1,1,1,0,1,1,-1,-1,1,1,-1,-1,-1,-1,1,1,1,-1,1,1,-1,-1,-1,1,1,1,1,1,1,1,,,,-1,1,1,1,1,1,1,1,1,1,1,,1,,,1,1,1,1,,1,1,1,,1,1,1,,,1,1,1,1,1,-1,1,1,1,1,1,,1,-1,1,1,-1,-1,1,,,,,0,1,,1,1,-1,,,,1,1,-1,-1,1,1,1,0,0,1,1,1,-1,1,1,,1,1,1,1,1,-1,1,-1,-1,1,1,-1,1,1,1,1,1,1,1,-1,1,1,,1,1,0,1,1,1,1,1,1,1,1,1,1,1,1,-1,-1,1,-1,1,1,0,1,1,1,1,1,1,0,1,1,1,0,1,0,1,1,1
92,1,0,31,15,4,1,,1,0,,1,1,,,,,,1,-1,,,0,0,0,,,,,0,,-1,-1,1,,,,,,,,,0,1,-1,,,,,,,,0,,,,,,,1,,,0,,0,,1,1,0,,,1,0,,,1,1,,,1,,,,1,,0,,,,,,,,,,,,,,,,,,,,,,,,,,,,,,,,,,,,,,,,,,,,,,,,,,,,,,,,,,,,,,,,,,,,,,,,,,,,,,,,,,,,,,,,,,,,,,
93,1,3,31,24,3,1,,,,1,1,1,1,1,,,,1,,,1,0,-1,,1,,0,,1,1,,,,1,,,,,,,,,,1,,,,1,1,,,,,,,,1,1,,,,,,,,,1,-1,,,1,0,,,1,,,1,0,,-1,,,,,,1,1,1,,,,,,,,,,,,,,,,,,,,,,,,,,,,,,,,,,,,,,,,,,,,,,,,,,,,,,,,,,,,,,,,,,,,,,,,,,,,,,,,,,,,,,,,,,
94,1,0,28,17,6,1,1,,1,,,,,,0,-1,,,-1,,,-1,,,,,,1,,,,1,,1,,,1,,,,,0,,-1,,1,,1,1,1,1,,,1,,,,,,0,,,0,,,,1,,,,,0,1,,,,-1,-1,,,1,,1,,,,,,,,,,,,,,,,,,,,,,,,,,,,,,,,,,,,,,,,,,,,,,,,,,,,,,,,,,,,,,,,,,,,,,,,,,,,,,,,,,,,,,,,,,,,,,,,
95,1,0,70,56,3,1,1,1,1,1,1,0,1,1,1,-1,1,1,0,0,0,-1,1,1,1,1,1,1,-1,1,0,1,1,1,1,1,0,0,,,,0,1,1,1,0,1,1,1,1,1,1,,0,,,1,1,1,1,,1,1,1,,0,1,1,,,1,1,1,1,1,1,1,1,1,1,1,,1,1,1,1,,,,,,,,,,,,,,,,,,,,,,,,,,,,,,,,,,,,,,,,,,,,,,,,,,,,,,,,,,,,,,,,,,,,,,,,,,,,,,,,,,,,,,,,,,,,,
100,1,0,15,5,2,0,1,,,,,,,,,0,,,,,0,,0,,,,1,,,0,-1,,,,,,1,,,,,,,1,,,0,,,,,,,,,,,,,0,,,,,,,,,,,0,,,,1,,-1,,,,,,,,,,,,,,,,,,,,,,,,,,,,,,,,,,,,,,,,,,,,,,,,,,,,,,,,,,,,,,,,,,,,,,,,,,,,,,,,,,,,,,,,,,,,,,,,,,,,,,
102,1,0,37,16,7,0,1,,0,,1,0,1,0,0,,,,,,,-1,,0,0,1,-1,1,0,,-1,1,,,1,0,,0,,,,,0,,,,,1,,,,,,,,,0,0,,1,,1,,,,,1,,,,1,,1,1,,,,-1,,,,,,-1,1,-1,1,-1,,,,,,0,,,,,,,,,,,,,,,,,,,,,,,,,,,,,,,,,,,,,,,,,,,,,,,,,,,,,,,,,,,,,,,,,,,,,,,,,,,,,,,,,,,,,
107,1,0,75,52,12,1,1,1,1,1,1,-1,0,1,1,-1,1,1,0,0,1,-1,-1,1,1,1,1,1,-1,0,-1,1,1,1,1,1,1,0,,,,-1,1,1,1,1,1,1,1,1,1,-1,,1,,,1,1,1,1,,1,1,1,,0,-1,0,,,1,1,1,1,0,0,1,1,1,1,1,,1,-1,0,0,1,-1,1,,,,,-1,1,,,,,,,,,,,,,,,,,,,,,,,,,,,,,,,,,,,,,,,,,,,,,,,,,,,,,,,,,,,,,,,,,,,,,,,,,,,,,,,,,,,,
113,1,0,76,51,19,1,1,1,0,1,1,-1,-1,1,1,-1,1,1,-1,-1,-1,-1,0,1,1,1,1,1,-1,-1,-1,1,1,1,1,1,1,-1,,,,1,0,1,1,-1,1,1,1,1,1,0,,0,,,1,1,1,1,,-1,1,1,,1,1,1,,,1,1,1,1,1,-1,1,1,1,-1,1,,1,-1,-1,1,-1,-1,1,,,,,0,1,,1,,,,,,,,,,,,,,,,,,,,,,,,,,,,,,,,,,,,,,,,,,,,,,,,,,,,,,,,,,,,,,,,,,,,,,,,,,,,,,,,,,
117,1,0,51,31,13,1,1,1,1,,,,,,,,,,,-1,0,-1,1,,,1,1,,,,-1,-1,,,,1,1,1,,,,-1,,-1,,1,,,,,1,,,0,,,,,,,,,,0,,,,,,,1,,1,,,-1,,,,,-1,,,-1,,1,,,,,,,,,1,,,,0,,,,0,1,0,1,1,,1,,,1,,,-1,1,,,-1,0,1,,,,,-1,-1,1,,1,,1,1,1,1,1,1,,,,,,,,,,,,,,,,,,,,,,,,,,,,,,,,,,,,,,,,,,
120,1,0,22,14,5,1,,,,,1,-1,-1,,,,,,,,,-1,,,,,,,-1,,,,,,,1,,,,,,,1,,,,,,,1,,,,0,,,1,1,1,,,,,,,1,,1,,,,,0,1,,,,,,0,,,,,,,-1,,,,,,,,1,,1,1,,,,,,,,,,,,,,,,,,,,,,,,,,,,,,,,,,,,,,,,,,,,,,,,,,,,,,,,,,,,,,,,,,,,,,,,,,,,,,,,,
122,,0,6,5,0,1,,,,,,,,,,,1,,,,,,,,,,,,,1,,,,,,1,,,,,,,0,,,,,,,,,,,,,,1,,,,,,,,,,,,,,,,,,,,,,,,,,,,,,,,,,,,,,,,,,,,,,,,,,,,,,,,,,,,,,,,,,,,,,,,,,,,,,,,,,,,,,,,,,,,,,,,,,,,,,,,,,,,,,,,,,,,,,,,,,
123,1,0,50,11,3,1,,1,0,0,0,-1,-1,0,0,,,0,0,0,,0,0,,,,,0,,0,-1,1,0,0,0,1,0,,,,,,,0,,,,1,0,1,,,,,,,0,0,1,,,0,0,,,,0,0,,,1,0,0,1,0,,0,0,,0,1,,,0,,,0,0,0,,,,,,1,,0,,0,,,,,,,,,,,,,,,,,,,,,,,,,,,,,,,,,,,,,,,,,,,,,,,,,,,,,,,,,,,,,,,,,,,,,,,,,,,,,,,,
124,0,0,78,32,28,1,0,-1,-1,1,-1,-1,-1,0,-1,-1,1,1,1,1,1,1,-1,1,1,1,0,-1,-1,1,-1,1,0,0,0,1,1,-1,,,,0,-1,1,0,-1,0,0,-1,-1,0,-1,,1,,,-1,1,-1,0,,0,-1,1,,1,-1,1,,,1,1,1,1,-1,-1,-1,-1,0,0,1,,-1,1,0,0,1,-1,-1,,,,,1,1,,1,1,0,,,,,,,,,,,,,,,,,,,,,,,,,,,,,,,,,,,,,,,,,,,,,,,,,,,,,,,,,,,,,,,,,,,,,,,,,,,,,,,,
126,1,0,78,55,17,1,1,1,0,1,1,1,-1,1,-1,0,1,1,-1,-1,-1,-1,1,1,1,1,1,1,1,1,-1,1,-1,1,1,1,1,1,,,,1,1,-1,1,-1,1,1,1,0,1,1,,1,,,1,1,1,0,,1,0,-1,,1,1,1,,,1,1,1,1,1,1,1,-1,1,0,-1,,1,1,1,-1,-1,1,1,,,,,-1,1,,1,1,-1,,,,,,,,,,,,,,,,,,,,,,,,,,,,,,,,,,,,,,,,,,,,,,,,,,,,,,,,,,,,,,,,,,,,,,,,,,,,,,,,
130,1,0,23,21,1,1,,,,1,,,,,,,1,-1,,,,1,,,,1,,,,,1,,,1,1,,,,,,,,,1,,,1,,,,,1,,1,,,1,,,,,,,1,,,,,,,1,,,,0,,,1,1,1,,,,1,,,1,,,,,,,,,,1,,,,,,,,,,,,,,,,,,,,,,,,,,,,,,,,,,,,,,,,,,,,,,,,,,,,,,,,,,,,,,,,,,,,,,,,,,,,,,,,,,
134,1,0,15,7,6,0,,-1,,,,,,,-1,,,,,-1,,,,,,,,,,,,,,,,,,,,,,,,,1,,,,,,1,,,,,,1,-1,,,,,,,,-1,1,-1,,,1,,,,,,,,1,,,,,,,,1,,,,,,,,,,0,,,,,,,,,,,,,,,,,,,,,,,,,,,,,,,,,,,,,,,,,,,,,,,,,,,,,,,,,,,,,,,,,,,,,,,,,,,,,,,,,,
136,1,0,33,20,9,1,,1,1,,,,1,,,,1,0,-1,,,-1,0,,,1,,,1,0,,-1,1,,,1,,1,,,,,,-1,1,-1,1,,1,,,,,0,,,,1,,,,,,-1,,,1,,,,,1,,1,,-1,-1,,,,,,,,1,,,-1,1,,,,,,1,,,,,,,,,,,,,,,,,,,,,,,,,,,,,,,,,,,,,,,,,,,,,,,,,,,,,,,,,,,,,,,,,,,,,,,,,,,,,,,,,,,,
138,1,0,11,6,5,-1,,,1,,,,,,,,,,,,,,,,,,,,,,-1,,-1,,,,,-1,,,,,,,,-1,1,,,,,,,,,,,,,,,,,,,,1,,,,,,,,,,,,,,,,1,,,1,,,,,,,,,1,,,,,,,,,,,,,,,,,,,,,,,,,,,,,,,,,,,,,,,,,,,,,,,,,,,,,,,,,,,,,,,,,,,,,,,,,,,,,,,,,,,,
139,0,0,78,22,51,1,-1,-1,-1,1,1,-1,-1,-1,1,-1,-1,-1,1,1,1,0,-1,1,1,-1,-1,-1,-1,1,-1,1,-1,-1,-1,-1,-1,-1,,,,-1,-1,1,1,-1,-1,-1,-1,-1,-1,-1,,1,,,-1,1,-1,-1,,-1,-1,1,,-1,-1,0,,,-1,-1,-1,0,-1,-1,1,1,-1,0,1,,1,-1,-1,-1,-1,1,-1,,,,,0,1,,-1,-1,-1,,,,,,,,,,,,,,,,,,,,,,,,,,,,,,,,,,,,,,,,,,,,,,,,,,,,,,,,,,,,,,,,,,,,,,,,,,,,,,,,
141,1,0,42,31,9,1,,,,1,1,,,1,-1,,1,1,-1,,,-1,,,,,1,,,-1,-1,1,1,,,,1,,,,,0,-1,1,1,1,,,,,,0,,,,,1,1,1,1,,1,1,,,1,,1,,,1,,1,,,,1,,,,,,1,-1,-1,,1,,1,,,,,,1,,1,,-1,,,,,1,1,,,,,,,,,,,,,,,,,,,,,,,,,,,,,,,,,,,,,,,,,,,,,,,,,,,,,,,,,,,,,,,,,,,,,,,,,,
147,1,0,25,15,5,1,,1,0,,,,,-1,-1,,,-1,,,,,,,,,,,,,-1,,,,,1,,1,,,,,1,,,,1,1,1,,1,,,,,,,,,,,1,,,,,,,,,0,,1,,,,1,1,,,,,1,-1,,,,0,,,,,,,1,,0,,0,,,,,,,,,,,,,,,,,,,,,,,,,,,,,,,,,,,,,,,,,,,,,,,,,,,,,,,,,,,,,,,,,,,,,,,,,,,,,,,,
148,1,0,78,52,24,1,1,1,1,1,1,-1,-1,1,1,0,1,-1,-1,-1,-1,-1,1,-1,1,1,1,1,1,-1,-1,-1,1,1,1,1,-1,1,,,,1,1,-1,1,1,1,1,1,1,1,1,,-1,,,1,1,1,1,,1,1,-1,,-1,1,1,,,1,1,1,1,1,-1,1,1,-1,0,-1,,1,1,-1,1,-1,-1,1,,,,,-1,1,,1,1,-1,,,,,,,,,,,,,,,,,,,,,,,,,,,,,,,,,,,,,,,,,,,,,,,,,,,,,,,,,,,,,,,,,,,,,,,,,,,,,,,,
152,1,0,64,45,9,1,,1,1,1,,-1,1,1,-1,0,,1,-1,-1,0,-1,1,1,1,,1,1,0,-1,-1,1,1,,1,0,0,,,,,0,1,,1,-1,1,1,,,1,1,,0,,,1,1,1,1,,1,1,1,,1,1,1,,,1,1,1,,1,,1,,1,1,,,,1,1,1,0,-1,1,,,,,0,1,,1,1,0,,,,,,,,,,,,,,,,,,,,,,,,,,,,,,,,,,,,,,,,,,,,,,,,,,,,,,,,,,,,,,,,,,,,,,,,,,,,,,,,
153,1,0,73,48,15,1,1,1,0,1,1,1,1,0,-1,-1,1,0,-1,-1,1,-1,1,-1,-1,,1,1,-1,-1,-1,1,1,1,,1,-1,1,,,,1,0,1,1,1,,1,1,1,1,,,0,,,1,1,1,1,,1,1,1,,1,1,1,,,1,1,1,1,1,0,1,0,1,0,1,,-1,,1,1,0,-1,-1,,,,,0,1,,1,1,-1,,,,,,,,,,,,,,,,,,,,,,,,,,,,,,,,,,,,,,,,,,,,,,,,,,,,,,,,,,,,,,,,,,,,,,,,,,,,,,,,
156,1,0,80,52,20,1,1,1,-1,1,1,-1,1,1,,0,,-1,-1,-1,-1,-1,1,,1,1,1,1,-1,-1,-1,1,1,1,1,0,0,1,,,,-1,,1,,-1,1,1,,,1,,,0,,,0,1,1,1,,1,1,1,,,1,1,,,1,1,,1,,0,1,1,-1,1,1,,1,-1,1,1,0,-1,,,,,,-1,1,,0,1,,,,,-1,1,-1,-1,,,,1,,,1,1,,1,,,,1,,1,1,,,,-1,1,,1,1,,,,,,,,,,,,,,,,,,,,,,,,,,,,,,,,,,,,,,,,,,,,,,,,
163,1,0,78,64,10,1,1,1,1,1,1,1,1,1,-1,0,1,1,-1,-1,-1,-1,1,1,1,1,1,1,0,1,-1,1,1,1,1,1,0,1,,,,1,1,1,1,1,1,1,1,1,1,1,,1,,,1,1,1,1,,1,1,1,,1,1,1,,,1,1,1,1,1,-1,1,1,1,1,1,,-1,-1,-1,1,1,0,1,,,,,1,1,,1,1,1,,,,,,,,,,,,,,,,,,,,,,,,,,,,,,,,,,,,,,,,,,,,,,,,,,,,,,,,,,,,,,,,,,,,,,,,,,,,,,,,
164,0,0,76,46,28,1,1,1,1,1,1,1,-1,1,1,-1,1,-1,1,1,1,0,-1,1,-1,1,1,-1,-1,1,-1,1,-1,1,-1,1,1,-1,,,,1,-1,1,1,-1,-1,-1,-1,-1,1,-1,,1,,,,1,-1,-1,,0,-1,1,,1,1,,,,-1,1,-1,-1,1,1,1,1,1,1,1,,1,-1,-1,-1,1,1,1,,,,,1,1,,1,1,-1,,,,,,,,,,,,,,,,,,,,,,,,,,,,,,,,,,,,,,,,,,,,,,,,,,,,,,,,,,,,,,,,,,,,,,,,,,,,,,,,
168,1,0,78,43,29,1,1,-1,-1,1,1,-1,-1,1,1,1,1,-1,-1,-1,0,-1,1,1,-1,1,1,1,-1,-1,-1,1,1,1,1,0,-1,1,,,,-1,0,-1,1,-1,1,1,1,1,1,-1,,1,,,1,-1,1,1,,-1,-1,1,,0,-1,-1,,,1,1,-1,1,-1,1,1,1,1,1,1,,0,-1,-1,1,-1,-1,1,,,,,-1,1,,1,1,0,,,,,,,,,,,,,,,,,,,,,,,,,,,,,,,,,,,,,,,,,,,,,,,,,,,,,,,,,,,,,,,,,,,,,,,,,,,,,,,,
169,1,3,84,68,9,1,1,1,0,1,1,1,1,1,1,-1,1,1,-1,-1,-1,-1,1,0,1,1,1,1,1,1,-1,1,1,1,1,1,1,1,,,,1,-1,1,1,1,1,1,1,1,1,1,,0,,,1,1,1,1,,1,1,0,,1,1,1,,,1,1,1,1,1,0,1,1,1,1,1,,1,-1,1,1,0,0,1,,,,,-1,1,,1,1,1,1,1,1,1,1,1,,,,,,,,,,,,,,,,,,,,,,,,,,,,,,,,,,,,,,,,,,,,,,,,,,,,,,,,,,,,,,,,,,,,,,,,,,
175,1,0,90,70,16,1,1,1,1,1,1,1,1,1,0,-1,1,-1,-1,-1,0,-1,1,1,1,1,1,1,-1,-1,-1,1,1,1,1,1,-1,1,,,,-1,1,1,1,1,1,1,1,1,1,1,,1,,,1,1,1,1,,1,1,1,,1,1,1,,,1,1,1,1,1,-1,0,-1,1,1,1,,1,1,1,1,1,-1,1,,,,,0,1,,1,1,1,,,,-1,1,-1,-1,1,1,1,1,1,1,1,1,,,,,,,,,,,,,,,,,,,,,,,,,,,,,,,,,,,,,,,,,,,,,,,,,,,,,,,,,,,,,,,,,
176,1,0,13,9,4,1,,1,-1,,,-1,-1,,,,,,,,,,,,,,,1,,,,,,1,,,,,,,,,,,1,,,,,,,,,,,,,,,,,,,1,,,,,,,,1,,,-1,,,,1,,,,,,,,,,,,,,,,,,1,,,,,,,,,,,,,,,,,,,,,,,,,,,,,,,,,,,,,,,,,,,,,,,,,,,,,,,,,,,,,,,,,,,,,,,,,,,,,,,,,,
178,1,2,63,33,14,1,1,,0,1,,,,0,-1,-1,,0,,-1,-1,-1,1,,0,,,,1,1,-1,-1,1,1,1,1,0,,,,,0,1,0,1,1,,,1,1,,0,,-1,,,1,,1,0,,1,0,,,1,1,,,,1,,1,1,,,1,0,0,,1,,-1,-1,1,0,-1,-1,1,,,,,,1,,1,1,,,,,0,,0,0,,,,,,1,-1,,-1,1,1,,,,,,,,,,,,,,,,,,,,,,,,,,,,,,,,,,,,,,,,,,,,,,,,,,,,,,,,,,,,,,
182,,0,1,1,0,1,,,,,,,,,,,,,,,,,,,,,,,,,,,,,,,,,,,,,,,,,,,,,,,,,,,,,,,,,,,,,,,,,,,,,,,,,,,,,,,,,,,,,,,,,,,,,,,,,,,,,,,,,,,,,,,,,,,,,,,,,,,,,,,,,,,,,,,,,,,,,,,,,,,,,,,,,,,,,,,,,,,,,,,,,,,,,
184,1,0,15,7,5,-1,,1,-1,1,,-1,,,,,,,,,1,,,,,,,,-1,,,,,,,,,,,,,,-1,,,,,,1,,,,,0,,,,,,1,,0,,,,,,,,,,,,,,,,1,,,,,,,0,,,,,,,,,,,,,,,,,,,1,,,,,,,,,,,,,,,,,,,,,,,,,,,,,,,,,,,,,,,,,,,,,,,,,,,,,,,,,,,,,,,,,,,,,,,,,,,
190,1,0,81,59,22,1,1,1,-1,1,1,-1,-1,-1,1,1,1,1,-1,1,1,-1,-1,1,1,1,1,1,-1,1,-1,1,1,1,1,1,1,1,,,,1,-1,1,1,-1,1,1,1,1,1,-1,,1,,,1,1,1,1,,1,1,1,,1,1,1,,,1,1,1,1,1,1,1,1,1,-1,1,,-1,-1,-1,1,-1,-1,1,,,,,-1,1,,1,1,-1,,,,-1,1,-1,,,,,,,,,,,,,,,,,,,,,,,,,,,,,,,,,,,,,,,,,,,,,,,,,,,,,,,,,,,,,,,,,,,,,,,,,,
191,1,0,32,24,4,1,,1,0,,,,,1,,,1,,-1,,,-1,1,1,,1,1,1,-1,,-1,1,,,1,,,,,,,,,,,,1,,,,,,,,,,,1,1,,,1,1,1,,,,1,,,,0,1,1,,,,,1,,,,,,,,0,,1,,,,,,,,,1,0,,,,1,,,,,,,,,,,,,,,,,,,,,,,,,,,,,,,,,,,,,,,,,,,,,,,,,,,,,,,,,,,,,,,,,,,,,,,,,,,,
194,1,0,81,55,15,1,-1,1,0,-1,1,0,-1,0,1,0,1,0,-1,-1,-1,-1,1,1,1,-1,1,0,-1,-1,-1,1,1,1,1,1,-1,1,,,,1,1,1,1,0,1,1,1,1,1,1,,0,,,1,1,1,1,,1,1,1,,1,1,1,,,1,1,1,1,1,0,1,1,0,1,1,,1,0,1,1,1,-1,1,,,,,-1,1,,1,1,-1,,,,1,1,1,,,,,,,,,,,,,,,,,,,,,,,,,,,,,,,,,,,,,,,,,,,,,,,,,,,,,,,,,,,,,,,,,,,,,,,,,,
195,1,0,19,13,2,1,,,,1,,,,,,,,,,,,,,,,,,,0,,,,1,,,,,,,,,,,,,,1,,,,,1,,0,,,,,1,1,,,,,,1,,,,,1,,,,,,,1,,1,0,,,,-1,,,1,,,,,,0,,,,,,,,,,1,-1,,,,,,,,,,,,,,,,,,,,,,,,,,,,,,,,,,,,,,,,,,,,,,,,,,,,,,,,,,,,,,,,,,,,,,,,,,
199,,0,2,1,0,1,,,,,,,,,,,,,,,,,,,,,,,,,,0,,,,,,,,,,,,,,,,,,,,,,,,,,,,,,,,,,,,,,,,,,,,,,,,,,,,,,,,,,,,,,,,,,,,,,,,,,,,,,,,,,,,,,,,,,,,,,,,,,,,,,,,,,,,,,,,,,,,,,,,,,,,,,,,,,,,,,,,,,,,,,,,,,,
200,1,0,47,35,4,1,1,,,,0,,,1,,,,,,,,,,,,,,1,,1,,1,1,,1,1,,,,,,,,,,1,,1,1,1,,,,-1,,,1,1,,1,,,1,,,,,,,,,,1,,,0,,,,,0,,1,,0,1,-1,,,,,,,,1,,,,0,,,,,,,1,1,,,1,,1,-1,,,,,,,,,,,1,,,1,,,,,1,1,,,,1,-1,,1,,1,,1,0,0,,1,1,,,,,,0,,,,,,,,,,,,,,,,,,,,,,,,
201,1,0,42,23,6,1,1,1,-1,,,1,1,-1,,,,1,,,1,,,1,,,1,1,,,-1,,1,1,0,1,,,,,,0,1,,,,0,,0,1,0,,,-1,,,1,,,,,0,1,,,0,,1,,,,0,,,,0,1,,,,1,,-1,1,0,0,0,1,,,,,,-1,1,,,,0,,,,,,,,,,,,,,,,,,,,,,,,,,,,,,,,,,,,,,,,,,,,,,,,,,,,,,,,,,,,,,,,,,,,,,,,,,,,,,,,
203,1,0,29,18,9,-1,,1,,1,1,-1,,,,1,,1,,-1,-1,,,1,,,,,,-1,-1,,,,,,,1,,,,,-1,,,1,,1,,,1,1,,0,,,,,,,,,,1,,,,1,,,1,1,,,,,,,,1,,,1,,-1,,0,,,,,,,,,,,1,,,,,,,-1,,,,,,,,,,,,,,,,,,,,,,,,,,,,,,,,,,,,,,,,,,,,,,,,,,,,,,,,,,,,,,,,,,,,,,,,,,
205,1,8,90,52,23,1,0,1,-1,1,1,-1,-1,1,-1,-1,0,-1,-1,-1,1,-1,1,1,0,0,1,1,-1,-1,-1,1,1,1,1,1,-1,1,,,,1,1,-1,1,1,0,0,0,-1,1,0,,1,,,1,1,1,1,,0,1,1,,0,0,1,,,-1,1,1,0,-1,1,1,1,1,0,-1,,1,-1,1,-1,-1,-1,0,,,,,-1,1,,1,1,0,,,,1,1,1,1,1,1,1,1,1,1,1,1,,,,,,,,,,,,,,,,,,,,,,,,,,,,,,,,,,,,,,,,,,,,,,,,,,,,,,,,,,,,,,,,,
207,1,0,51,21,25,1,1,,-1,1,,,-1,1,-1,,-1,,-1,,,-1,,,,-1,1,1,-1,-1,-1,1,,1,,1,-1,1,,,,,,-1,,-1,1,1,-1,-1,,,,0,,,,1,,-1,,0,-1,,,1,1,,,,-1,0,1,,,-1,1,,,-1,-1,,1,-1,1,0,,-1,,,,,,,1,,0,1,-1,,,,,,-1,,,,,,,,,,,,,,,,,,,,,,,,,,,,,,,,,,,,,,,,,,,,,,,,,,,,,,,,,,,,,,,,,,,,,,,,,,
208,0,0,50,28,18,1,,,-1,,1,,,1,1,,1,1,1,1,1,,-1,,1,,1,0,-1,,-1,1,,,-1,-1,,-1,,,,,,1,,1,,1,-1,-1,1,,,1,,,1,-1,0,,,,-1,1,,,1,1,,,,-1,1,1,,1,,,,,,,1,-1,,-1,-1,,0,,,,,,1,,0,1,-1,,,,-1,1,-1,,,,,,,,,,,,,,,,,,,,,,,,,,,,,,,,,,,,,,,,,,,,,,,,,,,,,,,,,,,,,,,,,,,,,,,,,,
213,1,0,88,67,20,1,1,1,-1,1,1,1,1,1,1,-1,1,1,-1,-1,1,-1,1,-1,1,1,1,1,1,-1,-1,-1,1,1,1,1,-1,1,,,,-1,1,1,1,1,1,1,1,1,1,1,,-1,,,-1,1,1,1,,1,1,-1,,1,1,1,,,1,1,1,1,1,1,1,1,-1,1,-1,,1,-1,1,1,1,1,1,,,,,-1,1,,1,1,0,,,,-1,1,-1,,1,1,1,1,1,1,1,,,,,,,,,,,,,,,,,,,,,,,,,,,,,,,,,,,,,,,,,,,,,,,,,,,,,,,,,,,,,,,,,,
214,1,0,62,30,6,0,1,1,1,1,1,,0,1,-1,,0,0,-1,-1,-1,,0,1,1,0,1,1,0,0,0,,,1,,,0,0,,,,0,0,-1,1,0,,1,1,,1,0,,,,,,1,,1,,,1,,,1,,0,,,0,1,1,1,1,0,,1,1,1,0,,1,-1,,,0,,,,,,,0,1,,,,,,,,0,0,0,,0,0,1,,,1,,,,,,,,,,,,,,,,,,,,,,,,,,,,,,,,,,,,,,,,,,,,,,,,,,,,,,,,,,,,,,,,,,,
216,0,0,72,33,36,1,1,-1,,,,,-1,-1,1,-1,-1,1,1,1,,-1,-1,1,1,-1,-1,-1,-1,1,-1,1,,-1,-1,1,,-1,,,,-1,-1,1,1,1,1,-1,,-1,,-1,,1,,,0,0,-1,-1,,-1,-1,1,,-1,1,1,,,-1,,-1,1,,,1,1,-1,1,1,,-1,-1,1,-1,-1,1,0,,,,,-1,,,1,1,-1,,,,-1,,,,,1,1,1,-1,1,1,,,,,,,,,,,,,,,,,,,,,,,,,,,,,,,,,,,,,,,,,,,,,,,,,,,,,,,,,,,,,,,,,,
218,1,0,87,54,10,1,1,1,-1,1,1,0,1,1,-1,1,1,1,-1,-1,-1,-1,1,1,1,-1,1,1,-1,0,0,1,1,0,1,1,0,1,,,,-1,0,-1,1,0,1,1,1,1,1,0,,1,,,1,1,1,0,,1,1,1,,1,1,1,,,1,1,0,1,0,1,1,0,0,0,1,,1,0,1,0,0,0,1,,,,,1,1,,0,1,0,,,,0,1,0,,1,,1,1,0,1,1,,,,,,,,,,,,,,,,,,,,,,,,,,,,,,,,,,,,,,,,,,,,,,,,,,,,,,,,,,,,,,,,,,
220,1,0,93,74,14,1,1,1,1,1,1,1,1,1,1,-1,1,1,-1,-1,-1,-1,1,0,1,1,1,1,1,1,-1,1,1,1,1,1,1,1,,,,1,-1,1,1,1,1,1,1,1,1,1,,0,,,1,1,1,1,,1,1,-1,,1,1,1,,,1,1,1,1,0,0,1,1,1,1,1,,1,-1,1,1,0,-1,1,,,,,-1,1,,1,1,1,,,,1,1,1,1,1,-1,1,1,1,1,-1,1,-1,1,1,,,,,,,,,,,,,,,,,,,,,,,,,,,,,,,,,,,,,,,,,,,,,,,,,,,,,,,,,,,,,,
224,1,0,43,29,8,1,,,,,,,1,1,,,1,,,-1,,-1,,,,1,,1,-1,,,1,,1,1,,-1,,,,,1,0,,1,1,,,,,1,,,0,,,1,1,,,,1,,,,,1,,,,-1,,,,,,1,,1,,,,1,1,0,-1,1,-1,0,,,,,1,,,1,1,0,,,,,0,,,,1,,1,1,-1,1,,,,,,,,,,,,,,,,,,,,,,,,,,,,,,,,,,,,,,,,,,,,,,,,,,,,,,,,,,,,,,,,,,
226,1,0,13,5,7,1,,,-1,,-1,,,,,,,,,-1,,,-1,,,,,,,,,1,,,,,,,,,,,,,1,,,,-1,,,,,,,,,,,,,,,,,,1,,,,1,,,,,,,,0,,,,,,,,,,,,,,,,,,,,,,,,,,-1,,,,,,,-1,,,,,,,,,,,,,,,,,,,,,,,,,,,,,,,,,,,,,,,,,,,,,,,,,,,,,,,,,,,,,,,,,,,
227,1,0,50,31,18,1,,,,1,1,-1,,1,-1,0,1,1,-1,,-1,,-1,-1,1,,1,1,,-1,-1,-1,,1,1,,1,1,,,,-1,,-1,,,1,,,1,,1,,,,,1,1,,1,,,,,,,1,-1,,,1,,,1,,1,,,-1,,,,1,,,1,1,,,,,,,-1,,,,,1,,,,,1,-1,-1,-1,-1,,1,1,1,,,,,,,,,,,,,,,,,,,,,,,,,,,,,,,,,,,,,,,,,,,,,,,,,,,,,,,,,,,,,,,,,,,
229,1,0,90,55,25,1,1,1,-1,1,1,-1,1,1,1,-1,1,1,-1,-1,-1,1,1,1,1,0,1,1,0,1,-1,1,1,1,1,1,-1,1,,,,1,-1,0,1,1,1,-1,-1,1,1,-1,,0,,,1,1,1,1,,1,0,1,,0,1,-1,,,1,0,-1,-1,1,1,1,1,1,-1,1,,1,-1,0,1,-1,1,-1,,,,,1,1,,0,1,0,,,,-1,1,-1,-1,1,1,1,-1,-1,1,-1,1,,,,,,,,,,,,,,,,,,,,,,,,,,,,,,,,,,,,,,,,,,,,,,,,,,,,,,,,,,,,,,,,,
231,1,0,60,31,16,1,1,,0,,1,-1,-1,,-1,-1,,-1,-1,-1,1,,1,1,1,1,0,1,-1,-1,-1,,1,,,1,,,,,,,1,1,1,-1,0,1,1,,0,0,,,,,,,1,1,,0,0,0,,1,,,,,,1,1,1,1,0,,1,0,,,,1,,,0,0,,-1,,,,,-1,1,,1,,-1,,,,-1,,,,1,0,,,1,1,-1,1,,,,,,,,,,,,,,,,,,,,,,,,,,,,,,,,,,,,,,,,,,,,,,,,,,,,,,,,,,,,,,,,,
235,0,1,69,31,38,-1,1,1,1,-1,1,-1,,-1,1,-1,,-1,,,1,1,-1,1,,-1,-1,-1,-1,1,-1,1,1,-1,-1,1,-1,,,,,-1,,1,1,,-1,-1,-1,,-1,,,,,,1,,-1,-1,,,,1,,,-1,,,,-1,1,-1,-1,,-1,1,1,-1,,1,,1,,-1,-1,-1,1,-1,,,,,-1,1,,1,-1,-1,,,,-1,1,-1,,1,1,1,1,,-1,,1,1,,,,,,,,,,,,,,,,,,,,,,,,,,,,,,,,,,,,,,,,,,,,,,,,,,,,,,,,,,,,,,,,
239,,0,6,5,0,1,,,,,,,,,,,,,,,,,,,,,,,,,,,,,,,,,,,,,,,,,,,1,,,,,,,,,,,,,,,,,,,,,,1,,,,,,,,,,0,,,,,1,,,,,,,,,1,,,,,,,,,,,,,,,,,,,,,,,,,,,,,,,,,,,,,,,,,,,,,,,,,,,,,,,,,,,,,,,,,,,,,,,,,,,,,,,,,,,,
249,1,0,27,23,1,1,,,,1,,,,,,,,,,,,,1,,1,,1,,,,,,,,1,,,1,,,,1,,,1,,1,,1,1,1,0,,,,,,,,1,,1,,,,,1,,,,,,,,,,,,,0,,,,1,,,,1,,,,,,,1,,,1,,,,,,1,,-1,,,,,,,,,0,1,1,,,,,,,,,,,,,,,,,,,,,,,,,,,,,,,,,,,,,,,,,,,,,,,,,,,,,,,,,,,,,,
252,1,25,153,106,18,1,1,1,0,0,1,0,0,-1,-1,0,1,0,-1,-1,-1,-1,0,1,0,1,1,1,-1,0,-1,1,1,1,1,1,0,1,,,,1,0,1,1,0,1,1,1,1,1,,,0,,,1,1,1,0,,1,1,1,,1,1,0,,,0,0,0,1,1,0,1,1,1,1,1,,1,-1,-1,1,-1,-1,1,,,,,-1,1,,0,1,-1,,,,0,1,0,-1,1,0,1,1,0,1,1,1,-1,1,1,,-1,1,1,1,1,1,1,1,1,1,1,1,1,1,0,1,1,1,1,1,1,1,1,1,1,1,1,1,1,1,1,1,1,1,1,1,1,1,1,1,1,-1,0,0,1,1,1,1,1,1,1,1,1,1,0,0,1,1,1,1,1
253,1,0,9,5,3,1,,,,,,,,,,,,,,,,,,,,,,,-1,,,,,,,,,,,,,,,,,,,,,,,,,,,,,,,,,1,,,,,,1,,,,,,,1,,,,,,,,,,,,,-1,,,,,,,,,,-1,,,,,,,,,0,,,,1,,,,,,,,,,,,,,,,,,,,,,,,,,,,,,,,,,,,,,,,,,,,,,,,,,,,,,,,,,,,,,,,,,,,
254,0,0,96,54,30,1,1,1,-1,1,1,-1,1,-1,1,-1,1,1,1,1,1,-1,-1,-1,1,-1,1,0,1,1,-1,1,1,1,-1,0,1,-1,,,,1,-1,1,1,-1,1,0,0,-1,1,,,0,,,1,1,-1,1,,,1,0,,1,-1,1,,,0,1,1,1,1,1,1,1,1,1,1,,1,1,0,-1,0,1,1,,,,,-1,1,,,,-1,,,,0,1,-1,-1,-1,-1,1,-1,-1,0,-1,1,1,1,1,,-1,-1,0,1,-1,-1,1,,,,,,,,,,,,,,,,,,,,,,,,,,,,,,,,,,,,,,,,,,,,,,,,,,,,,,
258,0,0,99,53,43,1,1,1,0,-1,1,1,-1,1,1,-1,1,-1,1,1,1,1,1,-1,1,-1,-1,-1,1,-1,-1,-1,1,-1,-1,1,-1,-1,,,,1,-1,1,1,-1,-1,-1,1,-1,1,,,-1,,,1,1,1,-1,,-1,-1,-1,,-1,1,-1,,,-1,1,-1,1,1,-1,1,1,1,0,1,,1,-1,-1,-1,1,1,-1,,,,,-1,1,,1,1,-1,,,,-1,1,1,1,1,1,-1,1,1,-1,1,-1,1,1,1,,-1,1,1,0,-1,1,-1,,,,,,,,,,,,,,,,,,,,,,,,,,,,,,,,,,,,,,,,,,,,,,,,,,,,,,
260,1,0,55,38,16,1,1,1,-1,,,1,-1,1,,1,1,,,,,-1,,,1,1,1,,1,,,-1,1,1,,1,-1,,,,,,-1,1,,,,,1,1,,,,-1,,,,,1,,,,1,-1,,,,,,,1,,,,1,,1,1,,,,,,,0,1,1,1,1,,,,,-1,1,,,1,1,,,,1,,-1,,-1,1,-1,1,1,,,-1,-1,,1,,-1,,1,,-1,1,1,,,,,,,,,,,,,,,,,,,,,,,,,,,,,,,,,,,,,,,,,,,,,,,,,,,,,,
261,0,0,99,42,55,1,1,-1,-1,-1,1,-1,-1,-1,1,-1,1,-1,1,1,1,1,-1,1,-1,-1,-1,-1,-1,1,-1,1,1,-1,-1,-1,1,-1,,,,-1,-1,1,1,-1,-1,-1,-1,-1,-1,,,1,,,1,-1,-1,1,,-1,-1,1,,1,-1,0,,,-1,1,-1,1,1,0,1,1,-1,-1,1,,1,-1,-1,-1,-1,1,-1,,,,,-1,1,,1,-1,-1,,,,-1,1,-1,1,1,-1,-1,1,-1,-1,1,-1,1,1,1,,-1,1,1,1,-1,-1,-1,,,,,,,,,,,,,,,,,,,,,,,,,,,,,,,,,,,,,,,,,,,,,,,,,,,,,,
264,1,0,31,18,13,1,-1,,-1,,,,,1,,,,1,,,,,,-1,1,,,,,-1,,-1,,,1,,,1,,,,,,-1,,,-1,,,,,,,,,,,,1,,,,,,,1,,1,,,1,,,,,,1,,,,,,-1,1,,,,-1,,,,,,,,,1,,-1,,,,,1,,-1,-1,,1,,,,,1,,-1,1,,,,,,,1,,,,,,,,,,,,,,,,,,,,,,,,,,,,,,,,,,,,,,,,,,,,,,,,,,,,,,,
266,1,0,98,73,20,1,1,1,-1,1,1,1,1,1,-1,-1,1,1,-1,-1,-1,-1,1,1,1,0,1,1,-1,,-1,1,1,1,1,-1,1,1,,,,1,1,1,1,-1,1,1,1,1,1,,,1,,,1,1,1,1,,1,1,1,,-1,1,1,,,1,1,1,1,-1,-1,1,1,1,1,1,,1,1,1,1,1,-1,1,,,,,-1,1,,0,1,0,,,,-1,1,-1,1,-1,0,1,1,1,1,1,1,-1,1,1,,0,1,1,1,1,1,1,,,,,,,,,,,,,,,,,,,,,,,,,,,,,,,,,,,,,,,,,,,,,,,,,,,,,,
268,1,0,99,71,16,1,1,1,1,1,-1,1,0,1,-1,1,1,1,-1,-1,-1,-1,0,1,1,0,1,1,-1,1,-1,1,1,1,1,1,1,1,,,,-1,-1,1,1,0,1,1,1,1,1,,,1,,,1,1,1,1,,1,1,1,,1,1,0,,,1,1,1,1,1,1,1,1,0,1,1,,1,1,0,1,1,-1,1,,,,,0,1,,1,1,1,,,,0,1,0,-1,-1,0,-1,1,1,1,1,-1,-1,1,1,,1,1,0,1,1,1,1,,,,,,,,,,,,,,,,,,,,,,,,,,,,,,,,,,,,,,,,,,,,,,,,,,,,,,
270,1,2,151,109,25,1,1,1,1,1,1,-1,1,1,-1,0,1,-1,-1,-1,-1,-1,1,1,0,1,1,1,-1,-1,-1,1,1,1,1,1,1,1,,,,1,1,0,1,1,1,1,1,1,1,,,1,,,1,1,1,0,,1,0,1,,1,1,1,,,1,1,1,1,1,1,1,1,1,1,1,,1,-1,-1,1,-1,-1,1,,,,,1,1,,1,1,0,,,,1,1,0,-1,-1,1,1,1,0,0,0,1,-1,1,1,,1,1,0,1,1,1,1,1,-1,1,1,1,1,0,1,1,1,1,1,-1,1,1,,1,1,1,1,1,1,-1,1,-1,1,1,1,1,1,1,1,1,0,-1,1,1,-1,0,1,0,1,1,0,0,1,1,1,-1,1,-1,1,1,
273,1,0,71,43,12,1,,1,,,1,0,-1,,,,1,1,-1,-1,1,-1,,-1,1,,1,1,,1,-1,-1,1,1,1,,,,,,,0,,0,1,-1,1,1,1,1,1,,,0,,,1,,1,1,,1,0,,,1,1,,,,1,1,1,1,,1,1,-1,,0,1,,-1,-1,,1,1,,1,,,,,0,,,1,1,0,,,,,1,0,,,0,0,1,0,1,1,-1,1,,,,,0,0,,0,1,0,,,,,,,,,,,,,,,,,,,,,,,,,,,,,,,,,,,,,,,,,,,,,,,,,,,,,,
280,1,0,78,62,15,1,1,-1,,1,1,-1,1,1,,1,1,1,-1,1,1,-1,-1,1,,1,1,1,1,-1,,1,1,1,1,,1,1,,,,-1,,1,1,,1,1,1,1,1,,,-1,,,1,,1,1,,1,,1,,,1,1,,,1,1,1,1,-1,1,1,1,,,1,,,1,-1,,1,-1,1,,,,,,,,1,1,-1,,,,0,1,,,1,1,1,1,1,1,-1,1,-1,1,,,,-1,1,1,1,1,,,,,,,,,,,,,,,,,,,,,,,,,,,,,,,,,,,,,,,,,,,,,,,,,,,,,,,
282,1,20,145,101,16,1,1,1,0,0,1,0,0,0,-1,1,1,0,-1,-1,-1,-1,0,1,0,1,1,1,-1,0,-1,1,1,1,1,1,0,1,,,,1,0,1,1,0,1,1,1,1,1,,,0,,,1,1,1,0,,1,1,1,,1,1,0,,,1,1,0,1,0,0,1,1,1,1,1,,1,-1,-1,1,0,-1,1,,,,,-1,1,,1,1,-1,,,,0,1,0,0,1,0,1,1,0,0,1,1,-1,1,1,,-1,1,1,1,1,1,1,1,1,1,1,1,1,1,0,1,1,1,1,-1,1,1,,1,1,1,1,1,1,1,1,1,1,1,1,1,1,1,1,1,1,-1,0,0,1,1,1,1,1,1,1,1,1,1,,,,,,,
284,1,0,113,75,21,1,1,1,0,1,1,0,-1,0,-1,-1,1,0,-1,-1,-1,-1,1,1,0,0,1,1,-1,-1,-1,1,1,1,1,1,-1,1,,,,-1,0,1,1,0,1,1,1,1,1,,,0,,,1,1,1,1,,1,1,1,,1,1,1,,,1,1,1,1,1,1,1,1,0,1,1,,1,0,0,1,0,-1,1,,,,,-1,1,,1,1,-1,,,,1,1,1,-1,0,-1,1,1,1,1,1,1,-1,1,1,,-1,1,1,1,1,1,1,1,0,1,1,-1,0,1,1,1,1,1,0,-1,,,,,,,,,,,,,,,,,,1,,,,,,,,,,,,,,,,,,,,,,,
287,1,0,77,53,9,0,1,1,1,1,0,0,1,,-1,1,,,-1,1,1,-1,,1,,,1,1,-1,-1,-1,1,1,1,,1,1,1,,,,,0,,1,1,1,1,1,1,,,,0,,,1,1,,1,,1,,1,,,,1,,,1,1,1,0,0,,,0,1,,1,,,,-1,1,,0,,,,,,1,1,,,1,1,,,,,,0,0,,,0,1,0,,,-1,1,1,1,,,1,1,,,1,1,1,,-1,1,1,0,0,1,1,,,1,,,,,,,,,,,,,,,,,,,,,,,,,,,,,,,,,,,,,,,,,,
288,0,0,112,22,90,-1,1,1,1,1,-1,1,-1,-1,-1,1,-1,-1,-1,-1,-1,-1,-1,-1,1,-1,-1,-1,-1,1,-1,-1,-1,1,-1,-1,-1,1,,,,-1,-1,-1,-1,-1,-1,-1,-1,-1,1,,,-1,,,-1,-1,-1,-1,,-1,-1,1,,-1,-1,-1,,,-1,-1,-1,-1,1,-1,-1,-1,-1,-1,-1,,-1,-1,-1,-1,-1,-1,1,,,,,-1,-1,,-1,-1,-1,,,,-1,-1,-1,-1,-1,-1,-1,1,-1,-1,-1,-1,-1,-1,1,,-1,-1,-1,-1,-1,-1,-1,-1,-1,-1,1,-1,1,1,-1,-1,1,1,1,-1,,,,,,,,,,,,,,,,,,,,,,,,,,,,,,,,,,,,,,,,,
297,1,0,41,31,6,1,,1,,1,,,,1,,,,1,-1,,,,1,-1,,,,,,,,,,,1,1,,,,,,,1,,1,,,,,1,,,,,,,,1,,,,,0,0,,1,,,,,1,1,1,1,1,,,,,,,,1,1,1,0,,-1,,,,,,1,,,,1,,,,,0,1,,1,,-1,,,-1,1,,,1,,,,,1,,,,,,-1,,,,,,1,,1,1,,,,,,,,,,,,,,,,,,,,,,,,,,,,,,,,,,,,,,,,,,,,
300,1,0,57,30,17,1,0,0,,,,-1,,,-1,1,,,-1,,-1,-1,,,-1,1,1,,1,,,-1,1,1,,1,,,,,,1,-1,1,1,,1,1,1,1,1,,,,,,,1,,1,,0,,,,,,,,,0,,,,-1,,1,1,,,-1,,1,0,,,-1,0,0,,,,,1,1,,,,,,,,,,-1,,0,0,,,,,,1,0,1,,,-1,1,,,,,1,-1,-1,1,-1,1,1,,,,,,,-1,,,,,,,,,,,,,,,,,,,,,,,,,,,,,,,,,,,,,,,,,
303,1,0,12,10,1,1,,,,,,,,,,,,,,,,,,-1,1,,,1,,,,,,,,,,,,,,,,,,,,,1,,1,,,,,,,,,,,,,,,,,,,,,,,,,,,,,,,,,,,,,,,,,,,,1,,,1,,,,,,,,,,1,,,,,,,,,,,,,,,,,,,,,,,1,,1,,,,0,,,,,,,,,,,,,,,,,,,,,,,,,,,,,,,,,,,,,,,,,,
307,1,0,145,92,22,1,1,1,0,1,1,0,1,1,-1,-1,1,1,-1,-1,0,-1,1,1,1,1,1,1,0,1,-1,1,1,1,1,1,1,1,,,,0,1,0,0,-1,1,0,1,1,1,,,1,,,1,1,0,1,,1,1,1,,1,1,1,,,0,1,1,1,1,0,-1,1,1,0,1,,1,-1,1,1,-1,-1,1,,,,,-1,1,,1,1,1,,,,0,1,1,0,1,0,0,1,0,-1,1,-1,0,1,1,,-1,1,0,-1,0,1,0,-1,-1,0,1,-1,1,1,0,1,1,1,1,-1,1,1,,1,1,1,1,1,1,1,1,0,1,1,1,1,1,0,1,1,1,-1,1,1,0,1,1,0,0,0,0,0,-1,1,,,,,,,
310,1,0,76,41,25,1,1,,,1,,-1,-1,0,-1,1,1,1,-1,-1,-1,,-1,,0,1,1,1,-1,,-1,,,1,,,,,,,,,0,1,1,-1,,1,,1,1,,,1,,,1,1,1,1,,1,1,,,1,1,,,,1,,,1,1,-1,0,,,0,1,,1,-1,,0,-1,-1,,,,,,0,1,,1,,0,,,,0,1,,1,,-1,,-1,-1,-1,-1,,-1,1,1,,,-1,1,,-1,,0,-1,-1,,,-1,,1,1,,1,1,1,,,,,,,,,,,,,,,,,,,,,,,,,,,,,,,,,,,,,,,,,,
315,1,0,25,18,7,1,,1,1,,,-1,,,,,,-1,,,,,,,,,,1,,-1,,,,,,,,,,,,,,,,,,,,,,,,,,,,,,1,,,,1,,,,,,,1,,,,,,,1,,,,,1,,,,,,,,,,,,,,,1,,,,,,1,-1,,1,,,,,,1,-1,,,1,,,1,,,,,,,-1,,,,1,,,1,1,,,-1,,,,,,,,,,,,,,,,,,,,,,,,,,,,,,,,,,,,,,,,,
317,,0,6,4,1,1,,,1,,,,,1,,,,,-1,,,,,,,,,,,,,,,,,,,,,,,,,,,,,,,,,,,,,,,,,,,,,,,,1,,,,,,,,,,,,,,,,,,,,,,,,,,,,,,,,,,,,,,,,,,,,,,,,,,,,,,,,,,,,,0,,,,,,,,,,,,,,,,,,,,,,,,,,,,,,,,,,,,,,,,,,,,,,,,,,,
327,1,0,86,52,20,1,1,1,0,1,1,-1,,1,-1,,,,-1,,-1,-1,0,1,-1,1,1,,-1,1,-1,,,,1,1,1,,,,,-1,1,0,1,0,1,1,1,1,1,,,,,,1,1,1,-1,,1,,1,,0,1,1,,,1,,1,1,,-1,1,1,1,0,1,,,1,,0,0,-1,1,,,,,1,1,,1,,,,,,,1,-1,-1,-1,0,1,1,-1,,,1,-1,1,,,-1,-1,0,1,0,1,,-1,0,1,0,1,1,1,,,1,1,0,,,,,,,,,,,,,,,,,,,,,,,,,,,,,,,,,,,,,,,,,,
329,1,0,112,79,26,1,1,1,1,1,1,1,-1,1,1,-1,1,1,-1,-1,-1,-1,-1,1,1,1,1,1,1,1,-1,1,1,1,1,1,1,-1,,,,0,1,1,1,1,1,1,1,1,1,,,-1,,,0,1,-1,1,,1,1,-1,,0,1,1,,,0,1,1,1,1,1,1,0,1,-1,0,,1,-1,1,0,1,1,1,,,,,1,1,,1,1,1,,,,-1,1,-1,1,-1,1,1,1,1,1,1,1,-1,1,1,,-1,1,1,1,-1,1,1,-1,1,-1,-1,1,1,1,1,1,-1,1,-1,-1,,,,,,,,,,,,,,,,,,,,,,,,,,,,,,,,,,,,,,,,,
333,1,0,112,79,32,1,1,-1,0,1,-1,1,1,-1,-1,1,1,1,-1,-1,1,-1,1,1,1,1,1,1,-1,-1,-1,1,1,1,1,1,1,1,,,,-1,1,1,1,-1,1,-1,1,1,1,,,1,,,1,1,1,-1,,1,1,1,,1,1,1,,,1,1,1,1,1,-1,1,1,-1,1,1,,-1,-1,-1,1,1,-1,1,,,,,1,1,,1,-1,1,,,,1,1,1,-1,1,-1,1,1,-1,1,-1,1,-1,1,1,,-1,1,1,1,1,1,1,-1,-1,1,1,1,-1,1,1,1,1,-1,1,-1,,,,,,,,,,,,,,,,,,,,,,,,,,,,,,,,,,,,,,,,,
338,1,0,95,62,23,0,1,1,0,1,,-1,-1,-1,-1,-1,,,-1,-1,-1,,,1,-1,0,1,1,-1,-1,-1,,,1,1,,0,1,,,,,-1,-1,1,1,1,1,1,1,1,,,-1,,,1,1,,1,,1,1,,,1,1,,,,1,1,1,1,1,,1,1,1,1,1,,1,-1,1,0,0,-1,1,,,,,-1,1,,1,1,-1,,,,1,1,1,-1,-1,1,1,1,0,-1,1,,0,1,0,,,1,1,,1,1,0,1,,1,1,-1,,1,1,1,1,1,1,,1,1,,,,,,,,,,,,,,,,,,,,,,,,,,,,,,,,,,,,,,,
340,1,5,139,70,12,1,1,1,0,1,1,1,1,1,-1,0,0,0,-1,-1,-1,-1,0,1,1,1,1,1,0,0,0,1,1,1,1,0,0,1,,,,0,0,0,1,1,1,1,1,1,1,,,1,,,0,1,1,0,,1,1,1,,1,0,0,,,1,0,0,0,0,0,1,1,1,0,0,,0,-1,1,1,0,-1,1,,,,,1,1,,0,0,0,,,,0,0,-1,1,0,0,1,1,0,0,0,0,-1,0,0,,1,0,0,0,0,1,1,1,0,1,0,1,1,1,1,1,1,1,0,-1,1,0,,1,1,1,1,1,1,-1,1,0,1,0,1,1,0,0,1,0,0,-1,1,1,0,0,0,0,,,,,,,,,,,,,
342,1,0,12,7,5,1,,,,,,,,,-1,,,,,-1,,,,,,,,,,,,,,,,,-1,,,,,,,,,,,,,,,,,,,,,,,,,,,,,,,,,,,,,,,,,,,,,,,,,,,,1,,,,,,,,,,,,,,,,-1,,,,,,-1,,,,,,1,,,,,,,,,,,1,,,,,,1,1,,,,,,,1,,,,,,,,,,,,,,,,,,,,,,,,,,,,,,,,,,,,,
347,1,0,76,23,10,1,,0,,,,-1,0,,0,,,,-1,,0,-1,,,1,1,0,,,,,,0,1,0,0,,1,,,,0,0,,0,1,1,0,0,,1,,,0,,,1,,0,,,-1,,-1,,-1,0,1,,,1,0,0,,,,1,0,,1,,,0,0,,0,0,-1,0,,,,,1,0,,,0,1,,,,0,1,,-1,,,0,,0,,,,,0,1,,-1,,,0,0,0,0,1,0,0,0,,1,,0,-1,,1,,,0,,,0,0,,1,1,,0,1,0,,,,,,,,,,,,,,,,,,,,,,,,,,,,,
352,1,0,136,72,56,1,1,1,1,-1,1,-1,1,1,-1,-1,-1,1,1,-1,-1,-1,1,-1,1,-1,1,1,1,0,-1,-1,1,1,1,1,1,1,,,,-1,1,1,1,1,-1,1,1,-1,-1,,,-1,,,0,1,1,-1,,-1,1,-1,,0,1,-1,,,-1,1,-1,1,1,-1,1,1,1,0,1,,1,-1,1,1,-1,0,-1,,,,,1,1,,1,1,-1,,,,-1,1,-1,1,-1,-1,1,1,-1,1,-1,1,-1,1,1,,-1,-1,1,1,0,-1,-1,-1,1,-1,-1,-1,1,1,-1,1,1,0,-1,-1,1,-1,,1,-1,1,1,1,-1,1,1,1,-1,1,-1,0,-1,1,-1,1,-1,1,1,-1,-1,,,,,,,,,,,,,,,,
360,1,0,22,9,8,1,,,-1,,,0,,,,-1,,,,-1,,,,,,,,,,1,,,,,0,1,,,,,,,,,-1,,1,,,,,,,,,,,,,,,,,,,,,1,,,0,-1,,,1,,,,,,1,,,,,,,,,,,,,,,,,,,,,,,,,,,,,,,,,,,,,,,,,,-1,,0,,,,,,,,,,,,,,,,,1,0,,,,,,,-1,,,,,,,,,,,-1,,,,,1,,,,,,,,,,,,,
365,1,4,149,83,43,0,1,1,-1,1,1,-1,1,-1,1,-1,1,-1,-1,-1,-1,-1,1,-1,1,1,0,1,1,-1,-1,1,1,1,1,1,0,-1,,,,1,1,1,1,1,0,1,1,1,0,,,0,,,1,1,1,1,,0,0,0,,1,0,1,,,1,1,1,1,0,1,1,1,1,-1,1,,1,-1,0,-1,-1,0,-1,,,,,-1,0,,0,1,1,,,,1,1,1,1,0,1,1,1,1,1,-1,1,0,1,1,,-1,1,0,-1,-1,1,1,-1,-1,1,-1,-1,-1,0,1,1,1,1,1,-1,1,1,,0,-1,1,1,1,-1,-1,1,-1,1,0,1,1,1,1,-1,1,1,1,-1,-1,-1,-1,-1,1,0,-1,-1,-1,-1,0,1,1,1,1,,,
371,1,0,145,111,24,1,1,1,0,1,1,-1,1,1,1,-1,1,0,-1,-1,-1,-1,1,1,1,-1,1,1,-1,-1,-1,1,1,1,1,1,1,1,,,,1,1,1,1,1,1,1,1,1,1,,,1,,,1,1,1,1,,1,1,1,,1,1,1,,,1,1,1,1,1,0,1,1,0,1,1,,1,-1,1,1,-1,-1,1,,,,,1,1,,1,1,-1,,,,1,1,1,-1,0,1,1,1,1,1,1,1,-1,1,1,,1,1,0,1,0,1,1,-1,-1,1,1,1,1,1,1,1,1,1,1,-1,1,1,,1,1,1,0,1,1,1,1,-1,1,1,1,1,-1,1,1,1,1,-1,1,1,-1,1,1,-1,0,1,1,0,1,1,,,,,,,
386,1,0,152,92,30,1,1,1,0,-1,1,0,1,1,-1,-1,1,1,-1,-1,-1,-1,0,1,0,1,1,1,0,0,-1,1,1,1,1,1,1,1,,,,1,1,0,0,0,1,1,1,1,1,,,0,,,1,1,1,0,,0,0,0,,1,0,1,,,1,1,1,1,1,0,0,0,1,0,1,,1,-1,1,-1,-1,-1,1,,,,,-1,1,,0,1,1,,,,1,1,1,0,1,-1,1,1,0,1,1,-1,0,1,1,,-1,0,0,-1,-1,1,1,-1,-1,-1,1,-1,1,1,1,1,1,1,1,-1,1,1,,1,1,1,1,1,1,1,1,-1,1,1,1,1,1,-1,1,1,1,-1,1,0,0,1,1,0,0,1,0,-1,-1,1,1,1,1,-1,1,1,-1
413,1,0,40,40,0,1,,,,,,,,1,,1,,1,,1,,,,,,,,,,,,,,,,,1,1,,,,1,,,,,,1,,,,,,1,,,1,,1,,,1,,,,,,,,,1,,1,1,,1,,,,,,,1,,1,,1,,1,,,,,,,,1,1,1,,,,,1,,,,,1,,,,,,,1,,,,,,,,,,1,1,,,,,,,,,,,,,,,,,1,,,1,,1,,,,1,,,,,,,,,1,1,,1,,1,1,,,,,,,1,,1,,
11,1,0,7,4,1,,1,,,,,,,,,,,,-1,,0,0,1,1,,1,,,,,,,,,,,,,,,,,,,,,,,,,,,,,,,,,,,,,,,,,,,,,,,,,,,,,,,,,,,,,,,,,,,,,,,,,,,,,,,,,,,,,,,,,,,,,,,,,,,,,,,,,,,,,,,,,,,,,,,,,,,,,,,,,,,,,,,,,,,,,,,,,,,,,,,,,
13,,0,1,1,0,,1,,,,,,,,,,,,,,,,,,,,,,,,,,,,,,,,,,,,,,,,,,,,,,,,,,,,,,,,,,,,,,,,,,,,,,,,,,,,,,,,,,,,,,,,,,,,,,,,,,,,,,,,,,,,,,,,,,,,,,,,,,,,,,,,,,,,,,,,,,,,,,,,,,,,,,,,,,,,,,,,,,,,,,,,,,,,
26,1,0,22,13,9,,1,,,1,,-1,-1,-1,-1,-1,,1,,-1,,,1,-1,,,1,,1,,-1,-1,1,,1,1,1,,,,,1,1,1,,,,,,,,,,,,,,,,,,,,,,,,,,,,,,,,,,,,,,,,,,,,,,,,,,,,,,,,,,,,,,,,,,,,,,,,,,,,,,,,,,,,,,,,,,,,,,,,,,,,,,,,,,,,,,,,,,,,,,,,,,,,,,,,,,,,,,,
33,1,0,20,10,4,,1,1,0,-1,1,,,,1,-1,1,1,-1,,,-1,0,0,1,0,1,,1,,,,,,,0,,,,,,,0,,,1,,,,,,,,,,,,,,,,,,,,,,,,,,,,,,,,,,,,,,,,,,,,,,,,,,,,,,,,,,,,,,,,,,,,,,,,,,,,,,,,,,,,,,,,,,,,,,,,,,,,,,,,,,,,,,,,,,,,,,,,,,,,,,,,,,,,,
49,1,1,30,19,8,,1,1,,1,1,-1,,,-1,-1,,,-1,-1,,,1,1,,1,1,1,,-1,-1,1,,1,0,0,-1,,,,,,1,1,1,,1,1,1,,1,0,,1,,,,,,,,,,,,,,,,,,,,,,,,,,,,,,,,,,,,,,,,,,,,,,,,,,,,,,,,,,,,,,,,,,,,,,,,,,,,,,,,,,,,,,,,,,,,,,,,,,,,,,,,,,,,,,,,,,,,,,,,,,,,,
53,1,0,38,12,16,,0,1,-1,,,-1,-1,-1,,-1,,1,-1,-1,0,,,-1,-1,1,1,0,1,-1,-1,,1,1,,1,,,,,,,,-1,,,0,,0,0,0,0,,-1,,,1,-1,1,0,,,,,,,,,,,1,0,,1,-1,,,-1,,,,,,,,,,,,,,,,,,,,,,,,,,,,,,,,,,,,,,,,,,,,,,,,,,,,,,,,,,,,,,,,,,,,,,,,,,,,,,,,,,,,,,,,,,,,,,,,,,,,,
73,1,0,33,22,6,,1,1,0,1,1,,1,1,,-1,1,,-1,-1,,-1,0,1,1,1,,1,-1,,,1,1,,,,,,,,,0,1,,,,,,1,,1,,,1,,,,1,,0,,0,,1,,,,1,,,,,,,,,1,,,,,-1,1,,,,,,,,,,,,,,,,,,,,,,,,,,,,,,,,,,,,,,,,,,,,,,,,,,,,,,,,,,,,,,,,,,,,,,,,,,,,,,,,,,,,,,,,,,,,,,,,
99,1,0,20,15,5,,1,1,,,1,,,,,,1,,,,-1,,,-1,1,,,1,,,,-1,1,,,,,-1,,,,1,1,,1,,,1,,,1,,,,,,,,,1,,,1,,,,,,,,-1,,,,,,,,,,,,,,,1,,,,,,,,,,,,,,,,,,,,,,,,,,,,,,,,,,,,,,,,,,,,,,,,,,,,,,,,,,,,,,,,,,,,,,,,,,,,,,,,,,,,,,,,,,,,,
106,1,0,18,7,6,,1,,,,,,-1,1,-1,,1,,,,,,,,,,,,,,,,-1,,0,,,,,,,,,1,,,,,,,,,,,,,,,,,,0,,,,,-1,-1,,,,0,0,,1,1,,-1,,0,,,1,,,,,,,,,,,,,,,,,,,,,,,,,,,,,,,,,,,,,,,,,,,,,,,,,,,,,,,,,,,,,,,,,,,,,,,,,,,,,,,,,,,,,,,,,,,,,,,,
110,1,0,59,31,20,,1,-1,0,,1,,-1,1,1,-1,1,1,-1,-1,-1,-1,,-1,-1,1,1,1,0,1,-1,,1,1,,1,1,-1,,,,0,-1,,1,0,1,1,,1,1,-1,,,,,-1,1,1,1,,-1,-1,-1,,1,1,0,,,1,,,0,0,1,,1,1,-1,1,,,-1,,,,-1,1,,,,,0,1,,,,,,,,,,,,,,,,,,,,,,,,,,,,,,,,,,,,,,,,,,,,,,,,,,,,,,,,,,,,,,,,,,,,,,,,,,,,,,,,,,,,
114,1,0,28,20,3,,1,1,,,,1,1,,,,1,,,,1,,,,0,,,,0,,-1,,,,,,1,1,,,,,,-1,,,1,,,,1,0,,,,,1,,,1,,,1,,,1,,1,,,,,,,1,,,1,,0,0,,1,,,,,-1,,,,,,,1,,1,,,,,,,,,,,,,,,,,,,,,,,,,,,,,,,,,,,,,,,,,,,,,,,,,,,,,,,,,,,,,,,,,,,,,,,,,,,,,,,,,,
119,1,0,19,9,1,,1,,,,0,,,,,,,1,,,,,,0,1,,,1,,-1,,,,,,,,0,,,,,1,,,,,,,0,0,,,0,,,,1,,,,,,0,,,,1,,,,,,1,1,,,,,,,,,,,,0,,0,,,,,,,,,,,,,,,,,,,,,,,,,,,,,,,,,,,,,,,,,,,,,,,,,,,,,,,,,,,,,,,,,,,,,,,,,,,,,,,,,,,,,,,,,,
137,1,0,28,20,6,,1,1,1,1,1,-1,-1,1,,-1,1,,,-1,1,,,,1,,,,,1,-1,,1,,,,,,,,,1,,,,-1,,0,,,1,,,,,,,,,1,,,,1,,1,,,,,,,,,,0,1,,,,,,1,,1,,,,,,,,,,1,,,,,,,,,,,,,,,,,,,,,,,,,,,,,,,,,,,,,,,,,,,,,,,,,,,,,,,,,,,,,,,,,,,,,,,,,,,,,,,,,,,,
144,1,0,12,9,2,,1,,,1,,,,,,0,,,,,,,,,,,,1,-1,,,,,,,,,,,,,,1,,,,,,,,,,,,,,1,,,,,,,,,,,,,,,,,,,,1,,,,,,,,-1,1,,,1,,,,,,,,,,1,,,,,,,,,,,,,,,,,,,,,,,,,,,,,,,,,,,,,,,,,,,,,,,,,,,,,,,,,,,,,,,,,,,,,,,,,,,,,,,,
150,1,0,19,12,7,,1,,,,,,,,-1,,,,,,-1,,,,,,,,-1,,,1,,1,1,,,,,,,,-1,,,-1,,,,,,,,,,,1,,1,1,,1,,,,1,,,,,-1,,,,,,,1,,,,,,-1,,1,,,,,,,,,,,1,,,,,,,,,,,,,,,,,,,,,,,,,,,,,,,,,,,,,,,,,,,,,,,,,,,,,,,,,,,,,,,,,,,,,,,,,,,,,,,,,,
159,1,0,27,20,4,,1,1,,1,,,,,0,,,,,,1,,-1,-1,1,,1,,1,,-1,1,,,,,,,,,,1,,1,1,,1,1,,1,,,,0,,,,,,,,,1,,,1,1,,,,,1,1,1,,,,,,,,,0,,-1,,,,,,,,,,,,,,,,,,,,,,,,,,,,,,,,,,,,,,,,,,,,,,,,,,,,,,,,,,,,,,,,,,,,,,,,,,,,,,,,,,,,,,,,,,,,,,
161,1,0,11,9,2,,1,,,,,,,,,,,,,,1,,,,,1,,,,,,,,,1,,-1,,,,,,,,,,,,,,,,,,,,,,1,1,,,,,,,,1,,,,,,,,,,,,1,,,,,,,,,-1,,,,,,,,1,,,,,,,,,,,,,,,,,,,,,,,,,,,,,,,,,,,,,,,,,,,,,,,,,,,,,,,,,,,,,,,,,,,,,,,,,,,,,,,,,,
188,1,0,30,18,4,,1,,,,-1,,0,1,,,,,,,,,,,,,,1,,,-1,,1,,1,1,,1,,,,,,,1,,,,,1,1,0,,,,,1,,1,,,,,,,1,,0,,,0,0,,1,,,1,,0,,1,,,,0,1,,,1,,,,,,,,0,,-1,,,,,,-1,,,,,,,,,,,,,,,,,,,,,,,,,,,,,,,,,,,,,,,,,,,,,,,,,,,,,,,,,,,,,,,,,,,,,,,,,,
196,1,0,17,10,5,,1,,-1,,,,,,1,,,,,1,,,-1,1,,,,,,,-1,,1,,,,,,,,,1,,,1,1,,,,,,,,,,,,,,0,,,,,,,,1,,,,,,1,,,,,,,,,,-1,-1,,0,,,,,,,,,,,,,,,,,,,,,,,,,,,,,,,,,,,,,,,,,,,,,,,,,,,,,,,,,,,,,,,,,,,,,,,,,,,,,,,,,,,,,,,,,,,,
212,1,0,8,6,1,,1,,,,,-1,,,1,,,,,,,,,,,,,,,,,,,,,,,,,,,,,,,,,,,,,0,,,,,,,,,,,,1,,,,,,,,,,,,,,1,,1,,,,,,,,,,,,,,,,,,,,,,,,1,,,,,,,,,,,,,,,,,,,,,,,,,,,,,,,,,,,,,,,,,,,,,,,,,,,,,,,,,,,,,,,,,,,,,,,,,,,
215,1,0,9,7,1,,1,,,,,,,,,1,1,,,-1,,,1,,,,,,,,,,,1,,,,,,,,,,,,,,,,,,,,,,,,,,,,,,,,,,,,,,,,0,,,,1,,,,,,,,,,,1,,,,,,,,,,,,,,,,,,,,,,,,,,,,,,,,,,,,,,,,,,,,,,,,,,,,,,,,,,,,,,,,,,,,,,,,,,,,,,,,,,,,,,,,,,
222,1,0,31,15,12,,1,,,,1,-1,,,,-1,,,-1,,,,,1,,,,,,0,-1,1,-1,,1,,-1,,,,,,,,,,1,,,,,,,1,,,,1,,,,1,,1,,1,,0,,,,,,,,-1,,,,,1,,,-1,-1,,,,-1,,,,,0,1,,,,,,,,,,0,,-1,1,1,,,,-1,,,,,,,,,,,,,,,,,,,,,,,,,,,,,,,,,,,,,,,,,,,,,,,,,,,,,,,,,,,,,,,,,,
225,1,0,46,24,14,,1,,,0,1,-1,-1,1,-1,-1,,-1,,-1,,,0,,,,1,1,-1,,-1,1,,,,,,,,,,,0,1,,,0,0,,1,,,,1,,,1,,-1,,,,1,1,,,1,0,,,,-1,,1,,,,,0,-1,,,,-1,0,-1,,-1,1,,,,,,1,,,1,1,,,,1,,,,,1,1,1,1,1,,,,,,,,,,,,,,,,,,,,,,,,,,,,,,,,,,,,,,,,,,,,,,,,,,,,,,,,,,,,,,,,,,,
233,1,0,14,6,5,,1,,,,,,,,,,,,,,,-1,,,,,,,,-1,,-1,,,1,,,,,,,,,,,,,,1,,,0,,0,,,-1,,,,,,,,,,,0,,,,,,1,,,,,,,,,1,,,-1,,,,,,,,,,,,,,,,,,,,,,,1,,,,,,,,,,,,,,,,,,,,,,,,,,,,,,,,,,,,,,,,,,,,,,,,,,,,,,,,,,,,,,,,,,,,,,
237,1,0,14,7,5,,1,,,,,,-1,,,-1,,,,,,,,,,,,,,,,-1,,,,,,,,,,,,,,,,,,,,,,,,,,,,,,,0,,,,,1,,,,,,,,,,,,0,1,,1,,,,-1,,,,,,,,,,1,,,,,,,,-1,,,1,,,,,1,,,,,,,,,,,,,,,,,,,,,,,,,,,,,,,,,,,,,,,,,,,,,,,,,,,,,,,,,,,,,,,,,,
246,,0,6,4,1,,1,,,,,,,,,,,,,,,,,,,,,,,,,,,,,,,,,,,,1,,,,,1,1,,,,,,,,,,,,,,,,,,,,,,,,,,,,,,,,,,,,,,,,,,,,,,,,,,-1,,,,,,,,0,,,,,,,,,,,,,,,,,,,,,,,,,,,,,,,,,,,,,,,,,,,,,,,,,,,,,,,,,,,,,,,,,,,,,,,,
248,0,0,54,18,24,,1,-1,,,,-1,,-1,,-1,1,1,0,1,-1,-1,,,,,0,,-1,1,,1,-1,0,,1,,,,,,,-1,-1,,-1,-1,,-1,-1,0,,,0,,,,,,,,-1,,1,,0,,1,,,0,-1,1,0,0,-1,,1,,,1,,1,,-1,-1,-1,0,-1,,,,,1,0,,0,,,,,,-1,1,,,,,1,,,1,-1,,-1,,1,,,,,,,,,,,,,,,,,,,,,,,,,,,,,,,,,,,,,,,,,,,,,,,,,,,,,,,,,,,,,,
259,1,0,49,27,10,,1,,,,,1,,,,-1,,,-1,,,-1,-1,,,1,,,-1,1,,1,,,,1,1,-1,,,,0,0,1,1,,,,1,,1,,,,,,0,,1,1,,1,,1,,0,1,0,,,,1,,,1,-1,1,,,,1,,0,,,0,,,0,,,,,-1,,,,,,,,,,1,-1,1,,,1,,0,0,,1,0,,,,-1,,1,,0,1,1,,,,,,,,,,,,,,,,,,,,,,,,,,,,,,,,,,,,,,,,,,,,,,,,,,,,,,
262,1,0,55,31,9,,1,0,,,1,0,0,1,-1,0,1,,-1,-1,,,,,,,,1,0,,-1,1,1,1,,1,,1,,,,,0,,0,1,,1,1,,,,,0,,,1,,1,1,,1,,0,,1,1,,,,1,1,,1,0,,,,0,,1,,1,,,1,,-1,,,,,,,1,,,,,,,,1,1,,,,,-1,,,-1,,,-1,0,0,,-1,,0,1,1,1,0,,,,,,,,,,,,,,,,,,,,,,,,,,,,,,,,,,,,,,,,,,,,,,,,,,,,,,
277,1,0,28,16,11,,1,,,-1,-1,-1,,,,1,1,1,,-1,,,,,,,,,,-1,,,,,,,,1,,,,-1,-1,,,1,,,,1,1,,,,,,1,,,1,,,,1,,1,,,,,,,,,,,,,-1,,,,,-1,,,,,,,,,,,,,-1,,,,,,,1,1,,,0,-1,1,,,1,,,,,,,,,,,,,,,,,,,,,,,,,,,,,,,,,,,,,,,,,,,,,,,,,,,,,,,,,,,,,,,,,,
285,1,0,36,25,8,,1,1,,,,0,,,,,,,,,,,,,1,,1,,,,,,,,,,,-1,,,,1,,,,,1,,-1,1,,,,1,,,,,1,0,,,,,,,,1,,,,1,1,,1,,,,,,1,,1,1,,,-1,,,,,,,,1,,,1,,,,,,,-1,,,1,,,,,,1,1,,,,,1,,,,1,0,,,-1,,,,1,-1,-1,1,,,-1,,,,,,,,,,,,,,,,,,,,,,,,,,,,,,,,,,,,,,,,,
299,,0,3,2,1,,1,,,,,,,,,,,,,,-1,,,,,,,,,,,,,,,,,,,,,,,,,,,,,,,,,,,,,,,,,,,,,,,,,,,,,,,,,,,,,,,,,,,,,,,,,,,,,,,,,,,,,,,,,,,,,,,,,,,,,,,,1,,,,,,,,,,,,,,,,,,,,,,,,,,,,,,,,,,,,,,,,,,,,,,,,,,,,,,
302,1,0,38,28,3,,1,1,,,1,,1,,-1,,1,,,-1,,-1,,1,,,,,,,,,,1,,0,,,,,,,,,0,,1,1,,1,,,,,,,1,1,1,,,,,,,,,,,,0,,1,1,1,0,,,,0,1,,1,,,,,,1,,,,,1,,,,,,,,,,,,,,,,,,,,,1,,1,,0,,,,1,1,1,,,,,1,,1,,,1,,0,,,,,,,,,,,,,,,,,,,,,,,,,,,,,,,,,,,,,,,,,,
313,1,0,74,53,19,,1,,1,,1,1,1,-1,1,-1,1,1,,,,-1,,1,,1,1,1,,,,1,1,1,1,,1,1,,,,-1,1,1,,-1,1,,1,1,1,,,1,,,1,,,1,,1,1,,,1,1,-1,,,1,1,,1,1,1,1,1,-1,0,1,,,-1,1,1,,,1,,,,,0,-1,,1,,,,,,,1,,-1,1,-1,,,-1,1,-1,1,,,,,-1,-1,1,,-1,1,,-1,,,1,-1,1,1,,,1,,-1,,,,,,,,,,,,,,,,,,,,,,,,,,,,,,,,,,,,,,,,,,
325,0,0,25,8,12,,1,,,,,,,-1,1,-1,,,1,,,,,,,,,-1,,1,,,,,-1,,,,,,,,-1,,,,,,,,-1,,,,,,0,,-1,,,,,,,,,,,,-1,-1,,,,0,,,-1,,1,,,,,,,,,,,,,,,,,,,,,,,-1,,,,,1,,0,,,1,,,1,,,,0,,,,,,,,,,0,,,,,,,-1,,,,,,,,,,,,,,,,,,,,,,,,,,,,,,,,,,,,,,,,,
328,,0,1,1,0,,1,,,,,,,,,,,,,,,,,,,,,,,,,,,,,,,,,,,,,,,,,,,,,,,,,,,,,,,,,,,,,,,,,,,,,,,,,,,,,,,,,,,,,,,,,,,,,,,,,,,,,,,,,,,,,,,,,,,,,,,,,,,,,,,,,,,,,,,,,,,,,,,,,,,,,,,,,,,,,,,,,,,,,,,,,,,,
343,1,0,18,14,3,,1,,,,1,,,,,,,,,,,,,-1,,,1,1,,,,,,1,,1,,,,,,,,,,,,1,,,,,,,,,,,1,,,,,,,,,,,,,,,,1,,,,-1,,,,1,,,,0,,,,,,,,,,,,,,,,,,,,,,1,,,,,,,,,,,,,,,,1,-1,,,,,,,,,,,,,,1,,1,,,,,,,,,,,,,,,,,,,,,,,,,,,,,,,,,,,,,
344,1,0,29,23,4,,1,,,,,1,,,,-1,,,,,0,,1,1,,,,,,,,1,,1,,,1,1,,,,1,-1,-1,0,,1,,,,,,,,,,,,1,,,1,,1,,,,,,,,,,,,-1,,1,,,1,,,,,,1,,1,,,,,,1,,,,,,,,,,,,,,,,,,,,,,,,,,1,,,1,1,,,,,,1,,,,,1,,,,,,,,,,,,,,,,,,,,,,,,,,,,,,,,,,,,,,,,,,,
345,1,0,26,22,3,,1,,1,,1,,1,1,,,,,,,-1,,,,,1,,,,,,,,,,,,1,,,,,,,,-1,,1,,,,,,1,,,,,,,,,0,,,1,,,,,,,1,,1,,,,,,,,,1,,,,,,,,,,,,,,1,,,,,,,,,,1,,,,,,,,1,1,,,,,,-1,,,,,,1,,1,,,1,,1,,,,,,,,,,,1,,,,,,,,,,,,,,,,,,,,,,,,,,,,,,,,
354,1,0,16,12,2,,1,1,,,,,,,,,,,,,,,,,,,,,,,,,0,,,-1,,,,,,,,,,,,,1,,,,,,,,1,,,,,,,,,,1,,,,0,,,,,,,,,,,,,,,,,1,,,,,,,1,,,,,,,,,,,,,,,,,1,,,,,,,,,,,,,,,-1,,,,1,,,,,,,,1,1,,1,,,,,,,,,,,,,,,,,,,,,,,,,,,,,,,,,,,,,
361,1,0,44,24,7,,1,,,,,,,-1,,-1,,,-1,,0,,,,,,,1,,-1,,,1,,,,,,,,,,,1,0,,,1,,1,,,,0,,,1,1,1,1,,,,,,,,,,,,0,,1,,0,1,1,,,,,,0,,,0,,,,,,,-1,,,,,,,,,,,,,1,,,1,,0,1,,,1,,,,,,1,,,1,,-1,,0,-1,1,,1,0,,,,,,,,,,1,1,,,,,,,,,,0,,,,,,0,,,1,0,,,,,,,,,,,,,,
380,1,0,34,18,10,,1,,,,,,,,,,,,,,,,-1,-1,-1,,,,0,,,,1,,,,,,,,,,,,-1,,1,,,,,,,,,,1,,1,1,,0,,,,,,,,,,,,,,,,,0,1,,,,-1,,1,,,,,,,,,,,,,,,,,1,,,,,,,,-1,,,1,,,,,,-1,,-1,,,1,,1,,,,,,,,1,0,,,,,,,,,,,1,0,1,-1,1,1,,,,,,,-1,,,,,,1,,0,,,,,,,,,,,,
381,,0,1,0,0,,0,,,,,,,,,,,,,,,,,,,,,,,,,,,,,,,,,,,,,,,,,,,,,,,,,,,,,,,,,,,,,,,,,,,,,,,,,,,,,,,,,,,,,,,,,,,,,,,,,,,,,,,,,,,,,,,,,,,,,,,,,,,,,,,,,,,,,,,,,,,,,,,,,,,,,,,,,,,,,,,,,,,,,,,,,,,,
437,1,0,29,8,2,,0,,0,,,,,0,,,0,,,,,,,1,,,,,-1,,,1,0,,,,,,,,,,,,,,,,,1,,,,,,,,,-1,,,,,,,,,,,,,,,,,,,,,,,,,,0,0,,,,,,,,,,,,,,,,,,,,,,,,,,,,,0,,,,,,,0,0,,,,,0,,,,1,,,,0,,,1,,,,,,,,,,,,,,,0,,,0,,0,,0,,,,,,,,,,,0,,1,,0,1,1,0
15,,0,1,1,0,,,1,,,,,,,,,,,,,,,,,,,,,,,,,,,,,,,,,,,,,,,,,,,,,,,,,,,,,,,,,,,,,,,,,,,,,,,,,,,,,,,,,,,,,,,,,,,,,,,,,,,,,,,,,,,,,,,,,,,,,,,,,,,,,,,,,,,,,,,,,,,,,,,,,,,,,,,,,,,,,,,,,,,,,,,,,,,
24,,0,1,1,0,,,1,,,,,,,,,,,,,,,,,,,,,,,,,,,,,,,,,,,,,,,,,,,,,,,,,,,,,,,,,,,,,,,,,,,,,,,,,,,,,,,,,,,,,,,,,,,,,,,,,,,,,,,,,,,,,,,,,,,,,,,,,,,,,,,,,,,,,,,,,,,,,,,,,,,,,,,,,,,,,,,,,,,,,,,,,,,
36,1,0,11,9,2,,,1,1,,,,,,-1,,,1,,,,,-1,,,1,1,,1,,,,1,1,,,1,,,,,,,,,,,,,,,,,,,,,,,,,,,,,,,,,,,,,,,,,,,,,,,,,,,,,,,,,,,,,,,,,,,,,,,,,,,,,,,,,,,,,,,,,,,,,,,,,,,,,,,,,,,,,,,,,,,,,,,,,,,,,,,,,,,,,,,,,,,,,,
51,1,0,7,6,1,,,1,,,,,,,,,,,,,,-1,,,,,,,,,,,,,1,,,1,,,,1,1,,1,,,,,,,,,,,,,,,,,,,,,,,,,,,,,,,,,,,,,,,,,,,,,,,,,,,,,,,,,,,,,,,,,,,,,,,,,,,,,,,,,,,,,,,,,,,,,,,,,,,,,,,,,,,,,,,,,,,,,,,,,,,,,,,,,,,,,,
75,1,0,48,18,11,,,1,-1,1,1,-1,-1,-1,-1,,0,,,0,,-1,-1,-1,1,0,0,,1,-1,-1,1,0,,1,1,,0,,,,1,1,0,,1,0,,,0,,,,0,,,,1,1,0,,0,,0,,1,1,0,,,0,1,,1,,1,-1,0,,0,,0,0,,,,,,,,,,,,,,,,,,,,,,,,,,,,,,,,,,,,,,,,,,,,,,,,,,,,,,,,,,,,,,,,,,,,,,,,,,,,,,,,,,,,,,,,,,,,,,,,
103,1,0,15,10,1,,,1,,,,,,,,,,,-1,,,,,,,,1,0,,,,,1,,,,,,,,,0,1,,1,,,,,1,,,,,,,,,,1,,,,,,,1,,,,,,,,,1,,0,,0,,,,,,,,,,,,,,1,,,,,,,,,,,,,,,,,,,,,,,,,,,,,,,,,,,,,,,,,,,,,,,,,,,,,,,,,,,,,,,,,,,,,,,,,,,,,,,,,,,,,
127,1,0,10,4,1,,,1,,,,,,,-1,,,,,,,,,,,,1,1,,,,,,1,0,,,,,,,,,,0,,,,,,,,,,,,,,0,,,,,,,,,,,,,,,,,,,,,,,,,,0,,,,,,,,,,,,,,0,,,,,,,,,,,,,,,,,,,,,,,,,,,,,,,,,,,,,,,,,,,,,,,,,,,,,,,,,,,,,,,,,,,,,,,,,,,,,,,,
132,1,0,7,4,2,,,1,,,,,,,-1,,,,,0,,,,,,,,,,,,,,,,1,,,,,,1,,,,,,,,,,,,,,,,,,,,,,,,,,,,,,,,,,,,,,,,,,,,,,,,,,,,,1,,,,-1,,,,,,,,,,,,,,,,,,,,,,,,,,,,,,,,,,,,,,,,,,,,,,,,,,,,,,,,,,,,,,,,,,,,,,,,,,,,,,,,
133,1,0,29,23,5,,,1,,,1,,1,,,-1,1,,-1,-1,-1,,1,,,1,1,,,,,,,1,,,0,1,,,,,,,1,1,1,,1,,,,,1,,,,1,,,,,1,,,,,,,,,,,1,,,1,,1,,,,1,,1,-1,,,1,,,,,,,,,,1,,,,,,,,,,,,,,,,,,,,,,,,,,,,,,,,,,,,,,,,,,,,,,,,,,,,,,,,,,,,,,,,,,,,,,,,,,,,,,,,
142,1,0,11,3,2,,,1,,,,1,,,,,,,,,,,,,,0,,,,,,,,,0,0,,,,,,,,,,,,,,,,,,,,,,,,,,,,,,,,,,,0,0,,,,,,,,,,,0,-1,,,,,,,,,,,,,,1,-1,,,,,,,,,,,,,,,,,,,,,,,,,,,,,,,,,,,,,,,,,,,,,,,,,,,,,,,,,,,,,,,,,,,,,,,,,,,,,,,,
174,1,0,43,27,11,,,1,-1,,-1,-1,-1,1,-1,-1,1,1,,,0,,,1,1,1,1,1,1,,,,,1,1,0,1,,,,,,1,,,1,,0,1,,1,-1,,,,,,,,0,,-1,1,,,1,1,,,,1,1,,1,-1,,-1,,1,0,,,,-1,1,,,,1,,,,,,,,,,1,,,,,,,,,,,,,,,,,,,,,,,,,,,,,,,,,,,,,,,,,,,,,,,,,,,,,,,,,,,,,,,,,,,,,,,,,,,,,,,,
179,1,0,14,8,5,,,1,,1,,,,,-1,,,,,,,,0,,1,,1,,,,,,,,1,,,,,,,,,,,,,,,,,-1,,-1,,,1,,,,,,,,,,-1,,,,,,,,,-1,,,,,1,,,,,,,,,,,,,,1,,,,,,,,,,,,,,,,,,,,,,,,,,,,,,,,,,,,,,,,,,,,,,,,,,,,,,,,,,,,,,,,,,,,,,,,,,,,,,,,,,,,
186,1,0,26,14,9,,,0,,1,,,-1,1,,,,,,-1,-1,,,,,,,,1,,,,,1,1,,1,,,,,,,-1,,-1,,,1,1,,1,,1,,,1,0,-1,,,1,,-1,,,,1,,,,,,,0,,,-1,,,,,,,,,,-1,,,,,,,,,,,,,,,,1,,,,,,,,,,,,,,,,,,,,,,,,,,,,,,,,,,,,,,,,,,,,,,,,,,,,,,,,,,,,,,,,,,,,,,,,,,,
223,1,0,21,16,2,,,1,,,1,,,,,,1,,,,-1,,,,1,,,,,,,,,,1,,,,,,,,,-1,,0,1,,,,,,,,,,1,,,,,1,,1,,,,,,,1,,,,,,0,,1,,1,,,,,,,,1,,,,,,,,,,0,,,,,1,,,,,,1,1,,,,,,,,,,,,,,,,,,,,,,,,,,,,,,,,,,,,,,,,,,,,,,,,,,,,,,,,,,,,,,,,,,,,
228,1,0,37,23,1,,,1,,,,,0,,,1,1,1,,,-1,,0,,1,,,1,1,,,,1,,,1,0,,,,,,,,,,1,,,,1,,,,,,1,1,,,,,,0,,0,,1,,,,0,0,,,0,1,1,,,,,,,,1,0,0,,,,,,,,,,1,,,,,,1,,1,0,1,1,0,1,0,,,,,,,,,,,,,,,,,,,,,,,,,,,,,,,,,,,,,,,,,,,,,,,,,,,,,,,,,,,,,,,,,,,
241,,0,6,4,0,,,1,,,,,,,,,,,,,,,,,,,,,,,,,,,,,,,,,,,,,,,,,,,1,,,,,,,,,,,,,,,,,,,,,,,,,,,,,,,,,1,,,,,,,,,,,,,,,,,,,,,0,0,,,,,,1,,,,,,,,,,,,,,,,,,,,,,,,,,,,,,,,,,,,,,,,,,,,,,,,,,,,,,,,,,,,,,,,,,,
251,,0,4,3,1,,,-1,,1,,,,,,,,1,,,,,,,,,,,,,,,,,,,,,,,,,,,,,,,,,,,,,,,,,,,,,,,,,,,,,,,,,,,,1,,,,,,,,,,,,,,,,,,,,,,,,,,,,,,,,,,,,,,,,,,,,,,,,,,,,,,,,,,,,,,,,,,,,,,,,,,,,,,,,,,,,,,,,,,,,,,,,,,,,,
256,1,0,45,24,19,,,1,0,,1,-1,,1,,,,,,-1,,,-1,-1,,-1,-1,1,,,-1,1,1,,,,,,,,,1,1,1,,-1,,-1,,,,,,-1,,,1,,-1,1,,1,,,,-1,1,,,,,,,-1,,1,1,1,1,-1,,,,-1,1,-1,-1,,,,,,,1,,,,0,,,,,,1,-1,,,,,,,,,,,1,1,,,-1,,1,1,,,,,,,,,,,,,,,,,,,,,,,,,,,,,,,,,,,,,,,,,,,,,,,,,,,,,,,,
257,1,0,59,23,15,,,1,0,1,1,0,,,,,0,0,-1,,1,-1,0,1,0,,0,,,0,-1,,,1,1,,0,1,,,,,-1,-1,-1,-1,0,,,1,,,,-1,,,,,,0,,,0,,,,1,1,,,1,,1,,0,0,-1,0,,0,1,,1,0,-1,0,0,1,,,,,,-1,1,,0,1,,,,,,,-1,,1,,,1,,1,1,1,,,0,,,-1,,-1,-1,,,,,,,,,,,,,,,,,,,,,,,,,,,,,,,,,,,,,,,,,,,,,,,,,,,,,,,,
275,0,0,42,18,23,,,-1,,,,,-1,-1,,-1,,1,1,,1,1,,,,-1,,,-1,1,,,,-1,-1,1,,-1,,,,-1,,,1,,,,-1,,,,,0,,,,-1,1,-1,,,-1,,,,,1,,,,-1,-1,-1,,,1,,,1,,,,-1,,,,,-1,,,,,,1,,,,-1,,,,,,,1,,,1,-1,,1,1,,1,1,,,-1,,,,,-1,,,,,,,,,,,,,,,,,,,,,,,,,,,,,,,,,,,,,,,,,,,,,,,,,,,,,,,
314,1,0,36,26,10,,,1,,,,,1,,1,-1,,1,-1,-1,,,,-1,,1,,,1,,-1,,1,,1,,1,,,,,,-1,,,,,1,1,,,,,,,,,1,1,1,,1,,-1,,1,,1,,,,,,,1,,,,,,,,,,,1,,-1,,,,,,,,,1,,,,,,-1,,,,,,1,,1,1,,,,,,,,,,,,,-1,,,,,,1,,1,,,1,,,,,,,,,,,,,,,,,,,,,,,,,,,,,,,,,,,,,,,,,,,
362,1,0,47,33,9,,,1,,1,,0,,1,,,,1,-1,,-1,,1,1,,,,1,,,-1,,1,,,1,0,,,,,1,,,1,,1,,1,,1,,,0,,,,,,,,1,1,,,1,,,,,1,,,,,,,,,,,,,1,,1,,,1,,,,,-1,1,,1,,,,,,,-1,,-1,1,,1,,,,,,-1,1,1,,,-1,,,,,,,1,,,,,,,,,,,,,1,,,1,,,1,,,,,,,1,,,,,1,,-1,,,0,,,0,,,,,,,,,,,,,
364,1,0,15,9,4,,,1,,,,,,,,,,,,,,,,,,,1,,,,,,,,,,,,,,,,,,,-1,,,,,,,,,,,,,,1,,,0,,,,,0,,,,,,,,,,,,,,,,,,,,,,,,,,,1,,,,,,,,,1,,,,1,,,,,,,,1,,,,,,,,,1,,,-1,,,,,,,,,,,1,,,,,,,,,,,,,,,,,,,,,,,,,,,,,,,-1,-1,,,,,,,,
368,1,0,16,10,5,,,0,,,,,,,,,,,,-1,-1,,,,,,,,,1,,,,,,,,,,,,,,,1,,,,,,,,,,,,,,,,,,,,,,,,,,,,,,,,,,,,,,,,,,,,1,,,,,,,,,,1,,,,,,,,,,1,1,-1,,,1,,,,,,,,,-1,,,,,1,1,,,,,,,,,-1,,,,,,,,,1,,,,,,,,,,,,,,,,,,,,,,,,,,,,,,,,
414,1,0,19,11,3,,,1,,,,,,1,,,1,,,,,,,,1,,,,1,,,,,,,,,,,,,,,,,1,,,,,,,,,,,,,,,,,,,,-1,,0,,,,,,,,,,,,,,,0,1,,,,,,,,,,,,,,,,,,,,,,,,,,,,,,,,,,,,1,,,,,,,,,,,,,,-1,,,,-1,,1,,0,,,,,,,,,,,,,,,,,0,,,1,,,,,,,0,,,,,1,,,,,
438,1,0,24,9,5,,,0,,,1,,,,,,,,,,,,0,1,0,,,,0,,,,,,,,,,,,,,,,1,,,0,,0,,,,,,,,,,,,,,,,,,0,,,,,,,,,,,,,,,,,,,,,,,,,,,,,,,,,,,,,,,,,,,,-1,-1,,,,,,,,,,,,,,,,,,,,,-1,1,,,,,,,,,,,,1,,,,,,0,,,,0,,0,,,,,,,,,,-1,,-1,,,1,1,,1,1,
6,,0,3,3,0,,,,1,,,,,1,,,,,,,,1,,,,,,,,,,,,,,,,,,,,,,,,,,,,,,,,,,,,,,,,,,,,,,,,,,,,,,,,,,,,,,,,,,,,,,,,,,,,,,,,,,,,,,,,,,,,,,,,,,,,,,,,,,,,,,,,,,,,,,,,,,,,,,,,,,,,,,,,,,,,,,,,,,,,,,,,,,,,,
8,,0,5,0,0,,,,0,0,,,,,,,0,,0,,,,,,,,,,,,,0,,,,,,,,,,,,,,,,,,,,,,,,,,,,,,,,,,,,,,,,,,,,,,,,,,,,,,,,,,,,,,,,,,,,,,,,,,,,,,,,,,,,,,,,,,,,,,,,,,,,,,,,,,,,,,,,,,,,,,,,,,,,,,,,,,,,,,,,,,,,,,,,,,,
10,1,0,16,5,8,,,,0,1,,,-1,1,-1,,0,,,-1,0,,,,-1,,,,-1,-1,-1,1,1,-1,1,,,,,,,,,,,,,,,,,,,,,,,,,,,,,,,,,,,,,,,,,,,,,,,,,,,,,,,,,,,,,,,,,,,,,,,,,,,,,,,,,,,,,,,,,,,,,,,,,,,,,,,,,,,,,,,,,,,,,,,,,,,,,,,,,,,,,,,,,,,,,,,,
41,,0,2,1,0,,,,1,,,,,,,,,,,,,,,,,,,,0,,,,,,,,,,,,,,,,,,,,,,,,,,,,,,,,,,,,,,,,,,,,,,,,,,,,,,,,,,,,,,,,,,,,,,,,,,,,,,,,,,,,,,,,,,,,,,,,,,,,,,,,,,,,,,,,,,,,,,,,,,,,,,,,,,,,,,,,,,,,,,,,,,,,,,
59,1,0,13,2,2,,,,0,,,-1,0,,,,,,,,,,,,,,,,0,,,,,1,,,,,,,,,,,,,,,,,,-1,,,,,,0,0,0,,,,1,,,,,,,,,,0,0,,,0,,,,,,,,,,,,,,,,,,,,,,,,,,,,,,,,,,,,,,,,,,,,,,,,,,,,,,,,,,,,,,,,,,,,,,,,,,,,,,,,,,,,,,,,,,,,,,,,,,,,,
69,1,0,14,6,2,,,,0,1,1,1,,,,,,,,,,,,,,,1,,,,-1,,,1,,,,,,,,0,0,,-1,,,,,,0,,,1,,,0,,,,,,,,,,,,,,,,,,,,,,0,,,,,,,,,,,,,,,,,,,,,,,,,,,,,,,,,,,,,,,,,,,,,,,,,,,,,,,,,,,,,,,,,,,,,,,,,,,,,,,,,,,,,,,,,,,,,,,,,,,,
88,1,0,9,4,3,,,,-1,,,1,,1,,,,,,0,,,,,,,,,,,,,,,,,1,,,,,,-1,,,,,,,,,,,,,,,,,,,,,,,1,-1,,,,,,,,,,,,,,,,,,0,,,,,,,,,,,,,,,,,,,,,,,,,,,,,,,,,,,,,,,,,,,,,,,,,,,,,,,,,,,,,,,,,,,,,,,,,,,,,,,,,,,,,,,,,,,,,,
189,1,0,33,22,5,,,,1,1,1,,,-1,,,,,,,,0,1,,,,,1,,-1,,1,,,1,1,,,,,,,-1,,,,-1,,0,,1,,,0,,,,1,,1,,1,,1,,1,1,0,,,,1,,,,,,,0,1,,,,-1,1,,1,,,,,,,,,,0,,1,,,,1,1,,,,,,,,,,,,,,,,,,,,,,,,,,,,,,,,,,,,,,,,,,,,,,,,,,,,,,,,,,,,,,,,,,,,,,,,,,,
197,1,0,24,18,4,,,,1,1,,,,,,,,,,,,-1,,,,,,,,0,,,1,,,,,1,,,,,-1,,1,1,,,,1,1,1,,,,,,1,,1,,,,0,,1,1,,,,,,,1,1,,,,,1,,,,-1,-1,,,,,,,,,,1,,1,,,,,,,,,,,,,,,,,,,,,,,,,,,,,,,,,,,,,,,,,,,,,,,,,,,,,,,,,,,,,,,,,,,,,,,,,,,,,,,,,,
211,1,0,10,9,0,,,,1,,,,0,,,,,,,,,,,,,1,1,,,,,,,,,,,,,,,,,,1,,,1,,,,,,,,,,,,,,,,,,,,1,,,,,,,,,,1,,,,,1,,,,,,,,,,,,,,,,,,,,,1,,,,,,,,,,,,,,,,,,,,,,,,,,,,,,,,,,,,,,,,,,,,,,,,,,,,,,,,,,,,,,,,,,,,,,,,,,,
240,1,0,11,5,3,,,,-1,,,,,,,,,,,,,-1,,,,1,,,-1,,,1,,1,,,,,,,,,0,,,,,,,,,,,,,,,,,,,,,,,,0,,,,,,,,,,,,,1,,,,,,,,,,,,,,,,,,,,,,,0,,,,,1,,,,,,,,,,,,,,,,,,,,,,,,,,,,,,,,,,,,,,,,,,,,,,,,,,,,,,,,,,,,,,,,,,,,,,,
247,1,0,7,4,3,,,,1,,,,,,,,,,,-1,,,,,,,,,,,-1,,,,,,,,,,,,,,,1,,,,,,,,,,,,,,,,,,,,,,,,,,,,,,,,,1,,,,,,,,,,,,,,,,,,,1,,,,,,,,,,,,,,,,,-1,,,,,,,,,,,,,,,,,,,,,,,,,,,,,,,,,,,,,,,,,,,,,,,,,,,,,,,,,,,,,,,,
324,1,0,35,34,1,,,,1,,,1,,1,,1,,,,1,,,,,1,-1,,,1,1,,,1,,,,1,,,,,,,,,,,1,1,1,,,,,,,,,,,,1,1,,,,,,,,,,,1,1,,,,,,1,,,1,,,1,1,,,,,,,,,,,,,,,,1,1,1,,1,1,,,,1,,,1,,,1,,,,,,1,1,,,1,,1,,,1,,,,,,,,,,,,,,,,,,,,,,,,,,,,,,,,,,,,,,,,,,,,,
357,1,0,23,7,10,,,,0,,,,,,,,,,,,,,,,,,,,,1,,,,,,0,-1,,,,,,,1,,,,,,,,,,,,,,,,0,,-1,,1,,,-1,,,,,,,,1,-1,-1,,,,-1,,,,,,,1,,,,,,,1,,,,0,,,,,1,0,0,,-1,,,,,,,,,,,,,,,,,,,,,,,,,,,,,,,,,,,,,-1,,,,,,,,,-1,,,,,,,,,,,-1,,,,,,,,,,,,,,
393,1,0,16,9,6,,,,1,,,,,1,,,,,,,,,,,,,,,,,,,,,,,,,,,,-1,,,,,,,,,,,,,,,,,,,,,,,,1,,,,,,,,,,,,,,,,,,,,,,,,,,,,-1,,,,,,,,,,,,,,,,,,,-1,,,,,,,,,,-1,1,,,,,,,,,1,,1,,,,,,,1,1,,,,,,,,,,,,,,,,0,,1,,-1,,,,,,,,-1,,,,,,,,
404,,0,4,1,0,,,,0,,,,,,,,,,,,,,,,,,,,,,,,,,,,,,,,,,,,,1,,,,,,,,,,,,,,0,,,,,,,,,,,,,0,,,,,,,,,,,,,,,,,,,,,,,,,,,,,,,,,,,,,,,,,,,,,,,,,,,,,,,,,,,,,,,,,,,,,,,,,,,,,,,,,,,,,,,,,,,,,,,,,,,,,,,,,,
416,1,0,27,9,11,,,,0,1,,,,,,-1,,1,,,,,,,,,,,,,-1,,,,,,0,,,,,,,,,,,,,,1,,,,,,,,,1,,,0,,,,1,,,,,,,,,-1,,,0,,,,,-1,,,,,-1,,,,,,,,,,,,,,,,,1,,,,,,,,,,1,,,,-1,,-1,,,,,,,,,,,,,,,0,,,,,,1,-1,,,,,,,1,,,,,,,,,,,,-1,0,,,,0,,,,,,,,-1,,,-1
440,1,0,10,7,1,,,,1,,,,,,1,,,,,,,-1,,,,,,,1,,,,,,,,,,,,,,,,,,,,,,,,,,,,,,,1,,,,,,,,,,,0,0,,,,,,,,,,,,,,,,,,,,,,,,,,,,,,,,,,,,,,,,,,,,,,,,,,,,,,,,,,,,,,,,,,,,,,,,,,,,,,,,,,,,,,,,,,,,,,,,,,,,,,1,1,,,1,
5,1,0,13,7,6,,,,,-1,1,,,1,1,-1,1,1,-1,,-1,,-1,-1,,,,,,,,,1,1,,,,,,,,,,,,,,,,,,,,,,,,,,,,,,,,,,,,,,,,,,,,,,,,,,,,,,,,,,,,,,,,,,,,,,,,,,,,,,,,,,,,,,,,,,,,,,,,,,,,,,,,,,,,,,,,,,,,,,,,,,,,,,,,,,,,,,,,,,,,,,,,,
20,,0,3,2,1,,,,,1,,,,,,,,,-1,,,,1,,,,,,,,,,,,,,,,,,,,,,,,,,,,,,,,,,,,,,,,,,,,,,,,,,,,,,,,,,,,,,,,,,,,,,,,,,,,,,,,,,,,,,,,,,,,,,,,,,,,,,,,,,,,,,,,,,,,,,,,,,,,,,,,,,,,,,,,,,,,,,,,,,,,,,,,,,,,
65,1,0,15,9,3,,,,,1,,-1,,,-1,-1,1,,,,,,0,,,,,,,,,1,,,,,1,1,,,,,,,,0,,1,1,,,0,,,,,,,1,,,,,,,,,,,,,,,,,,1,,,,,,,,,,,,,,,,,,,,,,,,,,,,,,,,,,,,,,,,,,,,,,,,,,,,,,,,,,,,,,,,,,,,,,,,,,,,,,,,,,,,,,,,,,,,,,,,,,,,,,
67,,0,5,4,0,,,,,0,,,,,,,,,,,,,,,,,,,,,,,,,,,,,,,,1,,,,,,1,,,,,,,,,,,1,,,,,,,,,,,,,,1,,,,,,,,,,,,,,,,,,,,,,,,,,,,,,,,,,,,,,,,,,,,,,,,,,,,,,,,,,,,,,,,,,,,,,,,,,,,,,,,,,,,,,,,,,,,,,,,,,,,,,,,,,
89,1,0,8,3,3,,,,,0,,,,,,,,,,,,-1,,,,,,1,,,,,,,,,,,,,,,,,,,,,,,,,,,,,,,,,,,,-1,,,,,,,,,,1,,,,-1,,1,,,,,0,,,,,,,,,,,,,,,,,,,,,,,,,,,,,,,,,,,,,,,,,,,,,,,,,,,,,,,,,,,,,,,,,,,,,,,,,,,,,,,,,,,,,,,,,,,,,,
112,,0,5,4,1,,,,,1,,,,,-1,,,,,,,,,,,,,,,,,,,,,,,,,,,,,,,,,,,,,,,,,,1,,,,,,,,,,,,,,,,,,,,,,,,,,1,,,,,,,,,,,,1,,,,,,,,,,,,,,,,,,,,,,,,,,,,,,,,,,,,,,,,,,,,,,,,,,,,,,,,,,,,,,,,,,,,,,,,,,,,,,,,,,,,
116,,0,3,1,2,,,,,1,,,,,,,,,,,,,,,,,,,,,-1,,,,,,,,,,,,,,,,,,,,,,,,,,,,,,,-1,,,,,,,,,,,,,,,,,,,,,,,,,,,,,,,,,,,,,,,,,,,,,,,,,,,,,,,,,,,,,,,,,,,,,,,,,,,,,,,,,,,,,,,,,,,,,,,,,,,,,,,,,,,,,,,,,,,,,
118,1,1,21,12,3,,,,,1,,,,1,1,,1,,-1,-1,0,,,,,1,,,,,,,,,,,0,,,,,1,,,,,,,,,,1,,,,,,1,,1,,,0,,,,,0,,,,,1,,,,,,,,0,,,,,,0,,-1,,,,,,1,,,1,,,,,,,,,,,,,,,,,,,,,,,,,,,,,,,,,,,,,,,,,,,,,,,,,,,,,,,,,,,,,,,,,,,,,,,,,,,,,,,,,
135,1,0,8,5,1,,,,,1,,,,,,,,,,,,,,,,1,,,,,,,,,,,,,,,,,,,,-1,,1,,,,,,,,,,,1,,,,,,,,,,,,,,,,,,0,,,,,,,,0,,,,,,,,,,,,,1,,,,,,,,,,,,,,,,,,,,,,,,,,,,,,,,,,,,,,,,,,,,,,,,,,,,,,,,,,,,,,,,,,,,,,,,,,,,,,,,,
154,1,0,27,21,6,,,,,1,,-1,,,1,-1,1,1,,,,,,,1,,,,,,,1,,1,,,,-1,,,,1,,,,,1,,,,1,,,,,,,,,1,,1,1,-1,,1,,,,,,1,,,,1,1,1,-1,,1,,,,,,-1,1,,,,,,,,,1,,,,,,,,,,,,,,,,,,,,,,,,,,,,,,,,,,,,,,,,,,,,,,,,,,,,,,,,,,,,,,,,,,,,,,,,,,,,,,,,,,
155,1,0,26,15,5,,,,,1,,-1,,,,,1,,,-1,-1,,,,0,,,1,,-1,,,,,,0,,,,,,,1,,,,1,,,,,0,,,,,1,,1,,,,,1,,,,1,,,1,,1,,0,,1,1,,1,,,,,1,,0,,,,,,,,,,0,,-1,,,,,,,,,,,,,,,,,,,,,,,,,,,,,,,,,,,,,,,,,,,,,,,,,,,,,,,,,,,,,,,,,,,,,,,,,,,,,,,,
183,1,0,18,10,2,,,,,1,,-1,1,,,,,1,,-1,,,,,,,,1,,,,1,,,,,,1,,,,,,,,,,,,,,,,0,,,,,,,,1,,,,,1,,,,1,0,,0,,,,,,0,,,,,,,0,,,,,,,0,,,1,,,,,,,,,,,,,,,,,,,,,,,,,,,,,,,,,,,,,,,,,,,,,,,,,,,,,,,,,,,,,,,,,,,,,,,,,,,,,,,,,,
238,1,0,27,20,7,,,,,1,,,-1,,,-1,,,-1,,,,,,,1,,,-1,-1,,,,,,,,1,,,,,,1,,,,,,,,,,1,,,1,,1,1,,,1,1,,1,,,,,1,,,,,,,1,1,,1,,,-1,1,,,,1,,,,,,1,,1,,,,,,1,,,,,,,-1,,,,,,,,,,,,,,,,,,,,,,,,,,,,,,,,,,,,,,,,,,,,,,,,,,,,,,,,,,,,,,,,,,,,,
274,,0,1,1,0,,,,,1,,,,,,,,,,,,,,,,,,,,,,,,,,,,,,,,,,,,,,,,,,,,,,,,,,,,,,,,,,,,,,,,,,,,,,,,,,,,,,,,,,,,,,,,,,,,,,,,,,,,,,,,,,,,,,,,,,,,,,,,,,,,,,,,,,,,,,,,,,,,,,,,,,,,,,,,,,,,,,,,,,,,,,,,,
278,1,0,41,22,17,,,,,-1,1,1,,1,1,-1,1,,,,1,-1,1,,,,-1,,-1,-1,,,-1,,,,,,,,,1,-1,,,,,1,1,,,,,,,,-1,1,,,,,0,1,,1,-1,,,,,0,,,,,,,1,1,,,,-1,,,,-1,,,,,,-1,,,1,1,,,,,,,-1,,,,1,,,1,,1,,1,,,-1,-1,,1,,-1,,,,,,,,,,,,,,,,,,,,,,,,,,,,,,,,,,,,,,,,,,,,,,,,,,,,,,,
289,1,0,9,5,2,,,,,1,,,,,,,,1,,,,,,,,,,,,,,,,,,,,,,,,,,,1,0,,,,,,,,,,,,,,,,,,,,,,,,,,1,,,,,,1,,,,,,,,,0,,,,,,,,,,,,,,,,,,,,,,,,,,,,,,,,,,,,,,,,,-1,,,,,,,,,-1,,,,,,,,,,,,,,,,,,,,,,,,,,,,,,,,,,,,,,,,,,
290,,0,5,3,1,,,,,1,,,,,,,,,,,,,,,,,,,,,,,,,,,1,,,,,,,,,,,,,,,,,,,,,,,,,,,,,,,,,,,,,,,,,1,,,,,,,,,,,,,,,,,,,,,-1,,,,,,,,,,,,,,0,,,,,,,,,,,,,,,,,,,,,,,,,,,,,,,,,,,,,,,,,,,,,,,,,,,,,,,,,,,,,,,,,,
294,1,0,11,7,2,,,,,1,,1,,,,,,1,,,,-1,,,,,1,,,,-1,,,,,,,,,,,,,,,,,,,,,,,,,,,,,,,,,,,,,,,,,,,,,,,,,,1,,,,,,,,,,,,,,,,,,,,,,,,0,,,,,,,,,,,,,,,0,,,1,,,,,,,,,1,,,,,,,,,,,,,,,,,,,,,,,,,,,,,,,,,,,,,,,,,,,,,,,
50,1,0,19,8,4,,,,,,1,0,,,,,1,,-1,1,,-1,0,,0,1,,0,1,,,-1,1,,,0,1,,,,,,1,-1,,,,0,,,0,,,,,,,,,,,,,,,,,,,,,,,,,,,,,,,,,,,,,,,,,,,,,,,,,,,,,,,,,,,,,,,,,,,,,,,,,,,,,,,,,,,,,,,,,,,,,,,,,,,,,,,,,,,,,,,,,,,,,,,,,,,,,,,,
105,,0,2,2,0,,,,,,1,,,,,,,,,,,,,,,,,,,,,,,,,,,,,,,,,,,,,,,,,,,,,,,,,,,,,,,,,,,,,,,,,,,,,,,,,,,,,1,,,,,,,,,,,,,,,,,,,,,,,,,,,,,,,,,,,,,,,,,,,,,,,,,,,,,,,,,,,,,,,,,,,,,,,,,,,,,,,,,,,,,,,,,,,
158,1,0,8,5,3,,,,,,1,,,,,,,,,,,,,,,,,1,,,,,,,,,1,,,,,,,,,,,,,,1,,,,,,,,,,,,,,,,,,,,,,,,,,,-1,,,,,,-1,-1,1,,,,,,,,,,,,,,,,,,,,,,,,,,,,,,,,,,,,,,,,,,,,,,,,,,,,,,,,,,,,,,,,,,,,,,,,,,,,,,,,,,,,,,,,,,,,,
167,1,0,7,4,2,,,,,,1,,,,,-1,,,,,,,,,,,,,,,,,,,,,,-1,,,,,,,,,,,,,,,,,,,,,,,,1,,,,,,,,,,0,,1,,1,,,,,,,,,,,,,,,,,,,,,,,,,,,,,,,,,,,,,,,,,,,,,,,,,,,,,,,,,,,,,,,,,,,,,,,,,,,,,,,,,,,,,,,,,,,,,,,,,,,,,,,
177,1,0,32,13,12,,,,,,1,,,,,,1,,-1,,,-1,1,-1,1,,,1,,-1,,,1,,,,-1,1,,,,,-1,,1,,,,0,,,0,,-1,,,1,0,0,,,1,1,,,,,,,,,-1,0,,,,,1,,,0,,,-1,-1,-1,-1,,,,,,,,1,,0,,,,,,,,,,,,,,,,,,,,,,,,,,,,,,,,,,,,,,,,,,,,,,,,,,,,,,,,,,,,,,,,,,,,,,,,,,,,,,,,,,
185,,0,1,1,0,,,,,,1,,,,,,,,,,,,,,,,,,,,,,,,,,,,,,,,,,,,,,,,,,,,,,,,,,,,,,,,,,,,,,,,,,,,,,,,,,,,,,,,,,,,,,,,,,,,,,,,,,,,,,,,,,,,,,,,,,,,,,,,,,,,,,,,,,,,,,,,,,,,,,,,,,,,,,,,,,,,,,,,,,,,,,,,
198,1,0,9,4,4,,,,,,1,,,,,,,,,,,,,,-1,,,,1,,,,-1,,,,,,,,,,,,,,,,,,,,,,,,,,,-1,,,-1,,,1,,0,,,,,,,,,1,,,,,,,,,,,,,,,,,,,,,,,,,,,,,,,,,,,,,,,,,,,,,,,,,,,,,,,,,,,,,,,,,,,,,,,,,,,,,,,,,,,,,,,,,,,,,,,,,,,,,,
295,1,0,8,7,1,,,,,,1,,,,,,1,,,,,,,,,,,,,,,,,,,,,,,,,,,,,,,,,,,,,,,,,,1,,,,,,,,,,,,,,,,,,,,,,1,,,1,,,,,,,,,,1,,,,,,,,,,,,,,1,,,,,,,,,,,,,,,,,,,,,,,,,,,,,-1,,,,,,,,,,,,,,,,,,,,,,,,,,,,,,,,,,,,,,,,,,
301,1,0,10,9,1,,,,,,1,,,,,,,,,,,,,,,,,,,,,,,,,,,1,,,,,,,,,,,,,,,,,,,,,,,,,1,,,,,,,,,,,,1,,,,,,,,,,,,,,,,,,,,,,,,,,,,,1,,,,,1,,,,,-1,,,,,,,,,,1,,,,1,,,,1,,,,,,,,,,,,,,,,,,,,,,,,,,,,,,,,,,,,,,,,,,,,,,,
322,,0,6,3,3,,,,,,1,,-1,,1,,,,,,,,,,,,,,,,,,,,,,,,,,,,,,,,,,,,,,,,,,,,,,,,,,,,,,,,,,,,,1,-1,,,,,,,,,,,,,,,,,,,,,,,,,,,,,,,,,,,,,,,,,,,,,,,,,,,,,,,,,,,,,-1,,,,,,,,,,,,,,,,,,,,,,,,,,,,,,,,,,,,,,,,,
330,1,0,21,13,7,,,,,,1,1,1,,,,,,,,,,,-1,-1,,,,,,,,,,,,,1,,,,,,,,,1,1,,,,,,,,,,,,,,,,-1,,1,,,,,,1,,,,,1,,,0,,,,-1,,,,,,,,,,-1,,,,1,,,,,,,,,,,,,,,,1,-1,,,,,,,,,,,,-1,,,,,,,1,1,,,,,,,,,,,,,,,,,,,,,,,,,,,,,,,,,,,,,,,,,,,,
355,,0,1,1,0,,,,,,1,,,,,,,,,,,,,,,,,,,,,,,,,,,,,,,,,,,,,,,,,,,,,,,,,,,,,,,,,,,,,,,,,,,,,,,,,,,,,,,,,,,,,,,,,,,,,,,,,,,,,,,,,,,,,,,,,,,,,,,,,,,,,,,,,,,,,,,,,,,,,,,,,,,,,,,,,,,,,,,,,,,,,,,,
358,,0,1,1,0,,,,,,1,,,,,,,,,,,,,,,,,,,,,,,,,,,,,,,,,,,,,,,,,,,,,,,,,,,,,,,,,,,,,,,,,,,,,,,,,,,,,,,,,,,,,,,,,,,,,,,,,,,,,,,,,,,,,,,,,,,,,,,,,,,,,,,,,,,,,,,,,,,,,,,,,,,,,,,,,,,,,,,,,,,,,,,,
374,,0,4,4,0,,,,,,1,,,,,,,,,,,,,,,,,,,,,,,,,,,,,,,,,,,,,,,,,,,,,,,,,,,,,,,,,,,,,,,,,,,,,,,,,,,,,,,,,,,,,,,1,,,,,,,,,,,,,,,,,,,,,,,,,,,,,,,,,,,,,,,,,,,,,,,,,,,,,,,,,,,,,,,1,,,,,,,,1,,,,,,,,,,
383,1,0,28,16,5,,,,,,1,,,1,,,,1,,,,,,,,,,,,,-1,,,,,,,,,,,0,,,,,,,,1,,,,,,,1,1,,,,,1,,,,,,,,,0,,,,,1,-1,,,,,,,,1,,,,,,,,1,,,,,,,,,,,0,,,,1,1,,-1,,,,,,,,,,,,,,,,,,,,,,,,,,-1,,,,1,,,1,0,,,,,,0,,,,0,,,,,1,,,,,1,,,0,,-1,,,,,,,,
387,1,0,27,19,3,,,,,,1,,0,1,,,,,,,,,,,,,,,,,,,1,,1,,,,,,,,,,,,,,,,,,,,,,,,1,,,,,0,,,,1,,,,,0,,,,,,,,,,1,,,,,,1,,,,,-1,,,,,,,,,,,1,,,,,,,,1,,,,,,,,,,,,,,,,,-1,1,,,1,,,,,1,,,-1,1,1,,,,1,1,,,,,1,,,,,,,,,,,,,,,0,,,,1,0,,,,,
390,1,0,14,10,2,,,,,,1,,,,-1,,,,,,,1,,,1,,,,,,,1,,,,,,,,,,,,,,,,,,,,,,,,,,,,,,,,,,,,,,,1,,,,,,,,,,,,,,,,,,,,,,,,,,,,,,,,,,,,1,,,,,,,,,,,,,,,,,,,,,,1,-1,,,0,1,,,,,,,,,,,1,,,,,,,,,,,,,,,,,1,,,,,0,,,,,,,,,,,,
426,1,0,21,9,7,,,,,,1,,,,,,,,,,,,,,,,0,,,1,-1,,,,,,,,,,,,,,,,,,,,,,,,,,,,,,,,,,,,,,,,,,,,,,-1,-1,,,,,,,,0,,,0,,,,,,1,,,,,,,,,1,,,,,,,,,,,,,,,-1,,,,,1,,,,-1,,1,,,,,,1,,0,,,,,,,,,,,,-1,,,,1,,,,,,,,,,,,,,0,,,,,,1,,,,,-1
433,,0,2,1,1,,,,,,1,,,,,,,,,,,,,,,,,,-1,,,,,,,,,,,,,,,,,,,,,,,,,,,,,,,,,,,,,,,,,,,,,,,,,,,,,,,,,,,,,,,,,,,,,,,,,,,,,,,,,,,,,,,,,,,,,,,,,,,,,,,,,,,,,,,,,,,,,,,,,,,,,,,,,,,,,,,,,,,,,,,,,,,,,,
2,,0,1,0,0,,,,,,,0,,,,,,,,,,,,,,,,,,,,,,,,,,,,,,,,,,,,,,,,,,,,,,,,,,,,,,,,,,,,,,,,,,,,,,,,,,,,,,,,,,,,,,,,,,,,,,,,,,,,,,,,,,,,,,,,,,,,,,,,,,,,,,,,,,,,,,,,,,,,,,,,,,,,,,,,,,,,,,,,,,,,,,,
46,1,0,9,3,2,,,,,,,1,,0,,,,1,-1,,,,,-1,,,,,,,,,,,0,0,,,,,,,0,1,,,,,,,,,,,,,,,,,,,,,,,,,,,,,,,,,,,,,,,,,,,,,,,,,,,,,,,,,,,,,,,,,,,,,,,,,,,,,,,,,,,,,,,,,,,,,,,,,,,,,,,,,,,,,,,,,,,,,,,,,,,,,,,,,,,,,,,
52,1,0,7,6,1,,,,,,,1,,,,,,,,,,,1,1,,1,,,,,,,,,,,,,,,,,,,,,,,1,,,,,,,,,,,,,,,,,,,-1,,,,,,,1,,,,,,,,,,,,,,,,,,,,,,,,,,,,,,,,,,,,,,,,,,,,,,,,,,,,,,,,,,,,,,,,,,,,,,,,,,,,,,,,,,,,,,,,,,,,,,,,,,,,,,,,
98,,1,6,3,2,,,,,,,1,,,,,,,,,,,,,,,,,,,,,,,,,,,,,,1,,,,-1,,-1,,,,,,,,,,,,,,,,,,,,,,,,,,,,0,,,,,,,,,,,,,,1,,,,,,,,,,,,,,,,,,,,,,,,,,,,,,,,,,,,,,,,,,,,,,,,,,,,,,,,,,,,,,,,,,,,,,,,,,,,,,,,,,,,,,,,,
172,1,0,13,10,1,,,,,,,-1,,,,1,,,,,,,,1,,,,,,1,,,,,,,,,,,,,,,,,,,,1,,,,1,,,,,,,,1,,,,0,,,,,,,,,,,,,,0,,,1,,1,1,,,1,,,,,,,,,,,,,,,,,,,,,,,,,,,,,,,,,,,,,,,,,,,,,,,,,,,,,,,,,,,,,,,,,,,,,,,,,,,,,,,,,,,,,,,,,,
221,1,0,17,13,3,,,,,,,1,1,,,,,,,,,,1,,,,1,,-1,,,,,,,,,,,,,,,,,,,1,1,,,,,,,,,,1,,,,,1,,,,-1,,,1,,,,1,,1,1,,0,,,,,,1,,,,,,,,,,,,,,,,,,,,,,-1,,,,,,,,,,,,,,,,,,,,,,,,,,,,,,,,,,,,,,,,,,,,,,,,,,,,,,,,,,,,,,,,,,,,,,,
234,1,0,19,12,2,,,,,,,0,,,-1,0,,,,,,,,,,,1,,,,,1,,,,1,0,,,,,,0,1,,1,,,,,1,1,,,,,,,,1,,,,,,,,1,,,,,,,,,,,,,,,,,1,,-1,,,,,,,,,,,,,,,,,,0,,,1,,1,,,,,,,,,,,,,,,,,,,,,,,,,,,,,,,,,,,,,,,,,,,,,,,,,,,,,,,,,,,,,,,,,,,,,
271,1,0,16,9,5,,,,,,,-1,,,-1,,,,-1,,,,,,,,,,,1,,,,,,,,1,,,,,,,,,,,,,,,,,,,0,,1,,,,0,1,,,,,,,,1,,,,,,,1,,,,,,,,,,-1,,,,,1,,,,,,,,,,,,,,,1,,,,,,,,,,,,1,-1,,,,,,,,,,,,,,,,,,,,,,,,,,,,,,,,,,,,,,,,,,,,,,,,,,,,,,,,,
286,1,0,40,12,13,,,,,,,-1,,,,0,1,-1,-1,,,,,-1,0,0,0,,,,,,1,0,1,,0,1,,,,0,,0,1,-1,,0,,,1,,,-1,,,,1,,,,,,,,,,,,,0,,0,,,,,,,,,,,-1,,,-1,,,,,,,,,,,,,,,,,,-1,,,,1,1,,,-1,,,,,,-1,,0,1,-1,,,,,,,,0,,0,,1,1,0,-1,,,,,,,,,,,,,,,,,,,,,,,,,,,,,,,,,,,,,,,,,
292,1,0,12,4,6,,,,,,,-1,,,,,,1,,,,,,,,,,-1,,,,,,,,,-1,,,,,,,,,,,,,-1,,,,,,,,,,,,,,,,,,,,,,,,,,,,,,0,,,,,,-1,,,,,,,,,,,,,0,,,,,,,,,,1,,,,,,,,,,,,,,,,-1,,,,1,,,,,,1,,,,,,,,,,,,,,,,,,,,,,,,,,,,,,,,,,,,,,,,,,,,
296,1,0,24,14,7,,,,,,,-1,-1,1,,,,,,,1,,,,,1,,,,,,,,1,,,0,1,,,,,-1,,,,,,,,,,,,,,0,,1,,,-1,1,,,,1,,,,,,,,,,,,,,,,,,0,1,,,,,,,,,,,,,,,,,-1,1,,-1,,1,,,,,,,,,,,1,1,,,,,,,-1,,,1,,,,,,,,,,,,,,,,,,,,,,,,,,,,,,,,,,,,,,,,,,,,,,,,,
321,1,0,14,11,3,,,,,,,1,,,,,,,,,,,,,,,,,,,-1,,,,,,,,,,,,,,1,,,,1,,1,,,,,,,1,1,,,,,,,-1,,,,,,,,,1,1,,1,,,1,,,,,,,,,,,,,,,,,,,,,,,1,,,,,,,-1,,,,,,,,,,,,,,,,,,,,,,,,,,,,,,,,,,,,,,,,,,,,,,,,,,,,,,,,,,,,,,,,,,,,
356,,0,5,4,0,,,,,,,1,,,,,,,,,,,,,,,,,,,,,,,,,,,,,,,,,,,,,,,,,,,,,,,,,,,,,,,,,,,,,,,,,,,,,,,,,,1,,,,,,,,0,,,,,,,,,,,,,,,,,,,,,,1,,,,,,,,,,,,,,,,,,,,,,,,,,,,,,,,,,,,,,,,,,,,,,1,,,,,,,,,,,,,,,,,
373,,0,3,2,1,,,,,,,-1,,,,,,,,,,,,,1,,,,,,,,,,,,,,,,,,,,,,,,,,,,,,,,,,,,,,,,,,,,,,,,,,,,,,,,,,,,,,,,,,,,,,,,,,,,,,,1,,,,,,,,,,,,,,,,,,,,,,,,,,,,,,,,,,,,,,,,,,,,,,,,,,,,,,,,,,,,,,,,,,,,,,,,,,,
431,1,0,20,13,3,,,,,,,1,,,,,,1,,,,,,,,1,,,,,,,,1,,0,,,,,,,,,,,,,,,,,,,,,,,,,,,,,,,1,,,,,,,,1,,,,,,,,,,,,1,,,,,,,,,,,,,,,,,,,,,1,-1,,,,,-1,,,1,,,,,,,,1,,,,,,,,1,,,,,,,,,,,,,,,,,-1,,,,,,,,,0,,0,,1,0,,,,,,,,,,,,,,1,
43,,0,6,3,2,,,,,,,,-1,,,,1,,,,-1,,,,,,,1,,,,,,,1,,,,,,,,,,0,,,,,,,,,,,,,,,,,,,,,,,,,,,,,,,,,,,,,,,,,,,,,,,,,,,,,,,,,,,,,,,,,,,,,,,,,,,,,,,,,,,,,,,,,,,,,,,,,,,,,,,,,,,,,,,,,,,,,,,,,,,,,,,,,,,,,,
83,,0,1,1,0,,,,,,,,1,,,,,,,,,,,,,,,,,,,,,,,,,,,,,,,,,,,,,,,,,,,,,,,,,,,,,,,,,,,,,,,,,,,,,,,,,,,,,,,,,,,,,,,,,,,,,,,,,,,,,,,,,,,,,,,,,,,,,,,,,,,,,,,,,,,,,,,,,,,,,,,,,,,,,,,,,,,,,,,,,,,,,,
87,,0,1,1,0,,,,,,,,1,,,,,,,,,,,,,,,,,,,,,,,,,,,,,,,,,,,,,,,,,,,,,,,,,,,,,,,,,,,,,,,,,,,,,,,,,,,,,,,,,,,,,,,,,,,,,,,,,,,,,,,,,,,,,,,,,,,,,,,,,,,,,,,,,,,,,,,,,,,,,,,,,,,,,,,,,,,,,,,,,,,,,,
108,,0,3,2,0,,,,,,,,0,,,,,,,,,,,,,,,,,,,,,,1,,,,,,,,,,,,,,,,,,,,,,,,1,,,,,,,,,,,,,,,,,,,,,,,,,,,,,,,,,,,,,,,,,,,,,,,,,,,,,,,,,,,,,,,,,,,,,,,,,,,,,,,,,,,,,,,,,,,,,,,,,,,,,,,,,,,,,,,,,,,,,,,,
109,,0,1,0,0,,,,,,,,0,,,,,,,,,,,,,,,,,,,,,,,,,,,,,,,,,,,,,,,,,,,,,,,,,,,,,,,,,,,,,,,,,,,,,,,,,,,,,,,,,,,,,,,,,,,,,,,,,,,,,,,,,,,,,,,,,,,,,,,,,,,,,,,,,,,,,,,,,,,,,,,,,,,,,,,,,,,,,,,,,,,,,,
145,,0,1,1,0,,,,,,,,1,,,,,,,,,,,,,,,,,,,,,,,,,,,,,,,,,,,,,,,,,,,,,,,,,,,,,,,,,,,,,,,,,,,,,,,,,,,,,,,,,,,,,,,,,,,,,,,,,,,,,,,,,,,,,,,,,,,,,,,,,,,,,,,,,,,,,,,,,,,,,,,,,,,,,,,,,,,,,,,,,,,,,,
157,1,0,7,5,2,,,,,,,,-1,,,,,,,,,,,,,,,,,,,,,,,,,,,,,,,1,,,,1,,,,,,1,,,,1,,,,,-1,,,,,,,,,,,,,,,,,,,,,,,,,,,,,,,,,,,1,,,,,,,,,,,,,,,,,,,,,,,,,,,,,,,,,,,,,,,,,,,,,,,,,,,,,,,,,,,,,,,,,,,,,,,,,,,,,,,,,
242,0,0,31,14,12,,,,,,,,-1,,,,1,0,,,,1,-1,,1,,1,,-1,1,-1,,,1,-1,-1,,-1,,,,1,,,,,,,,-1,1,-1,,,,,,,,-1,,,,,,0,,,,,-1,0,0,1,,,,,,1,,,,,,1,,,,,,,,,1,,,,,,,,0,1,-1,,,,,,,,,,1,,,,,,,,,,,,,,,,,,,,,,,,,,,,,,,,,,,,,,,,,,,,,,,,,,,,,,,,,,,,,,,,
245,,0,6,2,2,,,,,,,,1,,,,,,,,,0,,,,,,,,,-1,,,,,,,,,,,,,,,,,,,,1,,,,,,-1,,,,,,,,,,,,,,,,,,,,,,,,,,,0,,,,,,,,,,,,,,,,,,,,,,,,,,,,,,,,,,,,,,,,,,,,,,,,,,,,,,,,,,,,,,,,,,,,,,,,,,,,,,,,,,,,,,,,,,,,,,,
272,,0,5,2,0,,,,,,,,0,1,1,,,,,,,,,,,,,,,,,,,,,,,,,,,,,,,,,,,,,,,,,,,,,,,,,,,,,,,,0,,,,,,,,,,,,,,,,,,,,,,,,,,,,0,,,,,,,,,,,,,,,,,,,,,,,,,,,,,,,,,,,,,,,,,,,,,,,,,,,,,,,,,,,,,,,,,,,,,,,,,,,,,,,,
335,,0,1,0,0,,,,,,,,0,,,,,,,,,,,,,,,,,,,,,,,,,,,,,,,,,,,,,,,,,,,,,,,,,,,,,,,,,,,,,,,,,,,,,,,,,,,,,,,,,,,,,,,,,,,,,,,,,,,,,,,,,,,,,,,,,,,,,,,,,,,,,,,,,,,,,,,,,,,,,,,,,,,,,,,,,,,,,,,,,,,,,,
370,1,0,22,15,4,,,,,,,,1,1,,,,,,-1,,,,,1,1,,,,,,,,,,,1,,,,,,,,,,,,,,,,,,,,,,,,,,,,,,,,,,1,,,,,1,,,1,0,,,,,,,,,,,,,,,,,1,,,,,,,,,,,,,,,,,,,,,,,,1,,,,,,,,,-1,,,,,,-1,1,,,-1,,,,1,,,,,0,,,,1,,,,,,,,,,,,1,1,,,,,0,,,,,,,,
377,1,0,13,10,3,,,,,,,,-1,,,,,,,,,,,,,,,,1,,,,,,,1,,,,,,,,1,,,,,,,,,,,,,,1,,1,,,,,,,,,,,-1,,,,,,,,,,,,,,1,,,,,,,,,,,,,,,,,,,,,,,,,,,,,,,,,,,,,,,,,,,,,,,,,,,,,,,,,1,,,,,,,1,,,,,,,1,,,,,,,,,,,,1,,,-1,,,,,,,,
423,,0,1,0,0,,,,,,,,0,,,,,,,,,,,,,,,,,,,,,,,,,,,,,,,,,,,,,,,,,,,,,,,,,,,,,,,,,,,,,,,,,,,,,,,,,,,,,,,,,,,,,,,,,,,,,,,,,,,,,,,,,,,,,,,,,,,,,,,,,,,,,,,,,,,,,,,,,,,,,,,,,,,,,,,,,,,,,,,,,,,,,,
436,,0,4,1,2,,,,,,,,-1,,,,,,,,,,,1,,,,,,,,,,,,,,,,,,,,,,,,,,,,,,,,,,,,,,0,,,,,,,,,,,,,,,,,,,,,,,,,,,,,,,,,,,,,,,,,,,,,,,,,,,,,,,,,,,,,,,,,,,,,,,,,,,,,,,,,,,,,,,,,,,,,,,,,,,,,,,,,,,,,,,,,,,,,-1
1,,0,4,2,2,,,,,,,,,1,-1,-1,,,,,,,,,,,,,,,,,,1,,,,,,,,,,,,,,,,,,,,,,,,,,,,,,,,,,,,,,,,,,,,,,,,,,,,,,,,,,,,,,,,,,,,,,,,,,,,,,,,,,,,,,,,,,,,,,,,,,,,,,,,,,,,,,,,,,,,,,,,,,,,,,,,,,,,,,,,,,,,,,,,,
140,1,0,7,1,0,,,,,,,,,1,,,,,,,,,,,,,,,,,,0,,,,,,0,,,,,,,,,,,,0,,,,,,,,,,,,,,,,0,,,,,,,,,,0,,,,,,,,,,,,,,,,,,,,,,,0,,,,,,,,,,,,,,,,,,,,,,,,,,,,,,,,,,,,,,,,,,,,,,,,,,,,,,,,,,,,,,,,,,,,,,,,,,,,,,,,
166,,0,5,4,0,,,,,,,,,1,,,0,,,,,,,,,,,,,,,,,,,,,,,,,,,,,,,,,,,,,,,,,1,,,,,,,,,,,,,,,,,,,1,,1,,,,,,,,,,,,,,,,,,,,,,,,,,,,,,,,,,,,,,,,,,,,,,,,,,,,,,,,,,,,,,,,,,,,,,,,,,,,,,,,,,,,,,,,,,,,,,,,,,,,
209,1,0,17,12,4,,,,,,,,,1,,,,,,1,1,,,,,,1,,,-1,,,,1,1,,,,,,,,,,,,,,1,,,,,,,,1,,,,,,,,,,,1,,,,,,,0,,,,1,,,,,-1,1,1,,,,,,,,-1,,,,,,,,,,,-1,,,,,,,,,,,,,,,,,,,,,,,,,,,,,,,,,,,,,,,,,,,,,,,,,,,,,,,,,,,,,,,,,,,,,,,,,,
219,1,0,39,24,9,,,,,,,,,1,,,1,0,,-1,,,,,,,-1,,,-1,,,,,1,,,-1,,,,1,,,,,,,1,,,,,,,,,0,,1,,1,,,,-1,,1,,,-1,1,1,,1,1,1,,1,1,,,,1,,0,,0,1,,,,,,,,-1,1,1,,,,0,1,,,0,1,1,1,-1,1,-1,,,,,,,,,,,,,,,,,,,,,,,,,,,,,,,,,,,,,,,,,,,,,,,,,,,,,,,,,,,,,,,,,,
323,,0,4,4,0,,,,,,,,,1,,,1,,,,,,,,,,,,,,,,,,,1,,,,,,,,,,,1,,,,,,,,,,,,,,,,,,,,,,,,,,,,,,,,,,,,,,,,,,,,,,,,,,,,,,,,,,,,,,,,,,,,,,,,,,,,,,,,,,,,,,,,,,,,,,,,,,,,,,,,,,,,,,,,,,,,,,,,,,,,,,,,,,,,
331,,0,1,1,0,,,,,,,,,1,,,,,,,,,,,,,,,,,,,,,,,,,,,,,,,,,,,,,,,,,,,,,,,,,,,,,,,,,,,,,,,,,,,,,,,,,,,,,,,,,,,,,,,,,,,,,,,,,,,,,,,,,,,,,,,,,,,,,,,,,,,,,,,,,,,,,,,,,,,,,,,,,,,,,,,,,,,,,,,,,,,,,
447,,0,3,2,1,,,,,,,,,1,,,,,,,,,,,,,,,,,,,,,,,,-1,,,,,,,,,,,,,,,,,,,,,,,,,,,,,,,,,,,,,,,,,,,,,,,,,,,,,,,,,,,,,,,,,,,,,,,,,,,,,,,,,,,,,,,,,,,,,,,,,,,,,,,,,,,,,,,,,,,,,,,,,,,,,,,,,,,,,,,,,,,1,,
45,,0,4,2,1,,,,,,,,,,-1,,1,,,,,,,,,,,,,,,,,,,,,,,,,0,,,,1,,,,,,,,,,,,,,,,,,,,,,,,,,,,,,,,,,,,,,,,,,,,,,,,,,,,,,,,,,,,,,,,,,,,,,,,,,,,,,,,,,,,,,,,,,,,,,,,,,,,,,,,,,,,,,,,,,,,,,,,,,,,,,,,,,,,,
97,1,0,8,2,2,,,,,,,,,,-1,,,,,-1,,,,,,,,,,,,,,,,,,,,,,,0,,,,,1,,,,,,0,,,0,,,,,,,,,,,,,,,0,,,,,,,1,,,,,,,,,,,,,,,,,,,,,,,,,,,,,,,,,,,,,,,,,,,,,,,,,,,,,,,,,,,,,,,,,,,,,,,,,,,,,,,,,,,,,,,,,,,,,,,,,,,,
129,,0,1,1,0,,,,,,,,,,1,,,,,,,,,,,,,,,,,,,,,,,,,,,,,,,,,,,,,,,,,,,,,,,,,,,,,,,,,,,,,,,,,,,,,,,,,,,,,,,,,,,,,,,,,,,,,,,,,,,,,,,,,,,,,,,,,,,,,,,,,,,,,,,,,,,,,,,,,,,,,,,,,,,,,,,,,,,,,,,,,,,,
187,1,0,9,6,2,,,,,,,,,,1,,,,,,,,,,,,,,,,,,,,,,,,,,,-1,,,,,,,,,0,,,,,,1,,,,,,1,,,,,,,,,,,,,,,1,1,,,,,,,,,,1,,,,,,-1,,,,,,,,,,,,,,,,,,,,,,,,,,,,,,,,,,,,,,,,,,,,,,,,,,,,,,,,,,,,,,,,,,,,,,,,,,,,,,,,,,,,
217,1,0,9,6,2,,,,,,,,,,-1,,,,-1,,,,0,,,,,,,,,,,1,,,,1,,,,,,,,,,,,,,,,,,,,,,,,,,,,,,,,,1,,,,,,,,1,,,,,,,,,,,,,,,,,,1,,,,,,,,,,,,1,,,,,,,,,,,,,,,,,,,,,,,,,,,,,,,,,,,,,,,,,,,,,,,,,,,,,,,,,,,,,,,,,,,,,,
283,,0,2,2,0,,,,,,,,,,1,,,,,,,,,,,,,,,,,,,,,,,,,,,,,,,,,,,,,,,,,,,,,,,,,,,,,,,,,1,,,,,,,,,,,,,,,,,,,,,,,,,,,,,,,,,,,,,,,,,,,,,,,,,,,,,,,,,,,,,,,,,,,,,,,,,,,,,,,,,,,,,,,,,,,,,,,,,,,,,,,,,,,
341,1,0,17,7,5,,,,,,,,,,-1,-1,,,-1,,,,,,,,,,0,,,-1,,,,,,,,,,1,,,,,,,,1,,,,,,,,,,,,,,,,,,,,,,,,,,0,,,,,1,,,,,,,,,,,,,,,,0,,,,,,,1,,,,,,,,,-1,1,,,,,,,0,1,,,,,,,0,,,,,,,,,,,,,1,,,,,,,,,,,,,,,,,,,,,,,,,,,,,,,,,,,,,
379,1,0,11,6,2,,,,,,,,,,1,,,,,,,,,,1,1,,,,,,,,,,,,,,,,,,-1,,,0,,,,0,,,,,,,,,,,,,,,,,,,,,,,,,,,,,,,,,,,,,,,,,,,,,,1,,,,,,,,,,,,,,,,,,,,,,,,,,,1,,,,,,,,,1,,,,,,,,,,,-1,,,,,,,,,,,,,,,,,,,,,,,,,,0,,,,,,,,,
412,1,0,17,5,3,,,,,,,,,,1,,,,,,,,,,,,,,,,,,,,,,,,,,,,,,,,,,,,,,,,,,,,,,,0,,,,,,,,,,,,,,,,,0,,,,,,,,,,,,,,,,,,,,,,,,,,,0,1,,,,,,,,,,,,,,,,-1,1,,,,-1,,1,,,0,,,,,,,,,0,0,1,,,,,0,,,0,,,,,,,,,,,,0,,,,,,,-1,,,,,,,,
255,1,0,10,3,7,,,,,,,,,,,-1,,,,,,,,,,,,,,,,,,,,,,,,,,1,,,,,,,,,,,,,,,,,,,,,,,,,,,,,,,,,,-1,,,,,,,,,,,,,,,,,,1,,,,,,,,,-1,,,,-1,,,,,,,,,,,,-1,,,-1,1,,-1,,,,,,,,,,,,,,,,,,,,,,,,,,,,,,,,,,,,,,,,,,,,,,,,,,,,,,
149,1,0,9,7,2,,,,,,,,,,,,1,,,-1,,,,,,,,1,-1,,,,,,,1,,1,,,,,1,,,,,,,,,,,,,,,,,,,,1,,,,,,,,,,,,,,,,,,1,,,,,,,,,,,,,,,,,,,,,,,,,,,,,,,,,,,,,,,,,,,,,,,,,,,,,,,,,,,,,,,,,,,,,,,,,,,,,,,,,,,,,,,,,,,,,,,,,,
162,,0,2,1,1,,,,,,,,,,,,1,,,,,,,,,,,,,,,,,,,,,,,,,,,,,,,,,,,,,,,,,,,,,,,,,,,,,,,,,,,,,,,,,,,,,,,,,,,,,-1,,,,,,,,,,,,,,,,,,,,,,,,,,,,,,,,,,,,,,,,,,,,,,,,,,,,,,,,,,,,,,,,,,,,,,,,,,,,,,,,,,,,,
206,1,0,16,12,4,,,,,,,,,,,,1,1,-1,,-1,,,,1,-1,,,,-1,,,,1,1,,,,,,,,,,1,,,,,,,,,,,,1,,1,,,,,,,,1,,,,,,,,1,,,,,,1,,,,,1,,,,,,,,,,,,,,,,,,,,,,,,,,,,,,,,,,,,,,,,,,,,,,,,,,,,,,,,,,,,,,,,,,,,,,,,,,,,,,,,,,,,,,,,,,,,,
232,1,0,19,9,9,,,,,,,,,,,,-1,-1,,,,,0,-1,,,,1,1,,,,,,,,,-1,,,,,,,,,,1,,,,,,,,,,,,,,,,,,1,-1,,,,,,,-1,,,1,,,,,,1,1,,,,,-1,,,,,,,,,,,,,,,,,,,-1,,,-1,1,,1,,,,,,,,,,,,,,,,,,,,,,,,,,,,,,,,,,,,,,,,,,,,,,,,,,,,,,,,,,,,,,,,,
244,1,0,13,7,3,,,,,,,,,,,,1,,,,,,,,,1,,,,,,,,,1,,0,0,,,,,,,,,,,,,,,,0,,,,,,,,,,,,,,,,,1,,,,,,1,,,,1,,,,,,,-1,,,,,,,,,,,-1,,,,,,-1,,,,,,,,,,,1,,,,,,,,,,,,,,,,,,,,,,,,,,,,,,,,,,,,,,,,,,,,,,,,,,,,,,,,,,,,,,,
306,1,0,13,5,8,,,,,,,,,,,,-1,,,1,,,,,,,-1,-1,,,,,,,,,,,,,,,,,,,,,1,,,,,-1,,,1,,,,,-1,,,,,-1,,,,,,,,,,,,,,,,,,1,,,,,,,,,,,,-1,,,,,,,,,1,,,,,,,-1,,,,,,,,,,,,,,,,,,,,,,,,,,,,,,,,,,,,,,,,,,,,,,,,,,,,,,,,,,,,,,,,,,
309,,0,4,4,0,,,,,,,,,,,,1,,,,,,,,,,,,,,,,,,,,,,,,,,,,,,,,,1,,,,,,,,,,,,,,,,,,,,,,,,,,,,,,,,,,,,,,,,,,,,,,,,,,,,,,,,,,,,1,,,,,,1,,,,,,,,,,,,,,,,,,,,,,,,,,,,,,,,,,,,,,,,,,,,,,,,,,,,,,,,,,,,,,,
369,,0,1,1,0,,,,,,,,,,,,1,,,,,,,,,,,,,,,,,,,,,,,,,,,,,,,,,,,,,,,,,,,,,,,,,,,,,,,,,,,,,,,,,,,,,,,,,,,,,,,,,,,,,,,,,,,,,,,,,,,,,,,,,,,,,,,,,,,,,,,,,,,,,,,,,,,,,,,,,,,,,,,,,,,,,,,,,,,,,,,,,,
397,1,0,12,7,3,,,,,,,,,,,,1,,,,,,,1,,,,,,,,1,,,,,,,,,,,,,,1,,,,,,,,,,,,,,,,,,,,,,,,,,,,,1,,-1,,,,,,,,,,,,,,,,,,,,,,,,,,,,,,,,,,,,,,,,,,1,,,,,,,,,-1,,,,,,,,,,,,,,,,1,,,,,,,,,,0,,-1,,,,,,,,,,,,,,,,,0,,,,,,
422,,0,5,0,0,,,,,,,,,,,,0,,,,,,,,,,,,,,,,,,,,0,,,,,,,,,,,,,,,,,,,,,,,,,,,,,,,,,,,,,,,,,,,,,,,,,,,,,,,,,,,,,,,,,,,,,,,,,,,,,,,,,,,,,,,,,,,,,,,,,,,,,,,,,,,,,,,,,0,,,,,,0,,,,,,,,,,,,,,,,,,,,,,,0
12,,0,1,1,0,,,,,,,,,,,,,1,,,,,,,,,,,,,,,,,,,,,,,,,,,,,,,,,,,,,,,,,,,,,,,,,,,,,,,,,,,,,,,,,,,,,,,,,,,,,,,,,,,,,,,,,,,,,,,,,,,,,,,,,,,,,,,,,,,,,,,,,,,,,,,,,,,,,,,,,,,,,,,,,,,,,,,,,,,,,,,,,
18,,0,5,4,1,,,,,,,,,,,,,1,,,-1,,1,,,,,,,1,,,1,,,,,,,,,,,,,,,,,,,,,,,,,,,,,,,,,,,,,,,,,,,,,,,,,,,,,,,,,,,,,,,,,,,,,,,,,,,,,,,,,,,,,,,,,,,,,,,,,,,,,,,,,,,,,,,,,,,,,,,,,,,,,,,,,,,,,,,,,,,,,,,,,,
263,1,0,15,12,2,,,,,,,,,,,,,1,,,1,,,,,,,1,,,,,,,,,1,,,,,1,,,,-1,,,,,,,,,,,1,,,,,,,-1,,,,,,,,,,,,,,,,,,,,,,,,,,,,,,,1,,,,,,,,0,,,,1,,1,1,,,,,,,,,,,1,,,1,,,,,,,,,,,,,,,,,,,,,,,,,,,,,,,,,,,,,,,,,,,,,,,,,,,,,,,
293,1,0,16,12,3,,,,,,,,,,,,,1,,,,,,,,,1,,1,,,,,,1,,,,,,,,0,,,,,,1,,,,,,,,,1,,,,,1,,,,,,,,1,,,,,,,,,,,,,,,,,,,,,,,,,,,,,,,,,,,,,,,,,1,-1,-1,,,,,,1,,1,,,,,,,,,,,,,,1,,-1,,,,,,,,,,,,,,,,,,,,,,,,,,,,,,,,,,,,,,,,,
346,1,0,8,6,2,,,,,,,,,,,,,1,,,,,,,,,,,-1,,,,,,,,,,,,,,,,,,,,,,,,,,,,,,,,,,,1,,,,,,,1,,,,,,,,,,,,,,,,,,,,,,,,,,,,,,,,,,,,1,,,,,,1,,,1,,,,,,,,,,,,,,,,,,,,,,,,,,,,,,,,-1,,,,,,,,,,,,,,,,,,,,,,,,,,,,,,,
434,,0,1,1,0,,,,,,,,,,,,,1,,,,,,,,,,,,,,,,,,,,,,,,,,,,,,,,,,,,,,,,,,,,,,,,,,,,,,,,,,,,,,,,,,,,,,,,,,,,,,,,,,,,,,,,,,,,,,,,,,,,,,,,,,,,,,,,,,,,,,,,,,,,,,,,,,,,,,,,,,,,,,,,,,,,,,,,,,,,,,,,,
16,,0,2,0,2,,,,,,,,,,,,,,-1,-1,,,,,,,,,,,,,,,,,,,,,,,,,,,,,,,,,,,,,,,,,,,,,,,,,,,,,,,,,,,,,,,,,,,,,,,,,,,,,,,,,,,,,,,,,,,,,,,,,,,,,,,,,,,,,,,,,,,,,,,,,,,,,,,,,,,,,,,,,,,,,,,,,,,,,,,,,,,,,,,
66,1,0,7,6,1,,,,,,,,,,,,,,-1,,,,,,1,,,1,,1,,,,1,,,,,,,,,,,,,,,,,1,,,,,,,,,,,1,,,,,,,,,,,,,,,,,,,,,,,,,,,,,,,,,,,,,,,,,,,,,,,,,,,,,,,,,,,,,,,,,,,,,,,,,,,,,,,,,,,,,,,,,,,,,,,,,,,,,,,,,,,,,,,,,,,,,
334,1,0,15,12,2,,,,,,,,,,,,,,-1,,,,,,,,,,,,,,,0,,,,1,,,,,,,,,,,,,,,,,,,,1,1,,,,,,,,,,,,,,,1,,,,,,,1,,,,,1,,,,,,,,,1,,,,,,,,,,,,,,,,,,,1,,,,,,,,,1,1,,,,,,,,,,1,,1,,-1,,,,,,,,,,,,,,,,,,,,,,,,,,,,,,,,,,,,,,,,,
425,,0,1,0,1,,,,,,,,,,,,,,-1,,,,,,,,,,,,,,,,,,,,,,,,,,,,,,,,,,,,,,,,,,,,,,,,,,,,,,,,,,,,,,,,,,,,,,,,,,,,,,,,,,,,,,,,,,,,,,,,,,,,,,,,,,,,,,,,,,,,,,,,,,,,,,,,,,,,,,,,,,,,,,,,,,,,,,,,,,,,,,,,
44,,0,1,1,0,,,,,,,,,,,,,,,1,,,,,,,,,,,,,,,,,,,,,,,,,,,,,,,,,,,,,,,,,,,,,,,,,,,,,,,,,,,,,,,,,,,,,,,,,,,,,,,,,,,,,,,,,,,,,,,,,,,,,,,,,,,,,,,,,,,,,,,,,,,,,,,,,,,,,,,,,,,,,,,,,,,,,,,,,,,,,,,
160,,0,2,1,1,,,,,,,,,,,,,,,-1,,,,,,,,,,,,,,,,,,,,,,,,,,,,,,,,,,,,,,,,,,,,,,,,,,,,,,,,,,,,,,,,,,,,,,,,,,,1,,,,,,,,,,,,,,,,,,,,,,,,,,,,,,,,,,,,,,,,,,,,,,,,,,,,,,,,,,,,,,,,,,,,,,,,,,,,,,,,,,,,
265,1,0,8,2,3,,,,,,,,,,,,,,,0,0,,,,,,,,,,,,0,,1,,,,,,,,,,,,,,,,,,,,,,,,,,,,,,,,,,,,,,,,,,-1,,,,1,,,,-1,,,,,,,,,,,,,,,,,,,,,,,,,,,,,,,,,,,,,,,,-1,,,,,,,,,,,,,,,,,,,,,,,,,,,,,,,,,,,,,,,,,,,,,,,,,,,,,,
350,,0,3,0,0,,,,,,,,,,,,,,,0,,,,,,,,,,,,0,,,,,,,,,,,,,,,,,,,,,,,,,,,,0,,,,,,,,,,,,,,,,,,,,,,,,,,,,,,,,,,,,,,,,,,,,,,,,,,,,,,,,,,,,,,,,,,,,,,,,,,,,,,,,,,,,,,,,,,,,,,,,,,,,,,,,,,,,,,,,,,,,,,,
104,,0,3,1,2,,,,,,,,,,,,,,,,-1,,,,,,,,,,,-1,,,,,,,,,,,,,,,,,,,,,,,,,,,,,,,,,,,,,,,,,1,,,,,,,,,,,,,,,,,,,,,,,,,,,,,,,,,,,,,,,,,,,,,,,,,,,,,,,,,,,,,,,,,,,,,,,,,,,,,,,,,,,,,,,,,,,,,,,,,,,,,,,,,,
243,,0,6,3,0,,,,,,,,,,,,,,,,0,,,,,,,,,,,,,,,1,,,,,,,,,,,,,0,,,,,,,,,,,,,,1,,,,,,,,,,,,,,0,,,,,,,,,,,,,,,,,,,,,,,,,,,,,,,,,1,,,,,,,,,,,,,,,,,,,,,,,,,,,,,,,,,,,,,,,,,,,,,,,,,,,,,,,,,,,,,,,,,,,,,
298,,0,3,1,1,,,,,,,,,,,,,,,,0,,,,,,,,,,,,,,,,,,,,,,,,,,,,,,,,,,,,,,,,,,,,,,,,,,,,,,,,1,,,,,,,,,,,,,,,,,,,,,,,,,,,,,,,,,,,,,,,,,,,,,-1,,,,,,,,,,,,,,,,,,,,,,,,,,,,,,,,,,,,,,,,,,,,,,,,,,,,,,,,,
305,,0,5,3,1,,,,,,,,,,,,,,,,1,,,,,,,,,,,,,,,,,,,,,,,,,,,,,,,,,,,,-1,,,,,,0,,,,,,,,,,1,,,,,,,,,,,,,,,1,,,,,,,,,,,,,,,,,,,,,,,,,,,,,,,,,,,,,,,,,,,,,,,,,,,,,,,,,,,,,,,,,,,,,,,,,,,,,,,,,,,,,,,,,,,
316,,0,3,3,0,,,,,,,,,,,,,,,,1,,,,,,,,,,,,,,,,,,,,,,,,,,,,,,,,,,,,,,,,,,,,,,,,,,,,,,,,,,,,,,,,,,,,,,,,,,,,,1,,,,,,1,,,,,,,,,,,,,,,,,,,,,,,,,,,,,,,,,,,,,,,,,,,,,,,,,,,,,,,,,,,,,,,,,,,,,,,,,,,
375,,0,4,3,0,,,,,,,,,,,,,,,,1,,,,,,,,,,,,,,,,,,,,,,,,,,,,,,,,,,,,,,,,,,,,,,,,,,,,,,,,,,,,,,,,,,,,,,,,,,,,,,,,,,,,0,,,,1,,,,,,,,,,,,,,,1,,,,,,,,,,,,,,,,,,,,,,,,,,,,,,,,,,,,,,,,,,,,,,,,,,,,,,,
202,1,0,8,4,1,,,,,,,,,,,,,,,,,0,,,1,,,,1,,,,,0,,,,,,,,,,,1,,,,,,,,,,,,,,,,,,,,,,,,,,,,,,,,,,-1,,,,0,,,,,,,,,,,,,,,,,,,,,,1,,,,,,,,,,,,,,,,,,,,,,,,,,,,,,,,,,,,,,,,,,,,,,,,,,,,,,,,,,,,,,,,,,,,,,,,,,
230,1,0,22,14,6,,,,,,,,,,,,,,,,,-1,,,,,,,-1,,,,,0,,,0,,,,,-1,,1,,-1,,1,1,,1,1,,,,,,,,,,1,,,,,,1,,,1,,,,,,,1,,1,,,,,,,-1,-1,1,,,,,,,,,1,,,,,,1,1,,,,,,,,,,,,,,,,,,,,,,,,,,,,,,,,,,,,,,,,,,,,,,,,,,,,,,,,,,,,,,,,,,,,,,,,,,
326,,0,1,0,1,,,,,,,,,,,,,,,,,-1,,,,,,,,,,,,,,,,,,,,,,,,,,,,,,,,,,,,,,,,,,,,,,,,,,,,,,,,,,,,,,,,,,,,,,,,,,,,,,,,,,,,,,,,,,,,,,,,,,,,,,,,,,,,,,,,,,,,,,,,,,,,,,,,,,,,,,,,,,,,,,,,,,,,,,,,,,,,,
281,1,0,7,7,0,,,,,,,,,,,,,,,,,,1,1,,,,,,,,1,,,1,,1,,,,,,,,,,1,,,,,,,,,,,,,1,,,,,,,,,,,,,,,,,,,,,,,,,,,,,,,,,,,,,,,,,,,,,,,,,,,,,,,,,,,,,,,,,,,,,,,,,,,,,,,,,,,,,,,,,,,,,,,,,,,,,,,,,,,,,,,,,,,,,,,
384,,0,1,1,0,,,,,,,,,,,,,,,,,,1,,,,,,,,,,,,,,,,,,,,,,,,,,,,,,,,,,,,,,,,,,,,,,,,,,,,,,,,,,,,,,,,,,,,,,,,,,,,,,,,,,,,,,,,,,,,,,,,,,,,,,,,,,,,,,,,,,,,,,,,,,,,,,,,,,,,,,,,,,,,,,,,,,,,,,,,,,,,
392,1,0,10,5,5,,,,,,,,,,,,,,,,,,,-1,,,,,,,,,,,,,,,,,,,,,,,,,,,,,,,,,,,,,,,,,,1,,,,,,,,,,-1,,,,,,,1,,-1,,-1,,,,,,,,,,,,,,,,,,,,,,,,,,,,,,,,,,,,,1,,,,,,,,,,,,,,,,,,,,,,,1,,,,,,,,,,,,,,,,1,,,,,,,,-1,,,,,,,,
441,,0,2,1,1,,,,,,,,,,,,,,,,,,,1,,,,,,,,,,,,,,,,,,,,,,,,,,,,,,,,,,,,,,,,,,,,,,,,,,,,,,,,,,,,,,,,,,,,,,,,,,,,,,,,,,,,,,,,,,,,,,,,,,,,,,,,,,,,,,,,,,,,,,,,,,,,,,,,,,,,,,,,,,,,,,,,,,,,,,-1,,,,,
31,,0,1,1,0,,,,,,,,,,,,,,,,,,,,1,,,,,,,,,,,,,,,,,,,,,,,,,,,,,,,,,,,,,,,,,,,,,,,,,,,,,,,,,,,,,,,,,,,,,,,,,,,,,,,,,,,,,,,,,,,,,,,,,,,,,,,,,,,,,,,,,,,,,,,,,,,,,,,,,,,,,,,,,,,,,,,,,,,,,,,,,,
320,,0,1,1,0,,,,,,,,,,,,,,,,,,,,1,,,,,,,,,,,,,,,,,,,,,,,,,,,,,,,,,,,,,,,,,,,,,,,,,,,,,,,,,,,,,,,,,,,,,,,,,,,,,,,,,,,,,,,,,,,,,,,,,,,,,,,,,,,,,,,,,,,,,,,,,,,,,,,,,,,,,,,,,,,,,,,,,,,,,,,,,,
336,,0,4,3,0,,,,,,,,,,,,,,,,,,,,1,,,,,,,,,,,,,,,,,,,,,,,,,,,,,,,,,,,,,0,,1,,,,,,,,,,,,,,1,,,,,,,,,,,,,,,,,,,,,,,,,,,,,,,,,,,,,,,,,,,,,,,,,,,,,,,,,,,,,,,,,,,,,,,,,,,,,,,,,,,,,,,,,,,,,,,,,,,,,
353,1,0,11,7,3,,,,,,,,,,,,,,,,,,,,1,-1,,,,,,,,,,,,,,,,,,,,,,,,,,,,,,,,1,,,,,,,,,,,,,,,,,,,,,,,,,1,,,,,,,,,,,0,,,,,,,,,,,,,,,,,,,,1,,,,,,,,,,,-1,-1,,,,,,,,,,,,,,1,,,,,,,,,,,,,1,1,,,,,,,,,,,,,,,,,,,,,,,,,
28,,0,4,3,1,,,,,,,,,,,,,,,,,,,,,1,,,,,,,1,,,1,,,,,,,,-1,,,,,,,,,,,,,,,,,,,,,,,,,,,,,,,,,,,,,,,,,,,,,,,,,,,,,,,,,,,,,,,,,,,,,,,,,,,,,,,,,,,,,,,,,,,,,,,,,,,,,,,,,,,,,,,,,,,,,,,,,,,,,,,,,,,,,,,
54,,0,1,1,0,,,,,,,,,,,,,,,,,,,,,1,,,,,,,,,,,,,,,,,,,,,,,,,,,,,,,,,,,,,,,,,,,,,,,,,,,,,,,,,,,,,,,,,,,,,,,,,,,,,,,,,,,,,,,,,,,,,,,,,,,,,,,,,,,,,,,,,,,,,,,,,,,,,,,,,,,,,,,,,,,,,,,,,,,,,,,,,
181,1,0,15,10,4,,,,,,,,,,,,,,,,,,,,,1,,,,1,-1,,1,,,,-1,,,,,,,,,-1,-1,,,,,,,,,,,,,,,,,,,,1,1,,,,,,1,,,1,,,,,,,1,,,1,,1,,,,,,,,,,0,,,,,,,,,,,,,,,,,,,,,,,,,,,,,,,,,,,,,,,,,,,,,,,,,,,,,,,,,,,,,,,,,,,,,,,,,,,,,,,,
367,1,0,13,5,4,,,,,,,,,,,,,,,,,,,,,0,,,1,,,,,,,,,,,,,,,-1,,,,,,,,,,,,,,,,,,,,,,,,,,,,,,1,,,,,,,,,,,,,,,,,,,,,-1,,,,,,,,,,,1,,,,,,,,,0,,,,,,,,,,,,,,,,,,0,,,,,,,,,,,,,,,,,-1,1,1,,,,,,,,,,0,,,,,,,,,-1,,,,,,,,
376,,0,1,0,0,,,,,,,,,,,,,,,,,,,,,0,,,,,,,,,,,,,,,,,,,,,,,,,,,,,,,,,,,,,,,,,,,,,,,,,,,,,,,,,,,,,,,,,,,,,,,,,,,,,,,,,,,,,,,,,,,,,,,,,,,,,,,,,,,,,,,,,,,,,,,,,,,,,,,,,,,,,,,,,,,,,,,,,,,,,,,,,
378,1,0,23,15,8,,,,,,,,,,,,,,,,,,,,,-1,,,,,,,,,,,,,,,,,,1,,,,1,,,,,,,,,,-1,,,,,,-1,,,,,,,,1,,,1,-1,,1,,,-1,,,,,,,,,,,,,,1,,,1,-1,,,,,1,,,,,,,-1,,,,1,,,,,,,,1,,,,,,,,,,,,,,,-1,1,,,,,,,,,,,,,,,1,,,,,1,,,,,,1,,,,1,,,,,,,,,,
121,,0,4,3,0,,,,,,,,,,,,,,,,,,,,,,1,,,,,,,,,1,,,,,,,,,,,,,,,,,,,,,,,,,,,,,,,,,,,,,,,,,,,,,,,,,,,,,,,,,,,,,,,,,,,,1,,,,,,,,,,,,,,,,,,,,,,,,,,,,,,,,,,,,,,,,,,,,,,,,,,,,,,,,,,,,,,0,,,,,,,,,,,,,
318,,0,1,1,0,,,,,,,,,,,,,,,,,,,,,,1,,,,,,,,,,,,,,,,,,,,,,,,,,,,,,,,,,,,,,,,,,,,,,,,,,,,,,,,,,,,,,,,,,,,,,,,,,,,,,,,,,,,,,,,,,,,,,,,,,,,,,,,,,,,,,,,,,,,,,,,,,,,,,,,,,,,,,,,,,,,,,,,,,,,,,,,
363,1,0,7,6,0,,,,,,,,,,,,,,,,,,,,,,1,,,,,,,,,,,,,,,,,,,,,,,,1,,,,,,,,,,,1,,,,,,1,,,,,,,,,,,,,,,,,,,,,,,,,,,,,,,,,,,,,,,,,,,,1,,,,,,,,,,,,,,,,,,,,,,,,,,,,,,,,,,,,,1,,,,,,,,,,,,,,0,,,,,,,,,,,,,,,,
415,,0,3,2,1,,,,,,,,,,,,,,,,,,,,,,,-1,,,,,,,,,,,,,,,,,,,,,,,,,,1,,,,,,,,,,,,,,,,,,,,,,,,,,,,,,,,,,,,,,,,,,,,,,,,,,,,,,,,,,,,,,,,,,,,,,,,,,,,,,,,,,,,,,,,1,,,,,,,,,,,,,,,,,,,,,,,,,,,,,,,,,,,,,
180,,0,2,0,1,,,,,,,,,,,,,,,,,,,,,,,,-1,,,,,,,,,,,,,,,,,,,,,,,,,,,,,,,,,,,,,,,,,,,,,,,,,,,,,,,,,,,,,,,,,,0,,,,,,,,,,,,,,,,,,,,,,,,,,,,,,,,,,,,,,,,,,,,,,,,,,,,,,,,,,,,,,,,,,,,,,,,,,,,,,,,,,,,
391,1,0,9,5,3,,,,,,,,,,,,,,,,,,,,,,,,1,,,-1,,,,,,,,,,,,,,,,,,,,,,,,,,,,,,,,,,,,,,,,,,,,,,,,,,,1,0,,,,,,,,,,,,,,,,,,,,,,,,,,,,,,,,,,,,-1,,,-1,1,,,,,,,,,,,,,,,,,,,,,,,,,,,,,,,,,,,,,,,,,,,,,,,,,,,,,1,1,
304,,0,1,0,0,,,,,,,,,,,,,,,,,,,,,,,,,0,,,,,,,,,,,,,,,,,,,,,,,,,,,,,,,,,,,,,,,,,,,,,,,,,,,,,,,,,,,,,,,,,,,,,,,,,,,,,,,,,,,,,,,,,,,,,,,,,,,,,,,,,,,,,,,,,,,,,,,,,,,,,,,,,,,,,,,,,,,,,,,,,,,,,
84,,0,1,0,0,,,,,,,,,,,,,,,,,,,,,,,,,,0,,,,,,,,,,,,,,,,,,,,,,,,,,,,,,,,,,,,,,,,,,,,,,,,,,,,,,,,,,,,,,,,,,,,,,,,,,,,,,,,,,,,,,,,,,,,,,,,,,,,,,,,,,,,,,,,,,,,,,,,,,,,,,,,,,,,,,,,,,,,,,,,,,,,
125,,0,2,1,0,,,,,,,,,,,,,,,,,,,,,,,,,,1,,,,,,,,,,,,,,,,,,,,,,,,,,,,,,,,,0,,,,,,,,,,,,,,,,,,,,,,,,,,,,,,,,,,,,,,,,,,,,,,,,,,,,,,,,,,,,,,,,,,,,,,,,,,,,,,,,,,,,,,,,,,,,,,,,,,,,,,,,,,,,,,,,,,,
430,,0,2,1,1,,,,,,,,,,,,,,,,,,,,,,,,,,-1,,,,,,,,,,,,,,,,,,,,,,,,,,,,,,,,,,,,,,,,,,,,,,,,,,,,,,,,,,,,,,,,,,,,,,,,,,,,,,,,,,,,,,,,,,,,,,,,,,,,,,,,,,,,,,,,1,,,,,,,,,,,,,,,,,,,,,,,,,,,,,,,,,,,,
394,,0,3,1,0,,,,,,,,,,,,,,,,,,,,,,,,,,,0,,,,,,,,,,,,,,,,,,,,,,,,,,,,,,,,,,,,,,,,,,,,,,,,,,,,,,,,,,,,,,,,,,,,,,,,,,,,,,,,,,,,,,,,,,,,,,,,,,,,,,,,0,,,,,,,,,,,,,,,,1,,,,,,,,,,,,,,,,,,,,,,,,,,,
439,,0,1,1,0,,,,,,,,,,,,,,,,,,,,,,,,,,,1,,,,,,,,,,,,,,,,,,,,,,,,,,,,,,,,,,,,,,,,,,,,,,,,,,,,,,,,,,,,,,,,,,,,,,,,,,,,,,,,,,,,,,,,,,,,,,,,,,,,,,,,,,,,,,,,,,,,,,,,,,,,,,,,,,,,,,,,,,,,,,,,,,,
128,1,0,7,5,0,,,,,,,,,,,,,,,,,,,,,,,,,,,,1,,,1,,,,,,,,,,,,1,,,,,,,,,,,,,,,,,,,0,,,,,,,,,,,,,,,,,,,,0,,,,,,,,1,,,1,,,,,,,,,,,,,,,,,,,,,,,,,,,,,,,,,,,,,,,,,,,,,,,,,,,,,,,,,,,,,,,,,,,,,,,,,,,,,,,,,
192,,0,4,2,0,,,,,,,,,,,,,,,,,,,,,,,,,,,,1,,,,,,,,,,,,,,,,,,,,,,,,,,,,,,,,,,,,,,,,,,,,,,,,1,,,,,,,,0,,,,,,,,,,,,,,0,,,,,,,,,,,,,,,,,,,,,,,,,,,,,,,,,,,,,,,,,,,,,,,,,,,,,,,,,,,,,,,,,,,,,,,,,,,,
417,,0,4,0,0,,,,,,,,,,,,,,,,,,,,,,,,,,,,0,,,,,,,,,,,,,,,,,,,,,,,,,,,,,,,,,,,,,,,,,,,,,,,,,,,,,,,,,,,,,,,,,,,,,,,,,,,,,,,,,,,,,,,,,,,,,,,,,,,0,,,,,,,,,,,,,,,,,,,,,,,,,,,,,,,,,,,,,,,0,,,0,,,,,
372,,0,5,1,2,,,,,,,,,,,,,,,,,,,,,,,,,,,,,1,,,,,,,,,,,,,,,,,,,,,,,,,,,,,,,,,,,,,,,,,,,,,,,,,,,,,,,,,,,,,,,,,,,,,,,,,,,,,,,,,,,,,,0,,,,,,,-1,,,,,,,,,,,,,,,,,,,,0,,,,,,,,,,,,,,,,,,,,-1,,,,,,,,,,,,
421,,0,3,1,1,,,,,,,,,,,,,,,,,,,,,,,,,,,,,0,,,,,,,,,,,,,,,,,,,,,,,,,,,,,,,,,,,,,,,,,,,,,,,,,,,,,,,,,,,,,,,,,,,,,,,,,,,,,,,,,,,-1,,,,,,,,,,,,,,,,,,,,,,,,,,,,,,,,,,,,,,,,,,,,,,,,,,,,,,,,,,,,,,1
427,1,0,8,8,0,,,,,,,,,,,,,,,,,,,,,,,,,,,,,1,1,,,,,,,,,,1,,,,,,,,,,,,,1,,,,,,,,,,,,,,,,,,,,,,1,,,,,,,,,,,,,,,,,,,,,,,,,,,,,,,,,,,,,,,,,,,,,,,1,,1,,1,,,,,,,,,,,,,,,,,,,,,,,,,,,,,,,,,,,,,,,,,,,,,,,,
428,1,0,9,4,5,,,,,,,,,,,,,,,,,,,,,,,,,,,,,1,,,,1,,,,,,,,,-1,,,,,,,,,,,,,,,,,,,,,,,,,,-1,,,,,,,,,,,,,,,,,,,,,,,,,,,,,,,,,,,,,,,,,1,,,,,,,,,,,,,,,,,-1,,,,,,,,,,,,,,,,,,,,,,-1,,,1,,,,,,,-1,,,,,,,,,,,,,,,,
131,,0,1,1,0,,,,,,,,,,,,,,,,,,,,,,,,,,,,,,1,,,,,,,,,,,,,,,,,,,,,,,,,,,,,,,,,,,,,,,,,,,,,,,,,,,,,,,,,,,,,,,,,,,,,,,,,,,,,,,,,,,,,,,,,,,,,,,,,,,,,,,,,,,,,,,,,,,,,,,,,,,,,,,,,,,,,,,,,,,,,,,,
349,,0,4,2,1,,,,,,,,,,,,,,,,,,,,,,,,,,,,,,1,,,,,,,,,,,,,,,,,,,,,,,,,,,,,,,,,,,,,,,,,,,,,,,,,,,,,,,,,,,,,,,-1,1,,,,,,,,,,,,,,,,0,,,,,,,,,,,,,,,,,,,,,,,,,,,,,,,,,,,,,,,,,,,,,,,,,,,,,,,,,,,,,,,,
400,,0,5,0,0,,,,,,,,,,,,,,,,,,,,,,,,,,,,,,0,,,,,,,,,,,,,,,,,,,,,,,,,,,0,,,,,,,,,,,,,,,,,,,,,,,,,,,,,,,,,,,,,,,,,,,,,,,,,,0,,,,,,,,,,,,,,,,,0,,,,,0,,,,,,,,,,,,,,,,,,,,,,,,,,,,,,,,,,,,,,,,,,,,,
385,1,0,14,0,0,,,,,,,,,,,,,,,,,,,,,,,,,,,,,,,0,,,,,,,,,,,0,,0,,,,,,,,,,,,,,,,,,,,,,,,,0,,,,,,,,,,,,,,,,,,,,0,,,,,,,,,,,,,,,,,,,,0,,,,,,,,,,,,,,,,,,,,,,,0,0,,,,,,,,,0,,,0,0,,,,,,0,,,,,,0,0,,,,,,,,,,,,,,,
389,,0,2,0,0,,,,,,,,,,,,,,,,,,,,,,,,,,,,,,,0,,,,,,,,,,,,,,,,,,,,,,,,,,,,,,,,,,,,,,,,,,,,,,,,,,,,,,,,,,,,,,,,,,,,,,,,,,,,,,,,,,,,,,,,,,,,,,,,,,,,0,,,,,,,,,,,,,,,,,,,,,,,,,,,,,,,,,,,,,,,,,,,
210,,0,3,1,0,,,,,,,,,,,,,,,,,,,,,,,,,,,,,,,,0,,,,,,,,,,,,,,,,,,,,0,,,,,,,,,,,,,,,,,,,,,1,,,,,,,,,,,,,,,,,,,,,,,,,,,,,,,,,,,,,,,,,,,,,,,,,,,,,,,,,,,,,,,,,,,,,,,,,,,,,,,,,,,,,,,,,,,,,,,,,,,,,
267,,0,6,6,0,,,,,,,,,,,,,,,,,,,,,,,,,,,,,,,,1,,,,,,,,,,,1,,1,,,,,,,1,1,,,,,,,,,,,,,,,,,,,,,,,,,,,,,,,,,,,,,,,,,,,,,,,,1,,,,,,,,,,,,,,,,,,,,,,,,,,,,,,,,,,,,,,,,,,,,,,,,,,,,,,,,,,,,,,,,,,,,,,,,,
204,,0,3,3,0,,,,,,,,,,,,,,,,,,,,,,,,,,,,,,,,,1,,,,,,,,,,,,,,,,,,,,,,,,,,,,,,,,,1,,,,,,,,,,,,,,,1,,,,,,,,,,,,,,,,,,,,,,,,,,,,,,,,,,,,,,,,,,,,,,,,,,,,,,,,,,,,,,,,,,,,,,,,,,,,,,,,,,,,,,,,,,,,,
21,,3,3,3,0,,,,,,,,,,,,,,,,,,,,,,,,,,,,,,,,,,1,1,1,,,,,,,,,,,,,,,,,,,,,,,,,,,,,,,,,,,,,,,,,,,,,,,,,,,,,,,,,,,,,,,,,,,,,,,,,,,,,,,,,,,,,,,,,,,,,,,,,,,,,,,,,,,,,,,,,,,,,,,,,,,,,,,,,,,,,,,,,,
420,1,0,7,0,0,,,,,,,,,,,,,,,,,,,,,,,,,,,,,,,,,,,,,,0,,0,,,,,,,,,0,,,,,,,,,,,,,,0,,,,,,,,,,,,,,,,,,,,,,,,,,,,,,,,,,,,,,,,,,,,,,,,,,,,,,,,,,,,,,,,,,,,,,0,,,,,,,,,,,,,,,,0,,0,,,,,,,,,,,,,,,,,,,,,,,
115,,0,2,2,0,,,,,,,,,,,,,,,,,,,,,,,,,,,,,,,,,,,,,,,1,,,,,,,,,,,,,,,,,,,,,,,,,,,,,,,,,,,,,,,,1,,,,,,,,,,,,,,,,,,,,,,,,,,,,,,,,,,,,,,,,,,,,,,,,,,,,,,,,,,,,,,,,,,,,,,,,,,,,,,,,,,,,,,,,,,,,,,,
445,,0,1,0,1,,,,,,,,,,,,,,,,,,,,,,,,,,,,,,,,,,,,,,,-1,,,,,,,,,,,,,,,,,,,,,,,,,,,,,,,,,,,,,,,,,,,,,,,,,,,,,,,,,,,,,,,,,,,,,,,,,,,,,,,,,,,,,,,,,,,,,,,,,,,,,,,,,,,,,,,,,,,,,,,,,,,,,,,,,,,,,,,
446,,0,4,3,0,,,,,,,,,,,,,,,,,,,,,,,,,,,,,,,,,,,,,,,0,,,,,,,,,,,,,,,,,,,,,,,,,,,,,,,,,,,,,,,,,,,,,,,,,,,,,,,,,,,,,,,1,,,,,,,,,,,,,,,,,,,,,,,,,,,,,,,,,,,,,,,,,,,,,,,,,,,,,,,,,1,,,,,,,,,1,,,,,,
77,,0,1,0,1,,,,,,,,,,,,,,,,,,,,,,,,,,,,,,,,,,,,,,,,-1,,,,,,,,,,,,,,,,,,,,,,,,,,,,,,,,,,,,,,,,,,,,,,,,,,,,,,,,,,,,,,,,,,,,,,,,,,,,,,,,,,,,,,,,,,,,,,,,,,,,,,,,,,,,,,,,,,,,,,,,,,,,,,,,,,,,,,
276,,0,5,5,0,,,,,,,,,,,,,,,,,,,,,,,,,,,,,,,,,,,,,,,,,,,,1,,,,,,,,,,,,,,,1,,,1,,,,,,,,,,,,,,,,,,,,,,,,,,,,,,,,,,,,,,,,1,,,,,,,,,,,,,,,,,1,,,,,,,,,,,,,,,,,,,,,,,,,,,,,,,,,,,,,,,,,,,,,,,,,,,,,,,
405,,0,3,0,0,,,,,,,,,,,,,,,,,,,,,,,,,,,,,,,,,,,,,,,,,,,,,0,,,,,,,,,,,,,,,,,,,,,,,,,,,,,,,,,,,,,,,,,,,,,,,,,,,,,,,,,,,,,,,,,,,,,,,,,0,,,,,,,,,0,,,,,,,,,,,,,,,,,,,,,,,,,,,,,,,,,,,,,,,,,,,,,,,
151,,0,6,3,3,,,,,,,,,,,,,,,,,,,,,,,,,,,,,,,,,,,,,,,,,,,,,,-1,,,,,,,,,,,,,,,,1,,,,,,,,1,,,,,-1,,,,,,,-1,,,,,,,,,,,1,,,,,,,,,,,,,,,,,,,,,,,,,,,,,,,,,,,,,,,,,,,,,,,,,,,,,,,,,,,,,,,,,,,,,,,,,,,,,,,,,
359,,0,2,0,0,,,,,,,,,,,,,,,,,,,,,,,,,,,,,,,,,,,,,,,,,,,,,,0,,,,,,,,,,,,,,,,,,,,,,,,,,,,,,,,,,,,,0,,,,,,,,,,,,,,,,,,,,,,,,,,,,,,,,,,,,,,,,,,,,,,,,,,,,,,,,,,,,,,,,,,,,,,,,,,,,,,,,,,,,,,,,,,,
165,,0,2,1,0,,,,,,,,,,,,,,,,,,,,,,,,,,,,,,,,,,,,,,,,,,,,,,,0,,,,,,,,,,,,,,,,,,,,,,,,,,,1,,,,,,,,,,,,,,,,,,,,,,,,,,,,,,,,,,,,,,,,,,,,,,,,,,,,,,,,,,,,,,,,,,,,,,,,,,,,,,,,,,,,,,,,,,,,,,,,,,,,
82,,0,2,1,0,,,,,,,,,,,,,,,,,,,,,,,,,,,,,,,,,,,,,,,,,,,,,,,,,1,,,,,,0,,,,,,,,,,,,,,,,,,,,,,,,,,,,,,,,,,,,,,,,,,,,,,,,,,,,,,,,,,,,,,,,,,,,,,,,,,,,,,,,,,,,,,,,,,,,,,,,,,,,,,,,,,,,,,,,,,,,,,,
398,,0,1,1,0,,,,,,,,,,,,,,,,,,,,,,,,,,,,,,,,,,,,,,,,,,,,,,,,,1,,,,,,,,,,,,,,,,,,,,,,,,,,,,,,,,,,,,,,,,,,,,,,,,,,,,,,,,,,,,,,,,,,,,,,,,,,,,,,,,,,,,,,,,,,,,,,,,,,,,,,,,,,,,,,,,,,,,,,,,,,,,,
312,,0,1,1,0,,,,,,,,,,,,,,,,,,,,,,,,,,,,,,,,,,,,,,,,,,,,,,,,,,,,1,,,,,,,,,,,,,,,,,,,,,,,,,,,,,,,,,,,,,,,,,,,,,,,,,,,,,,,,,,,,,,,,,,,,,,,,,,,,,,,,,,,,,,,,,,,,,,,,,,,,,,,,,,,,,,,,,,,,,,,,,,
96,,0,1,1,0,,,,,,,,,,,,,,,,,,,,,,,,,,,,,,,,,,,,,,,,,,,,,,,,,,,,,1,,,,,,,,,,,,,,,,,,,,,,,,,,,,,,,,,,,,,,,,,,,,,,,,,,,,,,,,,,,,,,,,,,,,,,,,,,,,,,,,,,,,,,,,,,,,,,,,,,,,,,,,,,,,,,,,,,,,,,,,,
291,1,0,7,1,6,,,,,,,,,,,,,,,,,,,,,,,,,,,,,,,,,,,,,,,,,,,,,,,,,,,,,-1,,,,-1,,,,,-1,,,,-1,,,,,,,,,,1,,,,,,,,,,,,,,,,,,,,,,,,,,,,,,,,,,,,,,,,,,,,,,,,,,,,,,,-1,,-1,,,,,,,,,,,,,,,,,,,,,,,,,,,,,,,,,,,,,,,,,
395,,0,2,1,0,,,,,,,,,,,,,,,,,,,,,,,,,,,,,,,,,,,,,,,,,,,,,,,,,,,,,0,,,,,,,,,,,,,,,,,,,,,,,,,,,,,,,1,,,,,,,,,,,,,,,,,,,,,,,,,,,,,,,,,,,,,,,,,,,,,,,,,,,,,,,,,,,,,,,,,,,,,,,,,,,,,,,,,,,,,,,,,,
442,,0,2,0,1,,,,,,,,,,,,,,,,,,,,,,,,,,,,,,,,,,,,,,,,,,,,,,,,,,,,,,0,,,,,,,,,,,,,,,,,,,,,,,,,,,,,,,,,,,,,,,,,,,,,,,,,,,,,,,,,,,,,,,,,,,,,,,,,,,,,,,,,,,,,,,,,,,,,,,,,,,,,,,,,,,,,,,,-1,,,,,,,,
101,,0,2,0,0,,,,,,,,,,,,,,,,,,,,,,,,,,,,,,,,,,,,,,,,,,,,,,,,,,,,,,,0,,,,,,,,,,,,,,,,,,,,,,,,,,,,0,,,,,,,,,,,,,,,,,,,,,,,,,,,,,,,,,,,,,,,,,,,,,,,,,,,,,,,,,,,,,,,,,,,,,,,,,,,,,,,,,,,,,,,,,,,
80,,0,1,1,0,,,,,,,,,,,,,,,,,,,,,,,,,,,,,,,,,,,,,,,,,,,,,,,,,,,,,,,,,1,,,,,,,,,,,,,,,,,,,,,,,,,,,,,,,,,,,,,,,,,,,,,,,,,,,,,,,,,,,,,,,,,,,,,,,,,,,,,,,,,,,,,,,,,,,,,,,,,,,,,,,,,,,,,,,,,,,,,
193,,0,1,1,0,,,,,,,,,,,,,,,,,,,,,,,,,,,,,,,,,,,,,,,,,,,,,,,,,,,,,,,,,,1,,,,,,,,,,,,,,,,,,,,,,,,,,,,,,,,,,,,,,,,,,,,,,,,,,,,,,,,,,,,,,,,,,,,,,,,,,,,,,,,,,,,,,,,,,,,,,,,,,,,,,,,,,,,,,,,,,,,
111,,0,1,1,0,,,,,,,,,,,,,,,,,,,,,,,,,,,,,,,,,,,,,,,,,,,,,,,,,,,,,,,,,,,1,,,,,,,,,,,,,,,,,,,,,,,,,,,,,,,,,,,,,,,,,,,,,,,,,,,,,,,,,,,,,,,,,,,,,,,,,,,,,,,,,,,,,,,,,,,,,,,,,,,,,,,,,,,,,,,,,,,
388,,0,4,2,0,,,,,,,,,,,,,,,,,,,,,,,,,,,,,,,,,,,,,,,,,,,,,,,,,,,,,,,,,,,,,1,,,,,,,,,,,,,,,,,,,,,,,,,,,,,1,,,,,,,,,,,,,,,,,,,,,,,,,,,,,,,,,,,0,,,,,,,,,,,,,,,,,,,,,,,,,,,,0,,,,,,,,,,,,,,,,,,,,,
269,,0,1,0,0,,,,,,,,,,,,,,,,,,,,,,,,,,,,,,,,,,,,,,,,,,,,,,,,,,,,,,,,,,,,,,0,,,,,,,,,,,,,,,,,,,,,,,,,,,,,,,,,,,,,,,,,,,,,,,,,,,,,,,,,,,,,,,,,,,,,,,,,,,,,,,,,,,,,,,,,,,,,,,,,,,,,,,,,,,,,,,,
55,,0,1,1,0,,,,,,,,,,,,,,,,,,,,,,,,,,,,,,,,,,,,,,,,,,,,,,,,,,,,,,,,,,,,,,,,,,1,,,,,,,,,,,,,,,,,,,,,,,,,,,,,,,,,,,,,,,,,,,,,,,,,,,,,,,,,,,,,,,,,,,,,,,,,,,,,,,,,,,,,,,,,,,,,,,,,,,,,,,,,,,,
311,,0,1,1,0,,,,,,,,,,,,,,,,,,,,,,,,,,,,,,,,,,,,,,,,,,,,,,,,,,,,,,,,,,,,,,,,,,1,,,,,,,,,,,,,,,,,,,,,,,,,,,,,,,,,,,,,,,,,,,,,,,,,,,,,,,,,,,,,,,,,,,,,,,,,,,,,,,,,,,,,,,,,,,,,,,,,,,,,,,,,,,,
250,,0,1,0,0,,,,,,,,,,,,,,,,,,,,,,,,,,,,,,,,,,,,,,,,,,,,,,,,,,,,,,,,,,,,,,,,,,,0,,,,,,,,,,,,,,,,,,,,,,,,,,,,,,,,,,,,,,,,,,,,,,,,,,,,,,,,,,,,,,,,,,,,,,,,,,,,,,,,,,,,,,,,,,,,,,,,,,,,,,,,,,,
85,,0,1,1,0,,,,,,,,,,,,,,,,,,,,,,,,,,,,,,,,,,,,,,,,,,,,,,,,,,,,,,,,,,,,,,,,,,,,1,,,,,,,,,,,,,,,,,,,,,,,,,,,,,,,,,,,,,,,,,,,,,,,,,,,,,,,,,,,,,,,,,,,,,,,,,,,,,,,,,,,,,,,,,,,,,,,,,,,,,,,,,,
171,,0,1,1,0,,,,,,,,,,,,,,,,,,,,,,,,,,,,,,,,,,,,,,,,,,,,,,,,,,,,,,,,,,,,,,,,,,,,,1,,,,,,,,,,,,,,,,,,,,,,,,,,,,,,,,,,,,,,,,,,,,,,,,,,,,,,,,,,,,,,,,,,,,,,,,,,,,,,,,,,,,,,,,,,,,,,,,,,,,,,,,,
410,,0,3,1,0,,,,,,,,,,,,,,,,,,,,,,,,,,,,,,,,,,,,,,,,,,,,,,,,,,,,,,,,,,,,,,,,,,,,,,,0,,,,,,,,,,,,,,,,,,,,,,,,,,,,,,,,,,,,,,,,,,,,,,,,0,,,,,,,,,,,,,,,,,,,,,,,,,,,,,,,,,,,,,,,,,,,,,,,,,,,1,,,,
444,,0,3,0,0,,,,,,,,,,,,,,,,,,,,,,,,,,,,,,,,,,,,,,,,,,,,,,,,,,,,,,,,,,,,,,,,,,,,,,,,0,,,,,,,,,,,,,,,,,,,,,,,,,,,,,,,,,,,,,,,,,,,,,,,,,,,,,,,,,,,,,,,,,,,,,,,0,,,,,,,,,,,,,,,,,,,,,,,,,0,,,,,,
143,,0,1,1,0,,,,,,,,,,,,,,,,,,,,,,,,,,,,,,,,,,,,,,,,,,,,,,,,,,,,,,,,,,,,,,,,,,,,,,,,,1,,,,,,,,,,,,,,,,,,,,,,,,,,,,,,,,,,,,,,,,,,,,,,,,,,,,,,,,,,,,,,,,,,,,,,,,,,,,,,,,,,,,,,,,,,,,,,,,,,,,,
146,,0,1,1,0,,,,,,,,,,,,,,,,,,,,,,,,,,,,,,,,,,,,,,,,,,,,,,,,,,,,,,,,,,,,,,,,,,,,,,,,,,1,,,,,,,,,,,,,,,,,,,,,,,,,,,,,,,,,,,,,,,,,,,,,,,,,,,,,,,,,,,,,,,,,,,,,,,,,,,,,,,,,,,,,,,,,,,,,,,,,,,,
72,,0,1,0,1,,,,,,,,,,,,,,,,,,,,,,,,,,,,,,,,,,,,,,,,,,,,,,,,,,,,,,,,,,,,,,,,,,,,,,,,,,,-1,,,,,,,,,,,,,,,,,,,,,,,,,,,,,,,,,,,,,,,,,,,,,,,,,,,,,,,,,,,,,,,,,,,,,,,,,,,,,,,,,,,,,,,,,,,,,,,,,,,
70,,2,2,2,0,,,,,,,,,,,,,,,,,,,,,,,,,,,,,,,,,,,,,,,,,,,,,,,,,,,,,,,,,,,,,,,,,,,,,,,,,,,,,,1,1,,,,,,,,,,,,,,,,,,,,,,,,,,,,,,,,,,,,,,,,,,,,,,,,,,,,,,,,,,,,,,,,,,,,,,,,,,,,,,,,,,,,,,,,,,,,,,,
173,,0,1,0,1,,,,,,,,,,,,,,,,,,,,,,,,,,,,,,,,,,,,,,,,,,,,,,,,,,,,,,,,,,,,,,,,,,,,,,,,,,,,,,,-1,,,,,,,,,,,,,,,,,,,,,,,,,,,,,,,,,,,,,,,,,,,,,,,,,,,,,,,,,,,,,,,,,,,,,,,,,,,,,,,,,,,,,,,,,,,,,,,
424,,0,1,1,0,,,,,,,,,,,,,,,,,,,,,,,,,,,,,,,,,,,,,,,,,,,,,,,,,,,,,,,,,,,,,,,,,,,,,,,,,,,,,,,,,,1,,,,,,,,,,,,,,,,,,,,,,,,,,,,,,,,,,,,,,,,,,,,,,,,,,,,,,,,,,,,,,,,,,,,,,,,,,,,,,,,,,,,,,,,,,,,
348,,0,1,0,1,,,,,,,,,,,,,,,,,,,,,,,,,,,,,,,,,,,,,,,,,,,,,,,,,,,,,,,,,,,,,,,,,,,,,,,,,,,,,,,,,,,-1,,,,,,,,,,,,,,,,,,,,,,,,,,,,,,,,,,,,,,,,,,,,,,,,,,,,,,,,,,,,,,,,,,,,,,,,,,,,,,,,,,,,,,,,,,,
366,,0,2,1,1,,,,,,,,,,,,,,,,,,,,,,,,,,,,,,,,,,,,,,,,,,,,,,,,,,,,,,,,,,,,,,,,,,,,,,,,,,,,,,,,,,,,1,,,,,,,,,,,,,,,,,,,,,,,,,,,,,,-1,,,,,,,,,,,,,,,,,,,,,,,,,,,,,,,,,,,,,,,,,,,,,,,,,,,,,,,,,,,,
418,,0,1,0,0,,,,,,,,,,,,,,,,,,,,,,,,,,,,,,,,,,,,,,,,,,,,,,,,,,,,,,,,,,,,,,,,,,,,,,,,,,,,,,,,,,,,0,,,,,,,,,,,,,,,,,,,,,,,,,,,,,,,,,,,,,,,,,,,,,,,,,,,,,,,,,,,,,,,,,,,,,,,,,,,,,,,,,,,,,,,,,,
308,,0,1,0,0,,,,,,,,,,,,,,,,,,,,,,,,,,,,,,,,,,,,,,,,,,,,,,,,,,,,,,,,,,,,,,,,,,,,,,,,,,,,,,,,,,,,,,,,,0,,,,,,,,,,,,,,,,,,,,,,,,,,,,,,,,,,,,,,,,,,,,,,,,,,,,,,,,,,,,,,,,,,,,,,,,,,,,,,,,,,,,,
170,,0,2,2,0,,,,,,,,,,,,,,,,,,,,,,,,,,,,,,,,,,,,,,,,,,,,,,,,,,,,,,,,,,,,,,,,,,,,,,,,,,,,,,,,,,,,,,,,,,1,,,1,,,,,,,,,,,,,,,,,,,,,,,,,,,,,,,,,,,,,,,,,,,,,,,,,,,,,,,,,,,,,,,,,,,,,,,,,,,,,,,,,
339,,0,1,0,1,,,,,,,,,,,,,,,,,,,,,,,,,,,,,,,,,,,,,,,,,,,,,,,,,,,,,,,,,,,,,,,,,,,,,,,,,,,,,,,,,,,,,,,,,,-1,,,,,,,,,,,,,,,,,,,,,,,,,,,,,,,,,,,,,,,,,,,,,,,,,,,,,,,,,,,,,,,,,,,,,,,,,,,,,,,,,,,,
409,,0,1,0,0,,,,,,,,,,,,,,,,,,,,,,,,,,,,,,,,,,,,,,,,,,,,,,,,,,,,,,,,,,,,,,,,,,,,,,,,,,,,,,,,,,,,,,,,,,,,0,,,,,,,,,,,,,,,,,,,,,,,,,,,,,,,,,,,,,,,,,,,,,,,,,,,,,,,,,,,,,,,,,,,,,,,,,,,,,,,,,,
279,,0,1,1,0,,,,,,,,,,,,,,,,,,,,,,,,,,,,,,,,,,,,,,,,,,,,,,,,,,,,,,,,,,,,,,,,,,,,,,,,,,,,,,,,,,,,,,,,,,,,,1,,,,,,,,,,,,,,,,,,,,,,,,,,,,,,,,,,,,,,,,,,,,,,,,,,,,,,,,,,,,,,,,,,,,,,,,,,,,,,,,,
337,,0,1,0,1,,,,,,,,,,,,,,,,,,,,,,,,,,,,,,,,,,,,,,,,,,,,,,,,,,,,,,,,,,,,,,,,,,,,,,,,,,,,,,,,,,,,,,,,,,,,,,-1,,,,,,,,,,,,,,,,,,,,,,,,,,,,,,,,,,,,,,,,,,,,,,,,,,,,,,,,,,,,,,,,,,,,,,,,,,,,,,,,
419,,0,1,0,0,,,,,,,,,,,,,,,,,,,,,,,,,,,,,,,,,,,,,,,,,,,,,,,,,,,,,,,,,,,,,,,,,,,,,,,,,,,,,,,,,,,,,,,,,,,,,,,,,,,0,,,,,,,,,,,,,,,,,,,,,,,,,,,,,,,,,,,,,,,,,,,,,,,,,,,,,,,,,,,,,,,,,,,,,,,,,,,
399,,0,1,1,0,,,,,,,,,,,,,,,,,,,,,,,,,,,,,,,,,,,,,,,,,,,,,,,,,,,,,,,,,,,,,,,,,,,,,,,,,,,,,,,,,,,,,,,,,,,,,,,,,,,,,,1,,,,,,,,,,,,,,,,,,,,,,,,,,,,,,,,,,,,,,,,,,,,,,,,,,,,,,,,,,,,,,,,,,,,,,,,
236,,0,1,0,1,,,,,,,,,,,,,,,,,,,,,,,,,,,,,,,,,,,,,,,,,,,,,,,,,,,,,,,,,,,,,,,,,,,,,,,,,,,,,,,,,,,,,,,,,,,,,,,,,,,,,,,-1,,,,,,,,,,,,,,,,,,,,,,,,,,,,,,,,,,,,,,,,,,,,,,,,,,,,,,,,,,,,,,,,,,,,,,,
396,,0,1,0,0,,,,,,,,,,,,,,,,,,,,,,,,,,,,,,,,,,,,,,,,,,,,,,,,,,,,,,,,,,,,,,,,,,,,,,,,,,,,,,,,,,,,,,,,,,,,,,,,,,,,,,,0,,,,,,,,,,,,,,,,,,,,,,,,,,,,,,,,,,,,,,,,,,,,,,,,,,,,,,,,,,,,,,,,,,,,,,,
402,,0,3,1,1,,,,,,,,,,,,,,,,,,,,,,,,,,,,,,,,,,,,,,,,,,,,,,,,,,,,,,,,,,,,,,,,,,,,,,,,,,,,,,,,,,,,,,,,,,,,,,,,,,,,,,,,0,,,,,,,,,,,,,-1,,,,,,,,,,,,,,,,,,,,,,,,,,,,,,,,,,,,,,,,,,1,,,,,,,,,,,,,,,
351,,0,1,0,1,,,,,,,,,,,,,,,,,,,,,,,,,,,,,,,,,,,,,,,,,,,,,,,,,,,,,,,,,,,,,,,,,,,,,,,,,,,,,,,,,,,,,,,,,,,,,,,,,,,,,,,,,,,,-1,,,,,,,,,,,,,,,,,,,,,,,,,,,,,,,,,,,,,,,,,,,,,,,,,,,,,,,,,,,,,,,,,,
443,,0,3,3,0,,,,,,,,,,,,,,,,,,,,,,,,,,,,,,,,,,,,,,,,,,,,,,,,,,,,,,,,,,,,,,,,,,,,,,,,,,,,,,,,,,,,,,,,,,,,,,,,,,,,,,,,,,,,,1,,,,,,1,,,,,,,,,,,,,,,,,,,,,,,,,,,,,,,,,,,,,,,,,,,,,,,,,,,,,,,1,,,,
403,,0,1,0,0,,,,,,,,,,,,,,,,,,,,,,,,,,,,,,,,,,,,,,,,,,,,,,,,,,,,,,,,,,,,,,,,,,,,,,,,,,,,,,,,,,,,,,,,,,,,,,,,,,,,,,,,,,,,,,0,,,,,,,,,,,,,,,,,,,,,,,,,,,,,,,,,,,,,,,,,,,,,,,,,,,,,,,,,,,,,,,,
429,,0,1,0,0,,,,,,,,,,,,,,,,,,,,,,,,,,,,,,,,,,,,,,,,,,,,,,,,,,,,,,,,,,,,,,,,,,,,,,,,,,,,,,,,,,,,,,,,,,,,,,,,,,,,,,,,,,,,,,,,,,,,,,,0,,,,,,,,,,,,,,,,,,,,,,,,,,,,,,,,,,,,,,,,,,,,,,,,,,,,,,,
411,,0,2,1,0,,,,,,,,,,,,,,,,,,,,,,,,,,,,,,,,,,,,,,,,,,,,,,,,,,,,,,,,,,,,,,,,,,,,,,,,,,,,,,,,,,,,,,,,,,,,,,,,,,,,,,,,,,,,,,,,,,,,,,,,,,,,,,,,,,1,,,,,,,,,,,,,,,,,,,,,,,,,,,,,,0,,,,,,,,,,,,,,
319,,0,1,1,0,,,,,,,,,,,,,,,,,,,,,,,,,,,,,,,,,,,,,,,,,,,,,,,,,,,,,,,,,,,,,,,,,,,,,,,,,,,,,,,,,,,,,,,,,,,,,,,,,,,,,,,,,,,,,,,,,,,,,,,,,,,,,,,,,,,,1,,,,,,,,,,,,,,,,,,,,,,,,,,,,,,,,,,,,,,,,,,
332,,0,1,1,0,,,,,,,,,,,,,,,,,,,,,,,,,,,,,,,,,,,,,,,,,,,,,,,,,,,,,,,,,,,,,,,,,,,,,,,,,,,,,,,,,,,,,,,,,,,,,,,,,,,,,,,,,,,,,,,,,,,,,,,,,,,,,,,,,,,,1,,,,,,,,,,,,,,,,,,,,,,,,,,,,,,,,,,,,,,,,,,
406,,0,2,0,1,,,,,,,,,,,,,,,,,,,,,,,,,,,,,,,,,,,,,,,,,,,,,,,,,,,,,,,,,,,,,,,,,,,,,,,,,,,,,,,,,,,,,,,,,,,,,,,,,,,,,,,,,,,,,,,,,,,,,,,,,,,,,,,,,,,,0,,,,,,,,,,,,,,,,,,,-1,,,,,,,,,,,,,,,,,,,,,,,
408,,0,1,0,1,,,,,,,,,,,,,,,,,,,,,,,,,,,,,,,,,,,,,,,,,,,,,,,,,,,,,,,,,,,,,,,,,,,,,,,,,,,,,,,,,,,,,,,,,,,,,,,,,,,,,,,,,,,,,,,,,,,,,,,,,,,,,,,,,,,,,,,,,-1,,,,,,,,,,,,,,,,,,,,,,,,,,,,,,,,,,,,,
435,,0,1,1,0,,,,,,,,,,,,,,,,,,,,,,,,,,,,,,,,,,,,,,,,,,,,,,,,,,,,,,,,,,,,,,,,,,,,,,,,,,,,,,,,,,,,,,,,,,,,,,,,,,,,,,,,,,,,,,,,,,,,,,,,,,,,,,,,,,,,,,,,,,,,,,,,,,,,,,,,,1,,,,,,,,,,,,,,,,,,,,,
432,,0,1,1,0,,,,,,,,,,,,,,,,,,,,,,,,,,,,,,,,,,,,,,,,,,,,,,,,,,,,,,,,,,,,,,,,,,,,,,,,,,,,,,,,,,,,,,,,,,,,,,,,,,,,,,,,,,,,,,,,,,,,,,,,,,,,,,,,,,,,,,,,,,,,,,,,,,,,,,,,,,,,1,,,,,,,,,,,,,,,,,,
382,,0,2,0,0,,,,,,,,,,,,,,,,,,,,,,,,,,,,,,,,,,,,,,,,,,,,,,,,,,,,,,,,,,,,,,,,,,,,,,,,,,,,,,,,,,,,,,,,,,,,,,,,,,,,,,,,,,,,,,,,,,,,,,,,,,,,,,,,,,,,,,,,,,,,,,,,,,,,,,,,,,,,,,,0,,0,,,,,,,,,,,,,
401,,0,1,0,0,,,,,,,,,,,,,,,,,,,,,,,,,,,,,,,,,,,,,,,,,,,,,,,,,,,,,,,,,,,,,,,,,,,,,,,,,,,,,,,,,,,,,,,,,,,,,,,,,,,,,,,,,,,,,,,,,,,,,,,,,,,,,,,,,,,,,,,,,,,,,,,,,,,,,,,,,,,,,,,,,0,,,,,,,,,,,,,
407,,0,1,1,0,,,,,,,,,,,,,,,,,,,,,,,,,,,,,,,,,,,,,,,,,,,,,,,,,,,,,,,,,,,,,,,,,,,,,,,,,,,,,,,,,,,,,,,,,,,,,,,,,,,,,,,,,,,,,,,,,,,,,,,,,,,,,,,,,,,,,,,,,,,,,,,,,,,,,,,,,,,,,,,,,,,,,,,,,,,,,1,
