participant,group-id,n-comments,n-votes,n-agree,n-disagree,0,1,2,3,4,5,6,7,8,9,10,11,12,13,14,15,16,17,18,19,20,21,22,23,24,25,26,27,28,29,30,31,32,33,34,35,36,37,38,39,40,41,42,43,44,45,46,47,48,49,50,51,52,53,54,55,56,57,58,59,60,61,62,63,64,65,66,67,68,69,70,71,72,73,74,75,76,77,78,79,80,81,82,83,84,85,86,87,88,89,90,91,92,93,94,95,96,97,98,99,100,101,102,103,104,105,106,107,108,109,110,111,112,113,114,115,116,117,118,119,120,121,122,123,124,125,126,127,128,129,130,131,132,133,134,135,136,137,138,139,140,141,142,143,144,145,146,147
2,1,0,41,19,18,-1,1,-1,1,-1,-1,-1,1,-1,-1,-1,-1,-1,1,-1,0,-1,-1,-1,-1,-1,-1,0,-1,1,1,1,1,1,1,1,1,1,0,0,1,1,1,1,1,1,,,,,,,,,,,,,,,,,,,,,,,,,,,,,,,,,,,,,,,,,,,,,,,,,,,,,,,,,,,,,,,,,,,,,,,,,,,,,,,,,,,,,,,,,,,,,,,,,,,,,,,,,,,
3,1,0,41,22,16,-1,-1,1,1,1,-1,-1,1,-1,-1,-1,-1,-1,-1,1,1,1,1,-1,-1,-1,0,1,0,1,1,1,1,1,-1,1,1,-1,1,1,1,-1,1,0,1,1,,,,,,,,,,,,,,,,,,,,,,,,,,,,,,,,,,,,,,,,,,,,,,,,,,,,,,,,,,,,,,,,,,,,,,,,,,,,,,,,,,,,,,,,,,,,,,,,,,,,,,,,,,,
4,1,0,78,41,33,-1,1,-1,1,-1,-1,-1,1,-1,-1,-1,-1,1,-1,-1,-1,-1,-1,-1,-1,-1,-1,-1,-1,1,-1,1,1,1,1,1,1,1,0,1,1,1,1,1,1,1,1,-1,1,1,1,1,,,,1,,,,-1,-1,,,,,,-1,,,-1,-1,1,,,,,,,,-1,,1,,,0,1,,-1,-1,1,,1,1,0,-1,1,,-1,,,1,1,0,1,1,-1,1,1,,,1,,1,,1,,,,,,,,,,,,,,,,,,,,,,,,,,,,,,,,,,,,,,
5,1,1,84,60,22,-1,-1,1,1,-1,-1,-1,1,1,1,-1,1,1,-1,-1,1,1,-1,1,1,0,1,-1,1,1,1,-1,1,1,1,1,1,1,1,1,1,-1,1,1,1,0,1,-1,1,-1,1,1,,,,-1,,,,1,1,,,,,,1,,,1,-1,1,,,,,,,,-1,,1,,,1,1,,1,-1,-1,,1,1,1,-1,1,,1,,,1,1,1,1,1,-1,1,1,,,1,,1,,1,,,1,,,,,,,,1,1,,1,1,,,-1,,,,,,,,,,,,,,,,,,,,
6,1,0,42,18,22,-1,-1,1,1,-1,-1,-1,1,1,1,-1,-1,-1,-1,1,-1,1,-1,-1,-1,-1,-1,1,-1,0,-1,-1,1,1,1,0,1,1,-1,1,-1,-1,1,1,1,1,-1,,,,,,,,,,,,,,,,,,,,,,,,,,,,,,,,,,,,,,,,,,,,,,,,,,,,,,,,,,,,,,,,,,,,,,,,,,,,,,,,,,,,,,,,,,,,,,,,,,,,,,,,,,
7,0,0,44,20,22,-1,1,-1,-1,1,1,-1,1,1,1,-1,-1,1,-1,-1,1,1,-1,1,1,1,1,1,1,-1,-1,-1,1,-1,-1,0,-1,-1,0,-1,-1,-1,-1,-1,1,1,1,-1,1,,,,,,,,,,,,,,,,,,,,,,,,,,,,,,,,,,,,,,,,,,,,,,,,,,,,,,,,,,,,,,,,,,,,,,,,,,,,,,,,,,,,,,,,,,,,,,,,,,,,,,,,
10,1,0,42,21,19,-1,1,-1,-1,1,-1,-1,-1,1,1,-1,-1,1,1,-1,-1,0,-1,-1,-1,-1,-1,1,-1,-1,1,1,-1,1,1,0,1,1,1,1,1,1,1,1,1,1,-1,,,,,,,,,,,,,,,,,,,,,,,,,,,,,,,,,,,,,,,,,,,,,,,,,,,,,,,,,,,,,,,,,,,,,,,,,,,,,,,,,,,,,,,,,,,,,,,,,,,,,,,,,,
11,1,1,91,50,31,-1,1,-1,-1,1,-1,-1,1,-1,-1,-1,-1,-1,1,-1,-1,1,-1,-1,0,0,-1,1,-1,0,1,1,1,1,1,1,0,1,1,1,1,0,1,1,1,1,1,1,1,1,1,1,,,,1,,,,-1,-1,,,,,,-1,,,-1,0,1,,,,,,,,-1,,1,,,1,1,,-1,-1,1,,1,0,1,-1,-1,,-1,,,0,1,-1,0,1,-1,1,1,,,0,,1,,1,,,1,,,,,,,,-1,-1,,1,1,,,1,,,1,1,,1,,,,-1,,,,1,,1,1,,,
13,1,0,42,22,18,-1,-1,1,1,-1,-1,-1,1,-1,1,1,-1,-1,-1,-1,-1,1,-1,-1,-1,-1,-1,1,-1,0,0,1,1,1,1,1,1,1,1,1,1,1,1,1,1,1,-1,,,,,,,,,,,,,,,,,,,,,,,,,,,,,,,,,,,,,,,,,,,,,,,,,,,,,,,,,,,,,,,,,,,,,,,,,,,,,,,,,,,,,,,,,,,,,,,,,,,,,,,,,,
14,1,0,42,19,17,-1,1,-1,1,-1,-1,-1,1,-1,-1,-1,1,-1,1,-1,0,0,-1,-1,-1,-1,-1,-1,-1,1,1,1,1,1,1,1,0,1,0,0,1,1,1,1,1,1,0,,,,,,,,,,,,,,,,,,,,,,,,,,,,,,,,,,,,,,,,,,,,,,,,,,,,,,,,,,,,,,,,,,,,,,,,,,,,,,,,,,,,,,,,,,,,,,,,,,,,,,,,,,
15,1,0,42,18,19,-1,1,-1,1,-1,-1,-1,-1,-1,-1,-1,-1,-1,1,1,-1,-1,-1,-1,-1,-1,-1,0,-1,0,0,1,0,1,1,1,1,1,1,1,1,1,1,1,1,1,0,,,,,,,,,,,,,,,,,,,,,,,,,,,,,,,,,,,,,,,,,,,,,,,,,,,,,,,,,,,,,,,,,,,,,,,,,,,,,,,,,,,,,,,,,,,,,,,,,,,,,,,,,,
17,1,1,43,27,14,-1,-1,1,1,-1,-1,-1,1,1,1,-1,1,1,-1,-1,-1,1,-1,-1,-1,-1,-1,1,0,1,1,1,1,1,1,1,1,1,1,1,1,1,1,1,1,1,0,,1,,,,,,,,,,,,,,,,,,,,,,,,,,,,,,,,,,,,,,,,,,,,,,,,,,,,,,,,,,,,,,,,,,,,,,,,,,,,,,,,,,,,,,,,,,,,,,,,,,,,,,,,
18,1,3,47,21,19,0,-1,-1,1,0,-1,-1,-1,-1,-1,-1,-1,-1,-1,1,-1,0,-1,-1,-1,-1,-1,-1,-1,1,1,1,1,1,1,0,1,1,0,1,1,1,1,1,1,1,1,0,0,1,1,1,,,,,,,,,,,,,,,,,,,,,,,,,,,,,,,,,,,,,,,,,,,,,,,,,,,,,,,,,,,,,,,,,,,,,,,,,,,,,,,,,,,,,,,,,,,,,,,,,,,,,
19,1,0,44,14,19,-1,1,-1,1,-1,-1,-1,-1,-1,-1,-1,-1,-1,1,-1,-1,-1,-1,-1,-1,-1,-1,0,0,0,0,0,1,1,1,1,0,1,0,0,1,0,1,1,1,1,0,0,1,,,,,,,,,,,,,,,,,,,,,,,,,,,,,,,,,,,,,,,,,,,,,,,,,,,,,,,,,,,,,,,,,,,,,,,,,,,,,,,,,,,,,,,,,,,,,,,,,,,,,,,,
20,1,0,8,4,4,-1,,,1,1,-1,,1,-1,,-1,,,,1,,,,,,,,,,,,,,,,,,,,,,,,,,,,,,,,,,,,,,,,,,,,,,,,,,,,,,,,,,,,,,,,,,,,,,,,,,,,,,,,,,,,,,,,,,,,,,,,,,,,,,,,,,,,,,,,,,,,,,,,,,,,,,,,,,,,,
21,1,4,94,57,30,-1,-1,1,1,-1,-1,-1,1,-1,1,-1,-1,-1,-1,1,-1,-1,-1,-1,-1,-1,-1,-1,-1,0,1,1,1,1,1,1,1,1,1,1,1,1,1,1,1,1,1,0,1,1,1,1,,,,1,,,,1,-1,,,,,,-1,,,1,-1,1,,,,,,,,-1,,1,,,1,1,,1,-1,1,,0,-1,1,-1,1,,1,,,0,0,1,1,1,-1,0,1,,,0,,-1,1,1,1,1,1,,,,,,,,-1,-1,,1,1,,,1,,,1,1,,1,,,,1,,,,1,,1,1,,,
24,1,0,44,17,27,-1,-1,-1,-1,-1,-1,-1,-1,-1,-1,-1,-1,-1,-1,-1,1,1,-1,-1,-1,-1,-1,1,-1,-1,1,1,-1,1,1,-1,1,1,-1,1,1,1,1,1,1,1,-1,-1,1,,,,,,,,,,,,,,,,,,,,,,,,,,,,,,,,,,,,,,,,,,,,,,,,,,,,,,,,,,,,,,,,,,,,,,,,,,,,,,,,,,,,,,,,,,,,,,,,,,,,,,,,
25,1,0,44,23,17,-1,1,-1,1,-1,-1,-1,-1,-1,1,0,1,-1,-1,-1,0,-1,-1,-1,-1,-1,-1,0,-1,1,1,1,1,1,1,1,1,1,1,1,1,1,1,1,1,1,1,0,1,,,,,,,,,,,,,,,,,,,,,,,,,,,,,,,,,,,,,,,,,,,,,,,,,,,,,,,,,,,,,,,,,,,,,,,,,,,,,,,,,,,,,,,,,,,,,,,,,,,,,,,,
26,1,0,88,42,24,-1,1,-1,-1,-1,1,1,1,-1,-1,1,1,-1,-1,-1,0,0,-1,-1,-1,-1,0,-1,-1,1,1,1,0,1,0,1,0,1,1,1,1,1,1,1,1,1,1,-1,0,0,0,1,,,,1,,,,0,-1,,,,,,0,,,0,-1,1,,,,,,,,-1,,1,,,1,1,,0,-1,1,,1,0,0,0,1,,1,,,1,0,1,1,1,0,0,1,,,1,,-1,,1,,,0,,,,,,,,-1,-1,,1,0,,,-1,,,1,1,,0,,,,1,,,,,,,,,,
27,0,0,39,19,17,-1,-1,1,-1,1,1,1,1,1,1,-1,1,-1,-1,-1,-1,0,,,-1,,,-1,1,-1,1,-1,1,0,-1,1,1,-1,1,-1,1,-1,0,1,1,-1,1,,1,,,,,,,,,,,,,,,,,,,,,,,,,,,,,,,,,,,,,,,,,,,,,,,,,,,,,,,,,,,,,,,,,,,,,,,,,,,,,,,,,,,,,,,,,,,,,,,,,,,,,,,,
28,0,0,44,19,23,-1,-1,1,-1,1,1,1,1,1,1,-1,1,-1,-1,-1,-1,-1,1,-1,-1,-1,1,-1,1,-1,-1,-1,1,-1,-1,1,1,-1,1,-1,1,-1,0,0,1,-1,1,-1,1,,,,,,,,,,,,,,,,,,,,,,,,,,,,,,,,,,,,,,,,,,,,,,,,,,,,,,,,,,,,,,,,,,,,,,,,,,,,,,,,,,,,,,,,,,,,,,,,,,,,,,,,
29,1,0,44,13,22,-1,1,-1,-1,1,-1,-1,1,-1,-1,-1,-1,1,-1,-1,-1,-1,-1,-1,-1,-1,-1,0,-1,-1,0,1,0,1,1,0,1,-1,0,0,1,0,1,1,1,1,0,0,-1,,,,,,,,,,,,,,,,,,,,,,,,,,,,,,,,,,,,,,,,,,,,,,,,,,,,,,,,,,,,,,,,,,,,,,,,,,,,,,,,,,,,,,,,,,,,,,,,,,,,,,,,
30,1,0,47,23,16,-1,1,-1,1,-1,-1,-1,1,-1,-1,-1,-1,-1,-1,1,0,0,-1,-1,0,-1,-1,0,-1,0,1,1,0,1,1,1,1,1,0,1,1,0,1,1,1,1,1,1,1,1,1,1,,,,,,,,,,,,,,,,,,,,,,,,,,,,,,,,,,,,,,,,,,,,,,,,,,,,,,,,,,,,,,,,,,,,,,,,,,,,,,,,,,,,,,,,,,,,,,,,,,,,,
31,1,0,81,38,31,-1,-1,1,-1,1,-1,-1,1,1,1,-1,-1,1,-1,-1,-1,-1,-1,-1,0,-1,0,1,1,1,-1,1,1,1,1,1,1,0,1,1,1,1,1,1,1,1,0,0,0,0,0,1,,,,1,,,,0,-1,,,,,,-1,,,-1,-1,1,,,,,,,,-1,,1,,,-1,1,,1,-1,1,,0,-1,-1,0,-1,,-1,,,1,1,-1,1,-1,-1,0,1,,,1,,1,,1,,,1,,,,,,,,-1,-1,,,,,,,,,,,,,,,,,,,,,,,,,,
32,1,1,79,30,27,-1,-1,1,-1,-1,1,-1,1,-1,-1,-1,-1,-1,-1,1,-1,1,-1,-1,-1,-1,-1,1,-1,-1,-1,0,1,0,1,1,0,1,0,1,0,1,1,0,1,1,-1,0,1,1,0,1,1,,,1,,,,0,-1,,,,,,-1,,,1,-1,1,,,,,,,,0,,1,,,0,1,,0,-1,1,,1,0,0,0,-1,,0,,,0,0,0,0,1,-1,1,1,,,1,,0,,0,,,,,,,,,,,,,,,,,,,,,,,,,,,,,,,,,,,,,,
33,1,0,47,19,18,-1,-1,1,-1,-1,1,-1,1,-1,-1,0,1,-1,-1,-1,-1,0,-1,-1,-1,-1,-1,0,1,0,1,0,1,1,1,1,1,1,0,-1,1,0,0,0,1,1,0,-1,1,1,1,1,,,,,,,,,,,,,,,,,,,,,,,,,,,,,,,,,,,,,,,,,,,,,,,,,,,,,,,,,,,,,,,,,,,,,,,,,,,,,,,,,,,,,,,,,,,,,,,,,,,,,
34,1,2,49,28,19,-1,-1,1,1,1,-1,-1,1,-1,1,-1,-1,1,-1,-1,-1,-1,-1,-1,-1,-1,-1,1,-1,1,1,1,0,1,1,1,1,1,1,1,1,1,1,1,-1,1,1,0,1,-1,1,1,,,1,1,,,,,,,,,,,,,,,,,,,,,,,,,,,,,,,,,,,,,,,,,,,,,,,,,,,,,,,,,,,,,,,,,,,,,,,,,,,,,,,,,,,,,,,,,,,,,,,,,
35,1,1,48,26,22,-1,1,-1,-1,1,-1,-1,1,-1,-1,-1,-1,-1,1,1,1,1,-1,-1,1,-1,-1,1,-1,-1,1,1,1,-1,1,1,-1,1,1,1,1,-1,1,1,1,1,-1,-1,1,1,-1,1,,1,,,,,,,,,,,,,,,,,,,,,,,,,,,,,,,,,,,,,,,,,,,,,,,,,,,,,,,,,,,,,,,,,,,,,,,,,,,,,,,,,,,,,,,,,,,,,,,,,,,
36,1,0,58,36,19,-1,1,-1,1,-1,-1,-1,-1,-1,1,-1,1,-1,-1,-1,0,-1,-1,-1,-1,-1,-1,-1,-1,1,1,1,1,1,1,1,1,1,1,1,1,1,1,1,1,1,1,1,1,1,1,1,,,,1,,,,1,0,,,,,,1,,,1,0,1,,,,,,,,1,,1,,,1,1,,,,,,,,,,,,,,,,,,,,,,,,,,,,,,,,,,,,,,,,,,,,,,,,,,,,,,,,,,,,,,,,,,,
37,1,0,47,32,14,-1,-1,1,1,1,-1,1,1,-1,-1,0,1,1,-1,-1,1,-1,-1,-1,-1,1,-1,1,-1,1,1,1,1,1,1,1,1,1,1,1,1,1,1,1,1,1,1,-1,1,1,1,1,,,,,,,,,,,,,,,,,,,,,,,,,,,,,,,,,,,,,,,,,,,,,,,,,,,,,,,,,,,,,,,,,,,,,,,,,,,,,,,,,,,,,,,,,,,,,,,,,,,,,
38,0,3,50,31,18,1,1,1,1,1,1,-1,1,-1,-1,-1,-1,1,-1,-1,1,1,1,1,1,1,-1,0,1,-1,1,-1,-1,1,1,1,1,1,1,-1,-1,-1,1,1,1,1,-1,-1,1,-1,-1,1,,,,,1,1,1,,,,,,,,,,,,,,,,,,,,,,,,,,,,,,,,,,,,,,,,,,,,,,,,,,,,,,,,,,,,,,,,,,,,,,,,,,,,,,,,,,,,,,,,,,,,,,
39,,0,5,1,4,1,-1,,,,,,,,-1,-1,,,-1,,,,,,,,,,,,,,,,,,,,,,,,,,,,,,,,,,,,,,,,,,,,,,,,,,,,,,,,,,,,,,,,,,,,,,,,,,,,,,,,,,,,,,,,,,,,,,,,,,,,,,,,,,,,,,,,,,,,,,,,,,,,,,,,,,,,,,
40,1,0,47,27,19,-1,1,-1,1,1,-1,-1,1,1,-1,-1,-1,-1,-1,1,-1,-1,-1,-1,-1,-1,-1,-1,-1,1,1,-1,1,1,1,1,1,1,1,1,1,1,1,1,1,1,1,0,1,1,1,1,,,,,,,,,,,,,,,,,,,,,,,,,,,,,,,,,,,,,,,,,,,,,,,,,,,,,,,,,,,,,,,,,,,,,,,,,,,,,,,,,,,,,,,,,,,,,,,,,,,,,
41,1,0,47,20,20,-1,-1,1,1,-1,-1,-1,-1,-1,-1,-1,-1,-1,1,-1,-1,0,-1,-1,-1,-1,-1,1,-1,1,-1,1,0,1,1,1,1,1,0,1,1,1,1,1,1,0,1,0,0,1,0,1,,,,,,,,,,,,,,,,,,,,,,,,,,,,,,,,,,,,,,,,,,,,,,,,,,,,,,,,,,,,,,,,,,,,,,,,,,,,,,,,,,,,,,,,,,,,,,,,,,,,,
43,1,0,47,23,21,-1,1,-1,1,-1,-1,-1,1,-1,-1,-1,-1,-1,-1,1,1,0,-1,-1,-1,-1,-1,1,-1,-1,-1,1,0,1,1,1,1,1,1,1,1,1,1,1,1,1,-1,1,0,1,-1,1,,,,,,,,,,,,,,,,,,,,,,,,,,,,,,,,,,,,,,,,,,,,,,,,,,,,,,,,,,,,,,,,,,,,,,,,,,,,,,,,,,,,,,,,,,,,,,,,,,,,,
44,1,0,47,26,19,-1,-1,1,1,-1,-1,-1,1,-1,-1,-1,1,-1,-1,-1,0,-1,-1,-1,-1,-1,-1,-1,-1,1,1,1,1,1,1,1,1,1,1,1,1,1,1,1,1,1,1,0,1,1,1,1,,,,,,,,,,,,,,,,,,,,,,,,,,,,,,,,,,,,,,,,,,,,,,,,,,,,,,,,,,,,,,,,,,,,,,,,,,,,,,,,,,,,,,,,,,,,,,,,,,,,,
45,1,0,32,17,14,1,-1,-1,1,-1,-1,-1,-1,-1,-1,-1,-1,-1,1,-1,,0,,,,,,1,1,1,1,,,1,-1,1,,1,,,1,,1,1,,1,1,,,-1,1,1,,,,,,,,,,,,,,,,,,,,,,,,,,,,,,,,,,,,,,,,,,,,,,,,,,,,,,,,,,,,,,,,,,,,,,,,,,,,,,,,,,,,,,,,,,,,,,,,,,,,,
46,1,3,69,37,29,-1,1,-1,1,-1,-1,-1,-1,-1,-1,1,1,1,-1,-1,-1,-1,-1,-1,-1,-1,-1,1,-1,1,1,1,1,1,1,-1,1,1,1,-1,1,1,1,1,1,1,-1,1,1,1,1,1,,,,1,,,,0,-1,1,1,1,,,-1,,,1,-1,1,,,,,,,,-1,,1,,,-1,1,,-1,-1,1,,1,0,0,-1,1,,,,,,,,,,,,,,,,,,,,,,,,,,,,,,,,,,,,,,,,,,,,,,,,,,,,,,,,,
48,1,0,40,26,14,-1,1,-1,1,1,-1,-1,1,1,-1,-1,-1,-1,1,-1,,1,,,,,,1,1,1,1,1,1,1,1,1,1,1,-1,1,1,-1,-1,1,1,1,-1,,1,1,-1,1,,,,,,,,,,,,,,,,,,,,,,,,,,,,,,,,,,,,,,,,,,,,,,,,,,,,,,,,,,,,,,,,,,,,,,,,,,,,,,,,,,,,,,,,,,,,,,,,,,,,,
49,1,0,47,26,12,-1,-1,1,-1,1,-1,-1,-1,-1,-1,0,0,0,0,0,0,-1,1,0,-1,1,-1,-1,1,1,1,1,1,1,1,1,1,1,1,1,1,1,1,1,1,1,1,0,0,1,1,1,,,,,,,,,,,,,,,,,,,,,,,,,,,,,,,,,,,,,,,,,,,,,,,,,,,,,,,,,,,,,,,,,,,,,,,,,,,,,,,,,,,,,,,,,,,,,,,,,,,,,
50,1,1,48,24,23,-1,-1,1,1,-1,-1,-1,-1,-1,-1,-1,1,-1,-1,-1,-1,-1,-1,-1,-1,-1,-1,-1,-1,1,1,1,1,1,1,1,-1,1,1,1,1,1,1,1,1,1,0,-1,1,1,1,1,,,,,,,,,,,,,,,,,,,,,,,,,,,,,,,,,,,,,,,,,,,,,,,,,,,,,,,,,,,,,,,,,,,,,,,1,,,,,,,,,,,,,,,,,,,,,,,,,,,,,,
51,1,0,47,26,21,-1,-1,1,1,-1,-1,-1,1,-1,-1,-1,-1,1,-1,-1,-1,-1,-1,-1,-1,-1,-1,1,-1,1,-1,1,1,1,1,1,1,1,1,1,1,-1,1,1,1,1,1,1,1,1,1,1,,,,,,,,,,,,,,,,,,,,,,,,,,,,,,,,,,,,,,,,,,,,,,,,,,,,,,,,,,,,,,,,,,,,,,,,,,,,,,,,,,,,,,,,,,,,,,,,,,,,,
52,1,0,59,31,27,-1,1,-1,-1,1,0,-1,1,-1,-1,-1,-1,1,-1,-1,-1,1,-1,-1,-1,-1,-1,1,-1,-1,-1,1,1,1,1,1,1,1,1,1,1,-1,1,1,1,1,-1,-1,1,1,1,1,,,,1,,,,1,-1,,,,,,-1,,,1,-1,1,,,,,,,,-1,,1,,,1,1,,-1,,,,,,,,,,,,,,,,,,,,,,,,,,,,,,,,,,,,,,,,,,,,,,,,,,,,,,,,,,,,,,,,,
54,1,0,47,26,16,-1,-1,1,-1,1,-1,-1,1,0,1,-1,-1,1,-1,-1,-1,0,-1,-1,-1,-1,-1,1,-1,1,0,1,1,1,1,1,1,1,1,1,1,0,1,1,1,1,1,0,1,1,1,1,,,,,,,,,,,,,,,,,,,,,,,,,,,,,,,,,,,,,,,,,,,,,,,,,,,,,,,,,,,,,,,,,,,,,,,,,,,,,,,,,,,,,,,,,,,,,,,,,,,,,
55,1,0,47,26,18,-1,-1,1,-1,-1,1,-1,1,-1,-1,1,1,-1,-1,-1,0,-1,-1,-1,-1,-1,-1,1,-1,1,1,1,1,1,1,1,1,1,1,1,1,1,1,1,1,1,0,0,1,1,-1,1,,,,,,,,,,,,,,,,,,,,,,,,,,,,,,,,,,,,,,,,,,,,,,,,,,,,,,,,,,,,,,,,,,,,,,,,,,,,,,,,,,,,,,,,,,,,,,,,,,,,,
56,1,0,47,24,16,1,-1,-1,-1,1,-1,-1,-1,-1,1,0,1,-1,-1,-1,0,0,0,-1,-1,-1,-1,-1,-1,1,1,1,1,1,1,0,1,1,1,1,1,1,1,1,1,1,1,0,0,1,1,1,,,,,,,,,,,,,,,,,,,,,,,,,,,,,,,,,,,,,,,,,,,,,,,,,,,,,,,,,,,,,,,,,,,,,,,,,,,,,,,,,,,,,,,,,,,,,,,,,,,,,
57,1,2,49,22,23,-1,1,-1,-1,1,-1,-1,1,-1,-1,-1,-1,-1,-1,1,1,-1,-1,-1,0,-1,-1,-1,-1,1,-1,1,0,1,1,1,1,0,-1,1,-1,1,1,0,1,1,1,-1,1,1,-1,1,,,,,,,,,,,,,,1,1,,,,,,,,,,,,,,,,,,,,,,,,,,,,,,,,,,,,,,,,,,,,,,,,,,,,,,,,,,,,,,,,,,,,,,,,,,,,,,,,,,,,,,
58,1,0,47,24,23,-1,1,-1,1,-1,-1,-1,1,-1,-1,-1,-1,-1,-1,1,-1,-1,-1,-1,-1,-1,-1,1,-1,-1,1,1,1,1,1,1,1,1,1,1,1,1,1,1,1,1,-1,-1,-1,1,1,1,,,,,,,,,,,,,,,,,,,,,,,,,,,,,,,,,,,,,,,,,,,,,,,,,,,,,,,,,,,,,,,,,,,,,,,,,,,,,,,,,,,,,,,,,,,,,,,,,,,,,
59,1,0,47,26,17,-1,-1,1,-1,-1,1,-1,1,-1,0,-1,-1,1,-1,-1,-1,0,-1,-1,-1,-1,-1,1,-1,1,1,1,1,1,1,1,1,1,1,1,1,1,1,1,1,1,0,0,1,1,1,1,,,,,,,,,,,,,,,,,,,,,,,,,,,,,,,,,,,,,,,,,,,,,,,,,,,,,,,,,,,,,,,,,,,,,,,,,,,,,,,,,,,,,,,,,,,,,,,,,,,,,
60,1,0,81,35,22,-1,1,-1,-1,1,-1,-1,1,-1,-1,-1,-1,-1,1,1,-1,0,-1,-1,-1,-1,-1,1,0,-1,1,1,0,1,1,1,1,1,0,0,1,1,1,1,1,1,1,1,1,0,1,1,,,,0,,,,0,0,,,,,,-1,,,-1,-1,1,,,,,,,,0,,1,,,0,1,,0,0,1,,0,0,0,0,1,,0,,,1,1,0,0,-1,-1,0,1,,,1,,0,,1,,,1,,,,,,,,0,0,,,,,,,,,,,,,,,,,,,,,,,,,,
61,1,0,47,22,20,-1,1,-1,-1,1,1,-1,-1,-1,-1,-1,1,-1,-1,-1,-1,0,-1,-1,-1,-1,-1,-1,-1,0,1,1,1,1,1,0,1,1,1,0,1,1,1,1,1,1,0,-1,1,1,1,1,,,,,,,,,,,,,,,,,,,,,,,,,,,,,,,,,,,,,,,,,,,,,,,,,,,,,,,,,,,,,,,,,,,,,,,,,,,,,,,,,,,,,,,,,,,,,,,,,,,,,
62,,0,2,0,0,0,,,,,0,,,,,,,,,,,,,,,,,,,,,,,,,,,,,,,,,,,,,,,,,,,,,,,,,,,,,,,,,,,,,,,,,,,,,,,,,,,,,,,,,,,,,,,,,,,,,,,,,,,,,,,,,,,,,,,,,,,,,,,,,,,,,,,,,,,,,,,,,,,,,,
63,1,0,14,5,9,-1,-1,,-1,1,1,1,1,,-1,-1,-1,-1,1,-1,,,,,,,,,,,,,,,,,-1,,,,,,,,,,,,,,,,,,,,,,,,,,,,,,,,,,,,,,,,,,,,,,,,,,,,,,,,,,,,,,,,,,,,,,,,,,,,,,,,,,,,,,,,,,,,,,,,,,,,,,,,,,,,,,,,,,,,
64,1,0,47,33,12,-1,-1,1,1,-1,-1,1,1,-1,-1,1,1,-1,-1,-1,1,1,-1,1,1,1,1,-1,1,1,1,1,1,1,1,1,1,1,0,1,1,-1,1,0,1,1,1,1,1,1,1,1,,,,,,,,,,,,,,,,,,,,,,,,,,,,,,,,,,,,,,,,,,,,,,,,,,,,,,,,,,,,,,,,,,,,,,,,,,,,,,,,,,,,,,,,,,,,,,,,,,,,,
65,1,0,47,13,20,-1,1,-1,1,-1,-1,-1,1,-1,-1,-1,-1,-1,1,-1,-1,0,-1,-1,-1,-1,-1,0,-1,0,0,1,-1,1,1,0,0,0,0,0,0,0,1,1,1,1,0,0,0,-1,1,1,,,,,,,,,,,,,,,,,,,,,,,,,,,,,,,,,,,,,,,,,,,,,,,,,,,,,,,,,,,,,,,,,,,,,,,,,,,,,,,,,,,,,,,,,,,,,,,,,,,,,
66,1,0,47,28,18,-1,-1,1,-1,1,1,-1,1,-1,0,1,1,-1,-1,-1,-1,-1,-1,-1,-1,-1,-1,-1,-1,1,1,1,1,1,1,1,1,1,1,1,1,1,1,1,1,1,-1,1,1,1,1,1,,,,,,,,,,,,,,,,,,,,,,,,,,,,,,,,,,,,,,,,,,,,,,,,,,,,,,,,,,,,,,,,,,,,,,,,,,,,,,,,,,,,,,,,,,,,,,,,,,,,,
67,1,0,47,13,12,-1,1,-1,1,1,-1,-1,1,-1,-1,-1,-1,-1,-1,1,0,0,0,0,-1,0,0,0,-1,0,0,1,0,1,1,0,1,0,0,0,0,0,1,0,0,1,0,1,0,0,0,1,,,,,,,,,,,,,,,,,,,,,,,,,,,,,,,,,,,,,,,,,,,,,,,,,,,,,,,,,,,,,,,,,,,,,,,,,,,,,,,,,,,,,,,,,,,,,,,,,,,,,
68,1,1,85,44,28,-1,1,-1,1,-1,-1,-1,1,-1,-1,-1,-1,-1,1,-1,-1,0,-1,-1,-1,-1,-1,-1,-1,0,0,1,1,1,1,1,1,1,1,1,1,1,1,1,1,1,0,0,1,0,1,1,,,,1,,,,0,-1,,,,,,-1,1,,0,-1,1,,,,,,,,-1,,1,,,1,1,,-1,-1,1,,1,-1,1,0,1,,0,,,1,0,1,1,0,-1,1,1,,,1,,1,,1,,,1,,,,,,,,0,-1,,1,1,,,1,,,,,,,,,,,,,,,,,,,,
69,1,0,47,14,13,-1,1,-1,1,-1,-1,-1,1,1,-1,1,-1,-1,-1,-1,0,0,0,-1,0,0,-1,1,-1,0,1,1,0,0,1,0,1,0,0,0,0,1,1,0,1,0,0,0,0,0,0,1,,,,,,,,,,,,,,,,,,,,,,,,,,,,,,,,,,,,,,,,,,,,,,,,,,,,,,,,,,,,,,,,,,,,,,,,,,,,,,,,,,,,,,,,,,,,,,,,,,,,,
70,1,1,85,59,23,-1,-1,1,-1,1,-1,-1,1,-1,-1,-1,-1,1,-1,-1,-1,1,-1,-1,-1,-1,-1,1,1,1,1,1,1,1,1,1,1,1,1,1,1,-1,1,1,1,1,1,-1,1,1,1,1,,,,1,,,,1,0,,,,,,1,,1,-1,1,1,,,,,,,,0,,1,,,1,1,,1,1,1,,1,0,1,-1,1,,1,,,1,1,1,1,1,-1,1,1,,,1,,1,,1,,,1,,,,,,,,1,-1,,1,1,,,1,,,,,,,,,,,,,,,,,,,,
71,1,1,48,27,16,-1,-1,1,1,-1,1,-1,1,-1,-1,1,-1,-1,1,-1,0,-1,-1,-1,-1,-1,-1,0,1,-1,1,0,1,1,1,1,1,1,1,1,1,1,1,1,1,1,0,0,1,1,1,1,,,,,,,,,,,,,,,,,,1,,,,,,,,,,,,,,,,,,,,,,,,,,,,,,,,,,,,,,,,,,,,,,,,,,,,,,,,,,,,,,,,,,,,,,,,,,,,,,,,,,,
72,1,9,82,45,28,1,-1,-1,-1,1,1,1,-1,-1,-1,1,-1,1,-1,-1,-1,-1,-1,-1,-1,-1,-1,0,1,1,1,-1,1,1,1,1,-1,-1,1,-1,1,1,1,1,1,1,-1,1,0,-1,1,1,,,,0,,,,1,-1,,,,,,-1,,,1,1,1,1,1,1,1,1,1,1,-1,,0,,,1,1,,1,-1,1,,1,1,1,-1,1,,1,,,1,0,0,0,0,0,-1,1,,,,,,,,,,,,,,,,,,,,,,,,,,,,,,,,,,,,,,,,,,,,,
73,1,0,47,26,21,-1,-1,1,1,-1,-1,1,-1,1,1,-1,-1,1,-1,-1,-1,1,-1,-1,-1,-1,-1,1,-1,1,-1,1,-1,1,1,1,1,1,1,1,1,-1,1,1,1,1,-1,-1,1,1,1,1,,,,,,,,,,,,,,,,,,,,,,,,,,,,,,,,,,,,,,,,,,,,,,,,,,,,,,,,,,,,,,,,,,,,,,,,,,,,,,,,,,,,,,,,,,,,,,,,,,,,,
74,0,1,48,22,21,-1,1,-1,1,-1,-1,-1,1,1,1,-1,-1,1,1,-1,1,1,0,0,1,1,1,0,1,-1,-1,-1,1,-1,-1,-1,1,-1,1,-1,0,-1,-1,1,1,1,0,-1,1,-1,-1,1,,,,,,,,,,,,,,,,,,,,,,,,,,,,1,,,,,,,,,,,,,,,,,,,,,,,,,,,,,,,,,,,,,,,,,,,,,,,,,,,,,,,,,,,,,,,,,,,,,,,,,
75,1,0,47,14,15,-1,-1,1,1,-1,-1,0,1,-1,-1,-1,0,0,0,0,0,0,-1,-1,0,-1,-1,-1,-1,0,0,-1,0,1,1,0,1,1,0,1,1,0,1,0,1,1,0,-1,1,0,0,1,,,,,,,,,,,,,,,,,,,,,,,,,,,,,,,,,,,,,,,,,,,,,,,,,,,,,,,,,,,,,,,,,,,,,,,,,,,,,,,,,,,,,,,,,,,,,,,,,,,,,
76,1,0,47,24,18,-1,-1,1,1,-1,-1,-1,1,-1,-1,-1,-1,1,1,-1,-1,-1,0,-1,-1,-1,-1,0,-1,1,1,1,1,1,1,1,1,1,0,1,1,-1,1,1,1,1,0,0,1,1,1,1,,,,,,,,,,,,,,,,,,,,,,,,,,,,,,,,,,,,,,,,,,,,,,,,,,,,,,,,,,,,,,,,,,,,,,,,,,,,,,,,,,,,,,,,,,,,,,,,,,,,,
77,1,0,47,26,17,0,1,0,-1,1,-1,-1,1,-1,-1,-1,-1,-1,1,0,-1,0,-1,-1,-1,-1,-1,-1,-1,1,1,1,1,1,1,1,1,1,1,1,1,1,1,1,1,1,1,-1,1,1,1,1,,,,,,,,,,,,,,,,,,,,,,,,,,,,,,,,,,,,,,,,,,,,,,,,,,,,,,,,,,,,,,,,,,,,,,,,,,,,,,,,,,,,,,,,,,,,,,,,,,,,,
78,1,0,9,2,7,-1,-1,,1,-1,,,,,1,-1,-1,-1,,,,,,,,,,,-1,,,,,,,,,,,,,,,,,,,,,,,,,,,,,,,,,,,,,,,,,,,,,,,,,,,,,,,,,,,,,,,,,,,,,,,,,,,,,,,,,,,,,,,,,,,,,,,,,,,,,,,,,,,,,,,,,,,,,,,,,,,,
79,1,0,26,12,14,1,-1,-1,1,-1,-1,-1,-1,-1,-1,-1,1,-1,-1,-1,,,-1,,,,,,-1,,1,1,,,1,,,,,,,1,,1,,1,1,,,,1,1,,,,,,,,,,,,,,,,,,,,,,,,,,,,,,,,,,,,,,,,,,,,,,,,,,,,,,,,,,,,,,,,,,,,,,,,,,,,,,,,,,,,,,,,,,,,,,,,,,,,,
80,1,0,78,27,44,-1,1,-1,-1,1,-1,-1,-1,-1,-1,-1,1,-1,-1,-1,-1,-1,-1,-1,-1,-1,-1,1,-1,-1,1,1,1,-1,-1,-1,1,-1,1,-1,1,-1,1,1,1,1,1,-1,-1,1,0,1,,,,1,,,,-1,-1,,,,,,0,,,-1,-1,-1,,,,,,,,-1,,1,,,-1,1,,1,-1,-1,,0,-1,0,0,1,,1,,,-1,-1,-1,-1,0,-1,1,1,,,1,,1,,0,,,,,,,,,,,,,,,,,,,,,,,,,,,,,,,,,,,,,,
81,1,0,47,23,19,-1,1,-1,1,-1,-1,-1,-1,-1,-1,-1,-1,1,-1,-1,-1,0,-1,-1,-1,-1,-1,1,-1,1,1,0,1,1,1,1,0,1,1,1,1,1,1,1,1,1,0,0,1,1,1,1,,,,,,,,,,,,,,,,,,,,,,,,,,,,,,,,,,,,,,,,,,,,,,,,,,,,,,,,,,,,,,,,,,,,,,,,,,,,,,,,,,,,,,,,,,,,,,,,,,,,,
82,1,0,47,25,20,1,-1,-1,-1,1,-1,-1,-1,-1,-1,-1,1,-1,-1,-1,1,1,-1,-1,-1,1,-1,1,-1,-1,1,1,1,1,1,1,1,1,-1,1,1,1,1,1,1,1,1,0,0,-1,1,1,,,,,,,,,,,,,,,,,,,,,,,,,,,,,,,,,,,,,,,,,,,,,,,,,,,,,,,,,,,,,,,,,,,,,,,,,,,,,,,,,,,,,,,,,,,,,,,,,,,,,
83,1,4,51,29,20,-1,1,-1,-1,1,-1,-1,1,0,-1,-1,-1,-1,1,-1,-1,-1,-1,-1,-1,-1,-1,-1,-1,1,1,1,1,1,1,1,1,1,1,1,1,1,1,1,1,1,-1,0,1,1,1,1,,,,,,,,,,,,,,,,,,,,,,,,,,,,,1,1,1,1,,,,,,,,,,,,,,,,,,,,,,,,,,,,,,,,,,,,,,,,,,,,,,,,,,,,,,,,,,,,,,,,,,,,,
84,1,0,47,23,20,-1,1,-1,1,-1,-1,-1,1,-1,-1,-1,-1,-1,-1,1,-1,-1,-1,-1,-1,-1,-1,0,-1,0,1,1,1,1,1,1,1,1,1,1,1,1,1,1,1,1,0,0,-1,1,1,1,,,,,,,,,,,,,,,,,,,,,,,,,,,,,,,,,,,,,,,,,,,,,,,,,,,,,,,,,,,,,,,,,,,,,,,,,,,,,,,,,,,,,,,,,,,,,,,,,,,,,
85,,0,4,0,1,0,,,,,,,,0,,,,0,,,,,,,,,,-1,,,,,,,,,,,,,,,,,,,,,,,,,,,,,,,,,,,,,,,,,,,,,,,,,,,,,,,,,,,,,,,,,,,,,,,,,,,,,,,,,,,,,,,,,,,,,,,,,,,,,,,,,,,,,,,,,,,,,,,,,,,,,
86,1,0,47,21,21,-1,1,-1,1,-1,-1,-1,-1,-1,-1,-1,-1,-1,1,-1,-1,-1,-1,-1,-1,-1,-1,-1,-1,0,1,1,0,1,1,0,1,1,1,1,1,1,1,1,1,1,0,0,1,1,1,1,,,,,,,,,,,,,,,,,,,,,,,,,,,,,,,,,,,,,,,,,,,,,,,,,,,,,,,,,,,,,,,,,,,,,,,,,,,,,,,,,,,,,,,,,,,,,,,,,,,,,
87,1,0,47,25,21,-1,-1,1,1,-1,-1,-1,1,-1,-1,-1,-1,1,-1,-1,-1,-1,-1,-1,-1,-1,-1,1,-1,1,1,1,1,1,1,1,1,1,0,1,1,1,1,1,1,1,-1,-1,1,1,1,1,,,,,,,,,,,,,,,,,,,,,,,,,,,,,,,,,,,,,,,,,,,,,,,,,,,,,,,,,,,,,,,,,,,,,,,,,,,,,,,,,,,,,,,,,,,,,,,,,,,,,
88,1,0,47,31,15,-1,1,-1,-1,-1,1,1,1,-1,1,-1,-1,-1,-1,1,-1,-1,-1,1,1,1,1,-1,1,1,1,1,1,-1,-1,1,1,1,1,1,0,1,1,1,1,1,1,1,1,1,1,1,,,,,,,,,,,,,,,,,,,,,,,,,,,,,,,,,,,,,,,,,,,,,,,,,,,,,,,,,,,,,,,,,,,,,,,,,,,,,,,,,,,,,,,,,,,,,,,,,,,,,
89,0,0,47,24,18,-1,1,-1,1,-1,-1,-1,1,-1,-1,-1,-1,1,-1,-1,0,1,0,1,1,1,1,1,-1,1,1,1,1,1,-1,-1,0,0,1,1,-1,-1,1,0,1,1,1,1,1,-1,-1,1,,,,,,,,,,,,,,,,,,,,,,,,,,,,,,,,,,,,,,,,,,,,,,,,,,,,,,,,,,,,,,,,,,,,,,,,,,,,,,,,,,,,,,,,,,,,,,,,,,,,,
90,1,0,47,24,21,1,1,-1,-1,1,-1,-1,1,-1,-1,-1,-1,-1,1,-1,-1,-1,-1,-1,-1,-1,-1,-1,-1,1,1,1,1,1,-1,1,1,1,1,-1,1,1,1,1,1,1,1,0,0,1,1,1,,,,,,,,,,,,,,,,,,,,,,,,,,,,,,,,,,,,,,,,,,,,,,,,,,,,,,,,,,,,,,,,,,,,,,,,,,,,,,,,,,,,,,,,,,,,,,,,,,,,,
91,1,0,47,22,25,-1,1,-1,1,-1,-1,-1,-1,-1,-1,-1,-1,-1,1,-1,-1,-1,-1,-1,-1,-1,-1,-1,-1,1,1,-1,1,1,1,1,-1,1,1,1,1,1,1,1,1,1,-1,1,-1,1,1,1,,,,,,,,,,,,,,,,,,,,,,,,,,,,,,,,,,,,,,,,,,,,,,,,,,,,,,,,,,,,,,,,,,,,,,,,,,,,,,,,,,,,,,,,,,,,,,,,,,,,,
92,1,0,47,25,19,-1,-1,1,1,-1,-1,-1,1,-1,-1,-1,-1,1,-1,-1,-1,0,-1,-1,-1,1,-1,1,-1,1,1,1,1,1,1,1,1,1,0,1,1,1,1,1,1,1,-1,0,-1,1,1,1,,,,,,,,,,,,,,,,,,,,,,,,,,,,,,,,,,,,,,,,,,,,,,,,,,,,,,,,,,,,,,,,,,,,,,,,,,,,,,,,,,,,,,,,,,,,,,,,,,,,,
93,1,0,81,33,32,1,-1,-1,1,-1,-1,1,-1,-1,-1,-1,1,-1,-1,-1,-1,1,-1,-1,-1,-1,-1,1,-1,0,1,1,-1,0,1,1,1,1,0,1,1,0,1,1,1,1,0,0,1,1,1,1,,,,1,,,,0,-1,,,,,,-1,,,0,-1,1,,,,,,,,-1,,1,,,0,1,,0,-1,1,,0,1,1,0,-1,,0,,,1,-1,1,-1,-1,-1,1,1,,,0,,-1,,0,,,0,,,,,,,,-1,-1,,,,,,,,,,,,,,,,,,,,,,,,,,
94,1,0,58,28,22,-1,1,-1,1,1,-1,-1,1,-1,-1,-1,-1,-1,1,-1,0,1,0,-1,0,-1,-1,1,-1,1,-1,1,-1,1,1,1,1,1,0,1,1,0,1,1,1,1,0,1,1,0,0,1,,,,1,,,,1,-1,,,,,,-1,,,-1,-1,1,,,,,,,,-1,,1,,,-1,1,,,,,,,,,,,,,,,,,,,,,,,,,,,,,,,,,,,,,,,,,,,,,,,,,,,,,,,,,,,,,,,,,,,
95,1,0,54,37,14,-1,-1,1,-1,1,1,1,1,1,1,-1,-1,-1,-1,1,1,1,0,0,1,1,1,-1,-1,1,1,1,1,-1,1,1,1,1,1,1,-1,-1,1,,1,,1,,,1,1,1,,,,0,,,,1,-1,,,,,,1,,,1,1,1,,,,,,,,1,,1,,,-1,1,,,,,,,,,,,,,,,,,,,,,,,,,,,,,,,,,,,,,,,,,,,,,,,,,,,,,,,,,,,,,,,,,,,
96,1,0,9,4,5,-1,,,1,,-1,,,1,,,,,-1,1,,,,,,,,,,,,,,,,,,,,1,,,,,,,,,,,-1,,,,,,,,,,,,,,,,,,,,,-1,,,,,,,,,,,,,,,,,,,,,,,,,,,,,,,,,,,,,,,,,,,,,,,,,,,,,,,,,,,,,,,,,,,,,,,,,,,,,,,,,
97,1,0,58,28,22,1,-1,-1,1,-1,-1,-1,-1,-1,-1,-1,-1,-1,1,-1,0,0,-1,-1,0,-1,-1,1,-1,1,0,-1,0,1,1,1,1,1,1,1,1,0,1,1,1,1,-1,1,1,-1,1,1,,,,0,,,,1,-1,,,,,,-1,,,1,1,1,,,,,,,,0,,1,,,1,1,,,,,,,,,,,,,,,,,,,,,,,,,,,,,,,,,,,,,,,,,,,,,,,,,,,,,,,,,,,,,,,,,,,
98,1,0,58,30,28,-1,1,-1,-1,1,-1,-1,1,-1,-1,-1,-1,-1,1,-1,-1,1,-1,-1,1,-1,-1,1,-1,1,-1,1,-1,1,1,-1,1,1,1,1,1,1,1,1,1,1,-1,1,1,1,-1,1,,,,1,,,,-1,-1,,,,,,-1,,,-1,-1,1,,,,,,,,1,,1,,,-1,1,,,,,,,,,,,,,,,,,,,,,,,,,,,,,,,,,,,,,,,,,,,,,,,,,,,,,,,,,,,,,,,,,,,
99,1,0,58,28,27,-1,1,-1,1,-1,-1,-1,-1,-1,-1,-1,-1,-1,1,-1,-1,0,-1,-1,-1,-1,-1,-1,-1,1,1,1,1,1,1,1,0,1,1,1,1,1,1,1,1,1,-1,-1,1,1,1,1,,,,1,,,,0,-1,,,,,,-1,,,-1,-1,1,,,,,,,,-1,,1,,,1,1,,,,,,,,,,,,,,,,,,,,,,,,,,,,,,,,,,,,,,,,,,,,,,,,,,,,,,,,,,,,,,,,,,,
100,1,0,22,9,12,-1,-1,-1,1,-1,0,-1,-1,-1,-1,-1,-1,-1,-1,1,,,,,,,,1,,,1,1,,,,,,,,,,,,,,,,,,,,,,,,,,,,,,,,,,,1,,,1,,1,,,,,,,,,,1,,,,,,,,,,,,,,,,,,,,,,,,,,,,,,,,,,,,,,,,,,,,,,,,,,,,,,,,,,,,,,,,,,,,,,,
101,1,0,84,33,29,1,1,-1,1,1,-1,-1,1,-1,-1,-1,-1,-1,-1,1,0,0,-1,-1,-1,-1,-1,1,-1,-1,0,1,1,1,1,-1,1,1,0,0,1,0,1,1,1,1,0,0,1,1,1,1,,,,0,,,,0,-1,,,,,,-1,,,0,-1,1,,,,,,,,-1,,1,,,1,1,,-1,-1,1,,0,-1,1,0,-1,,0,,,0,0,0,0,-1,-1,0,1,,,1,,-1,,1,,,-1,,,,,,,,0,0,,1,1,,,0,,,,,,,,,,,,,,,,,,,,
102,1,0,58,27,30,-1,-1,1,-1,-1,1,-1,1,-1,-1,-1,-1,-1,-1,1,-1,-1,-1,-1,-1,-1,-1,1,-1,1,-1,1,-1,1,1,1,1,1,-1,1,-1,-1,1,1,1,1,-1,0,1,1,-1,1,,,,1,,,,1,-1,,,,,,1,,,-1,-1,1,,,,,,,,-1,,1,,,1,1,,,,,,,,,,,,,,,,,,,,,,,,,,,,,,,,,,,,,,,,,,,,,,,,,,,,,,,,,,,,,,,,,,,
103,0,0,58,19,25,-1,1,-1,1,-1,-1,1,1,-1,-1,-1,-1,-1,-1,1,1,0,1,0,1,0,1,1,1,1,-1,0,-1,-1,-1,1,-1,-1,0,1,-1,-1,-1,-1,0,-1,1,0,0,-1,1,0,,,,0,,,,1,-1,,,,,,1,,,0,-1,0,,,,,,,,-1,,0,,,0,1,,,,,,,,,,,,,,,,,,,,,,,,,,,,,,,,,,,,,,,,,,,,,,,,,,,,,,,,,,,,,,,,,,,
104,1,0,58,26,31,1,-1,-1,1,-1,-1,-1,-1,-1,-1,-1,-1,1,-1,-1,-1,-1,-1,-1,-1,-1,-1,1,-1,1,1,1,1,1,1,0,1,1,-1,1,1,-1,1,1,1,1,-1,-1,1,-1,1,1,,,,1,,,,-1,-1,,,,,,-1,,,-1,-1,1,,,,,,,,-1,,1,,,1,1,,,,,,,,,,,,,,,,,,,,,,,,,,,,,,,,,,,,,,,,,,,,,,,,,,,,,,,,,,,,,,,,,,,
105,1,0,58,25,20,-1,1,-1,1,-1,-1,-1,-1,-1,-1,-1,-1,-1,-1,1,0,0,-1,-1,-1,0,1,-1,1,1,1,1,1,1,1,0,1,0,0,1,-1,-1,1,1,1,1,1,-1,1,-1,1,0,,,,1,,,,1,0,,,,,,0,,,0,1,0,,,,,,,,0,,1,,,0,1,,,,,,,,,,,,,,,,,,,,,,,,,,,,,,,,,,,,,,,,,,,,,,,,,,,,,,,,,,,,,,,,,,,
106,1,0,58,24,16,-1,-1,1,-1,1,1,-1,1,-1,-1,-1,-1,1,-1,-1,-1,1,-1,-1,0,0,-1,0,0,0,0,0,0,1,1,0,1,1,1,1,1,-1,1,1,1,1,1,-1,0,0,1,1,,,,0,,,,0,0,,,,,,0,,,0,0,1,,,,,,,,0,,1,,,1,1,,,,,,,,,,,,,,,,,,,,,,,,,,,,,,,,,,,,,,,,,,,,,,,,,,,,,,,,,,,,,,,,,,,
108,1,0,58,29,23,-1,-1,1,1,-1,-1,-1,1,-1,-1,1,-1,1,-1,-1,-1,0,-1,-1,-1,-1,-1,1,-1,-1,1,1,0,1,1,0,1,1,1,1,1,1,1,1,1,1,0,-1,1,1,1,1,,,,1,,,,1,-1,,,,,,-1,,,0,-1,1,,,,,,,,-1,,1,,,0,1,,,,,,,,,,,,,,,,,,,,,,,,,,,,,,,,,,,,,,,,,,,,,,,,,,,,,,,,,,,,,,,,,,,
109,1,0,58,37,18,-1,1,-1,-1,1,-1,-1,1,-1,-1,-1,-1,-1,1,-1,0,1,-1,1,1,-1,-1,1,-1,1,0,1,1,1,1,1,1,1,1,1,1,1,1,1,1,1,1,1,1,1,1,1,,,,1,,,,1,-1,,,,,,-1,,,1,-1,1,,,,,,,,0,,1,,,1,1,,,,,,,,,,,,,,,,,,,,,,,,,,,,,,,,,,,,,,,,,,,,,,,,,,,,,,,,,,,,,,,,,,,
111,1,0,58,24,23,0,0,0,-1,0,0,0,0,-1,0,0,0,1,0,-1,-1,-1,-1,-1,-1,-1,-1,-1,-1,-1,-1,1,-1,1,1,-1,1,1,1,1,1,1,1,1,1,1,1,-1,1,1,1,1,,,,1,,,,-1,-1,,,,,,-1,,,-1,-1,1,,,,,,,,-1,,1,,,1,1,,,,,,,,,,,,,,,,,,,,,,,,,,,,,,,,,,,,,,,,,,,,,,,,,,,,,,,,,,,,,,,,,,,
112,1,0,58,27,31,-1,1,-1,1,-1,-1,-1,1,-1,-1,-1,-1,-1,-1,1,-1,1,-1,-1,-1,-1,-1,1,-1,-1,1,1,1,-1,1,1,-1,1,-1,1,-1,-1,1,1,1,1,-1,-1,1,1,1,1,,,,1,,,,1,-1,,,,,,1,,,-1,-1,-1,,,,,,,,-1,,1,,,1,1,,,,,,,,,,,,,,,,,,,,,,,,,,,,,,,,,,,,,,,,,,,,,,,,,,,,,,,,,,,,,,,,,,,
114,0,0,58,26,22,-1,1,-1,0,1,0,0,0,-1,0,0,0,0,0,0,-1,1,1,-1,-1,1,1,-1,1,-1,-1,1,-1,-1,-1,1,1,1,-1,1,-1,1,1,-1,1,1,-1,1,1,-1,1,1,,,,-1,,,,1,1,,,,,,-1,,,-1,-1,1,,,,,,,,-1,,1,,,1,1,,,,,,,,,,,,,,,,,,,,,,,,,,,,,,,,,,,,,,,,,,,,,,,,,,,,,,,,,,,,,,,,,,,
115,1,0,58,30,28,-1,1,-1,1,-1,-1,-1,1,-1,-1,-1,-1,1,-1,-1,-1,-1,-1,-1,-1,-1,-1,-1,-1,1,1,1,1,1,1,1,1,1,1,1,1,1,1,1,1,1,-1,-1,1,1,1,1,,,,1,,,,-1,-1,,,,,,-1,,,-1,1,1,,,,,,,,-1,,1,,,-1,1,,,,,,,,,,,,,,,,,,,,,,,,,,,,,,,,,,,,,,,,,,,,,,,,,,,,,,,,,,,,,,,,,,,
116,1,0,58,19,17,-1,-1,1,1,-1,-1,-1,-1,-1,-1,-1,-1,0,0,0,0,0,-1,-1,0,-1,-1,0,-1,1,0,1,1,0,0,1,1,1,0,0,0,0,1,1,1,1,0,0,1,0,0,1,,,,0,,,,1,-1,,,,,,0,,,1,-1,1,,,,,,,,0,,1,,,0,1,,,,,,,,,,,,,,,,,,,,,,,,,,,,,,,,,,,,,,,,,,,,,,,,,,,,,,,,,,,,,,,,,,,
117,1,0,58,21,19,-1,-1,1,1,-1,-1,-1,-1,-1,-1,-1,-1,-1,0,0,0,0,-1,-1,-1,-1,-1,0,-1,1,0,1,1,0,0,1,1,1,0,0,1,0,1,1,1,1,0,0,1,0,0,1,,,,1,,,,1,0,,,,,,0,,,1,-1,1,,,,,,,,0,,1,,,-1,1,,,,,,,,,,,,,,,,,,,,,,,,,,,,,,,,,,,,,,,,,,,,,,,,,,,,,,,,,,,,,,,,,,,
118,1,0,58,25,21,1,-1,-1,1,-1,-1,1,-1,-1,-1,1,1,0,-1,-1,-1,-1,-1,-1,-1,-1,-1,1,-1,1,1,1,0,1,0,0,1,1,1,1,1,1,1,1,1,1,-1,0,0,1,0,1,,,,1,,,,0,-1,,,,,,-1,,,0,0,1,,,,,,,,-1,,0,,,0,1,,,,,,,,,,,,,,,,,,,,,,,,,,,,,,,,,,,,,,,,,,,,,,,,,,,,,,,,,,,,,,,,,,,
119,1,0,58,22,27,1,-1,-1,1,-1,-1,-1,-1,-1,-1,-1,-1,-1,-1,1,0,1,-1,-1,0,0,-1,1,-1,-1,-1,1,1,1,1,-1,1,0,-1,1,1,0,1,1,1,1,0,1,0,-1,1,1,,,,1,,,,0,-1,,,,,,-1,,,-1,-1,1,,,,,,,,-1,,-1,,,0,1,,,,,,,,,,,,,,,,,,,,,,,,,,,,,,,,,,,,,,,,,,,,,,,,,,,,,,,,,,,,,,,,,,,
120,0,0,58,22,33,-1,1,-1,1,-1,-1,-1,1,1,1,-1,-1,-1,-1,1,1,1,-1,0,1,1,1,-1,1,-1,-1,1,-1,-1,-1,1,-1,-1,-1,-1,-1,-1,-1,-1,1,1,1,-1,1,-1,-1,1,,,,-1,,,,1,-1,,,,,,-1,,,-1,-1,-1,,,,,,,,0,,1,,,0,1,,,,,,,,,,,,,,,,,,,,,,,,,,,,,,,,,,,,,,,,,,,,,,,,,,,,,,,,,,,,,,,,,,,
121,1,0,58,28,21,-1,1,-1,1,0,-1,0,-1,-1,-1,-1,1,0,-1,-1,-1,-1,-1,-1,-1,-1,-1,1,-1,0,1,-1,1,1,1,1,1,1,0,1,0,1,1,1,1,1,-1,0,1,0,1,1,,,,1,,,,1,-1,,,,,,0,,,1,1,1,,,,,,,,-1,,1,,,1,1,,,,,,,,,,,,,,,,,,,,,,,,,,,,,,,,,,,,,,,,,,,,,,,,,,,,,,,,,,,,,,,,,,,
122,1,0,58,31,16,-1,-1,1,1,-1,-1,-1,1,-1,-1,0,1,-1,-1,-1,0,0,-1,-1,0,0,-1,1,0,1,0,1,1,1,1,0,1,1,1,1,1,1,1,1,1,1,1,-1,1,1,1,1,,,,1,,,,1,-1,,,,,,0,,,1,0,1,,,,,,,,0,,-1,,,1,1,,,,,,,,,,,,,,,,,,,,,,,,,,,,,,,,,,,,,,,,,,,,,,,,,,,,,,,,,,,,,,,,,,,
123,1,0,58,32,21,-1,1,-1,1,-1,-1,-1,-1,-1,-1,1,1,-1,-1,-1,0,0,-1,-1,-1,-1,-1,-1,-1,1,1,1,1,1,1,1,1,1,0,1,1,1,1,1,1,1,1,0,1,1,0,1,,,,1,,,,1,-1,,,,,,-1,,,1,1,1,,,,,,,,-1,,1,,,1,1,,,,,,,,,,,,,,,,,,,,,,,,,,,,,,,,,,,,,,,,,,,,,,,,,,,,,,,,,,,,,,,,,,,
124,1,0,58,34,20,1,1,-1,-1,1,-1,-1,-1,-1,-1,-1,-1,1,-1,-1,1,0,-1,0,-1,-1,-1,-1,-1,1,1,1,1,1,1,1,1,1,1,1,1,1,1,1,1,1,1,1,1,1,1,1,,,,1,,,,1,0,,,,,,-1,,,1,-1,1,,,,,,,,0,,1,,,-1,1,,,,,,,,,,,,,,,,,,,,,,,,,,,,,,,,,,,,,,,,,,,,,,,,,,,,,,,,,,,,,,,,,,,
126,1,0,58,41,17,-1,-1,1,1,-1,-1,-1,-1,-1,1,-1,1,-1,-1,-1,1,-1,-1,-1,1,1,1,-1,1,1,1,1,1,1,1,1,1,1,1,1,1,1,1,1,1,1,1,1,1,1,1,1,,,,1,,,,1,1,,,,,,1,,,1,-1,1,,,,,,,,-1,,1,,,1,1,,,,,,,,,,,,,,,,,,,,,,,,,,,,,,,,,,,,,,,,,,,,,,,,,,,,,,,,,,,,,,,,,,,
127,0,1,59,21,26,-1,1,-1,1,1,-1,1,1,-1,-1,-1,-1,-1,1,-1,0,0,-1,-1,-1,0,-1,1,1,1,1,-1,-1,-1,1,0,-1,-1,0,0,0,0,-1,0,1,1,1,-1,-1,-1,0,1,,,,1,,,,0,-1,,,,,,1,,,-1,1,-1,,,,,,,,0,,-1,,,1,1,,1,,,,,,,,,,,,,,,,,,,,,,,,,,,,,,,,,,,,,,,,,,,,,,,,,,,,,,,,,,,,,,,,,
128,1,0,58,28,23,-1,1,-1,1,-1,-1,-1,-1,1,1,-1,-1,1,-1,-1,-1,0,-1,-1,-1,-1,-1,-1,-1,0,0,1,1,0,1,1,1,1,1,1,1,1,1,1,1,1,0,0,-1,1,1,1,,,,1,,,,0,-1,,,,,,-1,,,1,-1,1,,,,,,,,-1,,1,,,1,1,,,,,,,,,,,,,,,,,,,,,,,,,,,,,,,,,,,,,,,,,,,,,,,,,,,,,,,,,,,,,,,,,,,
129,1,0,17,9,8,-1,-1,1,-1,1,1,1,1,1,1,-1,-1,-1,1,-1,,,,,,-1,,,,,,,,,,,,,,,,,,,,,,,,,1,,,,,,,,,,,,,,,,,,,,,,,,,,,,,,,,,,,,,,,,,,,,,,,,,,,,,,,,,,,,,,,,,,,,,,,,,,,,,,,,,,,,,,,,,,,,,,,,,,,,,,
130,0,0,58,21,35,1,-1,-1,-1,1,-1,-1,1,-1,-1,-1,-1,-1,-1,1,-1,0,-1,1,-1,-1,-1,1,-1,-1,-1,1,1,-1,-1,1,-1,1,0,-1,-1,-1,1,1,1,1,1,-1,1,1,-1,-1,,,,-1,,,,-1,-1,,,,,,1,,,-1,-1,1,,,,,,,,-1,,1,,,-1,1,,,,,,,,,,,,,,,,,,,,,,,,,,,,,,,,,,,,,,,,,,,,,,,,,,,,,,,,,,,,,,,,,,,
131,1,0,58,29,21,-1,-1,1,-1,-1,1,-1,1,-1,-1,-1,-1,-1,-1,1,0,1,-1,-1,0,-1,-1,1,0,1,1,1,1,1,1,1,1,1,0,1,1,-1,1,1,1,1,-1,-1,1,0,0,1,,,,1,,,,1,-1,,,,,,-1,,,1,0,1,,,,,,,,-1,,1,,,0,1,,,,,,,,,,,,,,,,,,,,,,,,,,,,,,,,,,,,,,,,,,,,,,,,,,,,,,,,,,,,,,,,,,,
132,1,0,7,2,5,-1,,,1,1,,,,-1,-1,,,,-1,-1,,,,,,,,,,,,,,,,,,,,,,,,,,,,,,,,,,,,,,,,,,,,,,,,,,,,,,,,,,,,,,,,,,,,,,,,,,,,,,,,,,,,,,,,,,,,,,,,,,,,,,,,,,,,,,,,,,,,,,,,,,,,,,,,,,,,,
134,1,0,58,33,25,-1,-1,1,1,1,-1,-1,1,-1,-1,-1,-1,1,-1,-1,-1,-1,-1,-1,-1,-1,-1,1,-1,1,1,1,1,1,1,1,1,1,1,1,1,1,1,1,1,1,-1,-1,1,1,-1,1,,,,1,,,,1,-1,,,,,,-1,,,1,1,1,,,,,,,,-1,,-1,,,1,1,,,,,,,,,,,,,,,,,,,,,,,,,,,,,,,,,,,,,,,,,,,,,,,,,,,,,,,,,,,,,,,,,,,
135,1,0,16,3,2,0,0,0,-1,1,0,,1,0,,0,,0,0,-1,,,,,,,,,,0,,,0,,,,,,,,,,,,,,,,,,,,,,,,,,,,,,,,,,,,,,1,0,,,,,,,,,,,,,,,,,,,,,,,,,,,,,,,,,,,,,,,,,,,,,,,,,,,,,,,,,,,,,,,,,,,,,,,,,,,,,,,,,
136,1,0,38,19,18,-1,1,0,1,-1,-1,-1,1,-1,-1,-1,-1,1,-1,-1,,-1,,,,-1,,-1,1,1,-1,-1,,1,,,,1,,1,1,-1,,,,1,1,,1,1,1,1,,,,,,,,-1,,,,,,,,,,,,1,,,,,,,,-1,,1,,,,1,,,,,,,,,,,,,,,,,,,,,,,,,,,,,,,,,,,,,,,,,,,,,,,,,,,,,,,,,,,,,,,,,,,
138,,0,6,1,5,-1,,-1,,,,-1,,1,,-1,,-1,,,,,,,,,,,,,,,,,,,,,,,,,,,,,,,,,,,,,,,,,,,,,,,,,,,,,,,,,,,,,,,,,,,,,,,,,,,,,,,,,,,,,,,,,,,,,,,,,,,,,,,,,,,,,,,,,,,,,,,,,,,,,,,,,,,,,,,
139,1,0,58,29,17,-1,1,-1,1,-1,-1,1,1,-1,-1,-1,-1,-1,1,-1,1,-1,0,-1,0,0,-1,1,-1,1,0,1,1,0,-1,1,1,1,1,1,1,0,1,1,1,1,1,-1,1,-1,1,1,,,,1,,,,0,0,,,,,,0,,,0,1,1,,,,,,,,0,,1,,,0,1,,,,,,,,,,,,,,,,,,,,,,,,,,,,,,,,,,,,,,,,,,,,,,,,,,,,,,,,,,,,,,,,,,,
140,1,0,58,34,24,1,1,-1,1,-1,-1,-1,-1,-1,-1,-1,-1,-1,1,-1,1,1,-1,1,-1,1,-1,1,-1,-1,-1,1,1,1,1,1,1,1,1,1,-1,-1,1,-1,1,1,1,1,-1,1,-1,1,,,,1,,,,1,1,,,,,,1,,,1,-1,1,,,,,,,,1,,-1,,,1,1,,,,,,,,,,,,,,,,,,,,,,,,,,,,,,,,,,,,,,,,,,,,,,,,,,,,,,,,,,,,,,,,,,,
141,1,0,58,29,20,-1,1,-1,1,-1,-1,-1,0,-1,-1,-1,-1,1,-1,-1,0,1,-1,-1,0,0,-1,1,-1,0,0,1,1,1,1,1,1,1,1,1,1,1,1,1,1,1,0,-1,1,1,1,1,,,,1,,,,1,-1,,,,,,-1,,,0,-1,1,,,,,,,,-1,,0,,,1,1,,,,,,,,,,,,,,,,,,,,,,,,,,,,,,,,,,,,,,,,,,,,,,,,,,,,,,,,,,,,,,,,,,,
142,1,0,58,32,24,1,-1,-1,1,1,-1,1,0,-1,-1,-1,1,-1,-1,-1,-1,-1,-1,-1,-1,-1,-1,1,-1,1,1,-1,1,1,1,1,1,1,1,1,1,1,1,1,1,1,-1,0,-1,1,1,1,,,,1,,,,1,-1,,,,,,-1,,,1,1,1,,,,,,,,-1,,-1,,,1,1,,,,,,,,,,,,,,,,,,,,,,,,,,,,,,,,,,,,,,,,,,,,,,,,,,,,,,,,,,,,,,,,,,,
143,1,0,59,25,26,1,-1,-1,1,-1,-1,-1,-1,-1,-1,-1,-1,1,-1,-1,-1,1,0,-1,1,0,-1,1,-1,-1,1,-1,1,1,1,-1,-1,1,1,0,1,1,1,0,1,-1,1,1,-1,0,1,0,,,,-1,,,,-1,-1,,,,,,-1,,,1,0,1,,,,,,,,0,,1,,,1,1,,1,,,,,,,,,,,,,,,,,,,,,,,,,,,,,,,,,,,,,,,,,,,,,,,,,,,,,,,,,,,,,,,,,
144,0,0,59,31,28,-1,-1,1,1,-1,-1,-1,1,-1,-1,-1,1,-1,-1,1,1,1,-1,1,1,-1,1,1,1,1,-1,1,-1,1,1,1,1,1,-1,1,-1,-1,1,1,1,1,-1,-1,1,-1,-1,1,,,,1,,,,-1,-1,,,,,,-1,,,-1,1,1,,,,,,,,-1,,-1,,,1,1,,-1,,,,,,,,,,,,,,,,,,,,,,,,,,,,,,,,,,,,,,,,,,,,,,,,,,,,,,,,,,,,,,,,,
145,1,0,59,32,27,-1,-1,1,1,-1,-1,-1,1,-1,-1,1,-1,1,-1,-1,-1,-1,-1,-1,-1,-1,-1,1,-1,1,-1,1,1,1,1,1,1,1,-1,1,1,1,1,1,1,1,1,-1,1,1,1,1,,,,1,,,,1,-1,,,,,,1,,,1,-1,1,,,,,,,,-1,,-1,,,-1,1,,-1,,,,,,,,,,,,,,,,,,,,,,,,,,,,,,,,,,,,,,,,,,,,,,,,,,,,,,,,,,,,,,,,,
146,1,2,49,23,20,-1,-1,1,-1,1,-1,-1,1,-1,-1,-1,-1,-1,1,-1,-1,,,,,-1,-1,1,0,-1,-1,1,-1,1,0,1,1,1,0,1,1,0,1,1,1,1,0,,,-1,-1,1,,,,,,,,,,,,,,,,,,1,,1,,,,,,,,,,1,,,0,1,,-1,1,1,,,,,,,,,,,,,,,,,,,,,,,,,,,,,,,,,,,,,,,,,,,,,,,,,,,,,,,,,,,,,,,
147,0,0,59,16,43,1,-1,-1,1,-1,-1,-1,1,-1,-1,-1,-1,1,-1,-1,1,-1,1,1,1,1,1,1,-1,-1,-1,-1,-1,-1,-1,-1,-1,-1,-1,-1,-1,-1,-1,-1,-1,1,-1,-1,1,-1,-1,-1,,,,-1,,,,-1,-1,,,,,,-1,,,1,-1,-1,,,,,,,,1,,-1,,,-1,1,,-1,,,,,,,,,,,,,,,,,,,,,,,,,,,,,,,,,,,,,,,,,,,,,,,,,,,,,,,,,,,,,,,,,
149,0,5,64,33,31,-1,1,-1,-1,1,1,-1,1,1,1,-1,-1,-1,-1,1,1,1,1,1,-1,-1,1,1,1,-1,-1,1,1,-1,1,-1,-1,-1,-1,1,-1,1,-1,-1,1,-1,-1,1,-1,-1,-1,1,,,,-1,,,,1,-1,,,,,,1,,,1,1,-1,,,,,,,,-1,,1,,,-1,-1,,1,,,1,1,1,1,1,,,,,,,,,,,,,,,,,,,,,,,,,,,,,,,,,,,,,,,,,,,,,,,,,,,,,,,,,,
150,0,0,59,24,25,-1,-1,1,-1,1,1,-1,1,-1,-1,-1,1,-1,-1,-1,1,0,-1,1,1,1,1,1,1,0,1,-1,0,-1,-1,1,-1,-1,-1,1,-1,-1,1,0,-1,1,1,-1,1,0,0,0,,,,-1,,,,-1,0,,,,,,1,,,1,1,-1,,,,,,,,0,,-1,,,0,1,,1,,,,,,,,,,,,,,,,,,,,,,,,,,,,,,,,,,,,,,,,,,,,,,,,,,,,,,,,,,,,,,,,,
151,1,0,59,27,24,-1,1,-1,1,-1,-1,-1,1,1,-1,-1,-1,-1,-1,1,0,0,-1,-1,-1,-1,-1,-1,-1,1,-1,1,1,0,-1,1,1,1,0,1,1,-1,1,1,1,1,0,0,1,-1,1,1,,,,1,,,,1,0,,,,,,-1,,,0,-1,1,,,,,,,,1,,1,,,1,1,,-1,,,,,,,,,,,,,,,,,,,,,,,,,,,,,,,,,,,,,,,,,,,,,,,,,,,,,,,,,,,,,,,,,
153,1,0,36,14,15,-1,1,-1,1,0,-1,-1,1,-1,-1,-1,-1,-1,1,-1,0,,,,,,,-1,1,1,1,,,0,-1,0,0,1,,0,1,-1,1,,,,-1,-1,,0,1,,,,,,,,,,,,,,,,,,,1,,1,,,,,,,,,,,,,,,,1,,,,,,,,,,,,,,,,,,,,,,,,,,,,,,,,,,,,,,,,,,,,,,,,,,,,,,,,,,,,,,,,,
154,1,0,59,25,22,1,-1,-1,1,1,-1,-1,-1,-1,-1,-1,-1,-1,-1,1,0,-1,0,-1,-1,-1,-1,-1,-1,0,0,1,0,1,0,0,1,1,0,1,1,1,1,0,1,1,0,0,1,1,1,1,,,,1,,,,-1,-1,,,,,,0,,,1,-1,1,,,,,,,,-1,,1,,,1,1,,1,,,,,,,,,,,,,,,,,,,,,,,,,,,,,,,,,,,,,,,,,,,,,,,,,,,,,,,,,,,,,,,,,
155,1,0,59,30,14,-1,1,1,-1,1,-1,-1,0,0,0,-1,-1,1,1,1,1,1,-1,0,0,-1,1,1,-1,1,-1,0,1,1,1,0,1,1,0,1,1,1,1,1,1,1,0,1,1,-1,1,1,,,,0,,,,-1,0,,,,,,0,,,0,0,1,,,,,,,,0,,1,,,-1,1,,-1,,,,,,,,,,,,,,,,,,,,,,,,,,,,,,,,,,,,,,,,,,,,,,,,,,,,,,,,,,,,,,,,,
156,1,0,59,27,21,-1,-1,1,-1,-1,1,-1,1,-1,-1,-1,-1,1,-1,-1,0,0,-1,0,-1,-1,-1,1,-1,0,1,1,1,0,0,1,1,1,-1,1,1,0,1,1,1,1,1,0,1,0,0,1,,,,1,,,,1,-1,,,,,,1,,,1,-1,1,,,,,,,,1,,-1,,,0,1,,-1,,,,,,,,,,,,,,,,,,,,,,,,,,,,,,,,,,,,,,,,,,,,,,,,,,,,,,,,,,,,,,,,,
157,1,0,59,28,29,1,-1,-1,1,-1,-1,-1,-1,-1,-1,-1,-1,-1,-1,1,-1,-1,-1,-1,-1,-1,-1,-1,-1,1,-1,1,1,1,1,0,1,1,1,-1,1,1,1,1,1,1,1,0,1,1,1,1,,,,1,,,,1,-1,,,,,,-1,,,-1,-1,1,,,,,,,,-1,,1,,,1,1,,-1,,,,,,,,,,,,,,,,,,,,,,,,,,,,,,,,,,,,,,,,,,,,,,,,,,,,,,,,,,,,,,,,,
159,0,0,59,29,26,-1,1,1,-1,1,1,-1,1,-1,0,-1,-1,-1,1,-1,1,1,1,1,1,1,1,1,1,-1,1,1,1,0,-1,-1,-1,-1,-1,-1,-1,-1,-1,0,1,0,1,-1,-1,-1,1,1,,,,-1,,,,1,1,,,,,,-1,,,1,-1,-1,,,,,,,,1,,1,,,1,1,,-1,,,,,,,,,,,,,,,,,,,,,,,,,,,,,,,,,,,,,,,,,,,,,,,,,,,,,,,,,,,,,,,,,
160,1,0,59,33,26,-1,1,-1,1,-1,-1,-1,1,-1,-1,-1,-1,-1,-1,1,-1,1,-1,-1,-1,-1,-1,-1,-1,1,-1,1,1,1,1,1,1,1,1,1,1,1,1,1,1,1,-1,-1,1,1,1,1,,,,1,,,,1,-1,,,,,,-1,,,1,-1,1,,,,,,,,-1,,1,,,1,1,,1,,,,,,,,,,,,,,,,,,,,,,,,,,,,,,,,,,,,,,,,,,,,,,,,,,,,,,,,,,,,,,,,,
161,0,0,37,11,26,1,-1,-1,1,-1,-1,-1,-1,-1,1,-1,-1,1,-1,-1,,1,,,,1,,-1,1,,-1,,1,-1,-1,,-1,-1,-1,,-1,-1,-1,,1,-1,1,,-1,-1,,,,,,,,,,,,,,,,,,,,,,-1,,,,,,,,,,1,,,,-1,,,,,,,,,,,,,,,,,,,,,,,,,,,,,,,,,,,,,,,,,,,,,,,,,,,,,,,,,,,,,,,,,,,
162,1,0,11,4,7,-1,1,-1,1,-1,-1,-1,1,-1,,,,,-1,1,,,,,,,,,,,,,,,,,,,,,,,,,,,,,,,,,,,,,,,,,,,,,,,,,,,,,,,,,,,,,,,,,,,,,,,,,,,,,,,,,,,,,,,,,,,,,,,,,,,,,,,,,,,,,,,,,,,,,,,,,,,,,,,,,,,,,
163,1,0,59,24,32,1,1,-1,1,-1,-1,-1,1,1,1,-1,-1,-1,1,-1,-1,-1,-1,-1,-1,-1,-1,1,1,-1,1,-1,-1,1,0,1,-1,1,-1,1,1,-1,1,-1,1,1,-1,0,1,1,-1,1,,,,-1,,,,-1,-1,,,,,,-1,,,-1,1,-1,,,,,,,,-1,,-1,,,0,1,,1,,,,,,,,,,,,,,,,,,,,,,,,,,,,,,,,,,,,,,,,,,,,,,,,,,,,,,,,,,,,,,,,,
164,1,0,59,30,20,-1,1,-1,1,-1,-1,-1,-1,1,1,-1,-1,-1,1,-1,-1,0,-1,-1,-1,0,0,1,0,-1,1,1,1,1,1,0,1,1,1,1,1,1,1,1,1,1,1,-1,-1,1,1,1,,,,0,,,,1,-1,,,,,,0,,,1,0,1,,,,,,,,-1,,1,,,0,1,,-1,,,,,,,,,,,,,,,,,,,,,,,,,,,,,,,,,,,,,,,,,,,,,,,,,,,,,,,,,,,,,,,,,
165,,0,1,0,1,-1,,,,,,,,,,,,,,,,,,,,,,,,,,,,,,,,,,,,,,,,,,,,,,,,,,,,,,,,,,,,,,,,,,,,,,,,,,,,,,,,,,,,,,,,,,,,,,,,,,,,,,,,,,,,,,,,,,,,,,,,,,,,,,,,,,,,,,,,,,,,,,,,,,,
166,1,0,38,18,13,1,-1,-1,1,-1,1,-1,-1,-1,-1,-1,-1,-1,1,-1,,,,,0,0,1,,0,1,1,1,0,1,1,,,0,0,-1,,0,1,1,,,1,,,1,1,1,,,,,,,,,,,,,,,1,,,,,,,,,,,,,-1,,1,,,,,,,,,,,,,,,,,,,,,,,,,,,,,,,,,,,,,,,,,,,,,,,,,,,,,,,,,,,,,,,,,,,,,,,
167,1,0,59,30,15,-1,1,-1,-1,1,1,-1,1,-1,-1,-1,1,-1,1,-1,-1,0,0,-1,-1,-1,-1,0,0,0,1,1,1,0,1,1,1,1,0,1,1,0,1,1,1,1,1,0,1,1,0,1,,,,1,,,,1,0,,,,,,0,,,1,1,1,,,,,,,,-1,,0,,,0,1,,1,,,,,,,,,,,,,,,,,,,,,,,,,,,,,,,,,,,,,,,,,,,,,,,,,,,,,,,,,,,,,,,,,
168,1,0,42,25,14,-1,1,-1,-1,1,-1,1,-1,-1,-1,-1,-1,1,-1,-1,1,,,,,,,-1,1,1,1,,1,1,0,,1,1,,1,1,1,,,1,1,1,,,0,1,1,,,,1,,,,1,,,,,,,0,,,-1,-1,1,,,,,,,,,,1,,,1,,,,,,,,,,,,,,,,,,,,,,,,,,,,,,,,,,,,,,,,,,,,,,,,,,,,,,,,,,,,,,,,,,,,
169,1,0,51,17,23,-1,1,-1,-1,0,0,-1,1,0,0,0,-1,-1,1,-1,-1,,-1,-1,-1,-1,-1,-1,0,0,-1,-1,1,1,1,0,1,1,0,1,-1,1,1,1,1,-1,-1,,,1,0,,,,,-1,,,,-1,,,,,,,-1,,,-1,,1,,,,,,,,,,1,,,0,1,,,,,,,,,,,,,,,,,,,,,,,,,,,,,,,,,,,,,,,,,,,,,,,,,,,,,,,,,,,,,,,,,,,
170,1,1,60,26,24,-1,1,-1,1,-1,-1,-1,-1,1,1,-1,-1,-1,1,-1,-1,-1,-1,-1,-1,-1,-1,-1,-1,1,1,1,1,0,0,0,1,1,0,1,1,0,0,1,1,1,1,0,1,0,0,1,,,,1,,,,1,-1,,,,,,-1,,,1,-1,1,,,,,,,,-1,,1,,,0,1,,-1,,,,,,,,1,,,,,,,,,,,,,,,,,,,,,,,,,,,,,,,,,,,,,,,,,,,,,,,,,,,,,,,,,
171,,0,4,3,1,1,-1,,,,,,,,,1,,,,,,,,,,,,,,,,,,,,,,,,,,,,,,1,,,,,,,,,,,,,,,,,,,,,,,,,,,,,,,,,,,,,,,,,,,,,,,,,,,,,,,,,,,,,,,,,,,,,,,,,,,,,,,,,,,,,,,,,,,,,,,,,,,,,,,,,,,
173,1,0,59,25,27,-1,-1,1,-1,1,-1,-1,1,-1,1,-1,-1,-1,1,-1,-1,1,-1,-1,-1,-1,-1,1,-1,-1,-1,-1,-1,1,1,1,0,1,1,1,0,-1,1,1,1,1,-1,-1,1,1,1,1,,,,0,,,,0,-1,,,,,,1,,,0,-1,1,,,,,,,,-1,,0,,,0,1,,1,,,,,,,,,,,,,,,,,,,,,,,,,,,,,,,,,,,,,,,,,,,,,,,,,,,,,,,,,,,,,,,,,
177,1,0,66,41,21,-1,1,-1,-1,-1,1,-1,1,1,1,-1,-1,-1,1,-1,-1,-1,-1,1,0,1,0,-1,-1,1,1,1,1,1,1,-1,1,1,1,1,1,1,1,1,0,1,1,1,1,1,1,1,,,,1,,,,1,-1,,,,,,1,,,1,-1,1,,,,,,,,-1,,-1,,,1,1,,1,-1,1,,1,-1,1,0,1,,,,,,,,,,,,,,,,,,,,,,,,,,,,,,,,,,,,,,,,,,,,,,,,,,,,,,,,,
178,1,0,17,5,11,1,-1,-1,1,1,-1,-1,-1,-1,-1,-1,-1,1,-1,-1,,,,,,,,,,,,,,,,,,,,,,,,,,,,,,,,1,,,,,,,,,,,,,,,,,,,,,,,,,,,,,,,,,,,,,,,,,,0,,,,,,,,,,,,,,,,,,,,,,,,,,,,,,,,,,,,,,,,,,,,,,,,,,,,,,,,,,,
180,1,0,66,23,32,-1,1,-1,1,-1,-1,-1,1,-1,-1,-1,-1,-1,-1,1,-1,0,-1,-1,-1,-1,-1,1,-1,-1,1,1,1,0,1,0,1,1,0,0,1,0,1,0,1,1,-1,-1,-1,1,1,1,,,,-1,,,,0,-1,,,,,,-1,,,-1,-1,1,,,,,,,,-1,,1,,,-1,1,,0,-1,1,,0,1,0,-1,-1,,,,,,,,,,,,,,,,,,,,,,,,,,,,,,,,,,,,,,,,,,,,,,,,,,,,,,,,,
181,1,0,66,38,26,-1,-1,1,-1,1,-1,-1,1,-1,1,-1,1,-1,-1,-1,-1,1,-1,-1,-1,-1,-1,1,-1,1,1,1,-1,1,1,1,1,1,1,1,1,1,-1,1,1,1,1,-1,1,1,1,1,,,,1,,,,1,0,,,,,,-1,,,1,-1,1,,,,,,,,-1,,1,,,1,1,,-1,0,1,,1,1,1,-1,-1,,,,,,,,,,,,,,,,,,,,,,,,,,,,,,,,,,,,,,,,,,,,,,,,,,,,,,,,,
182,1,7,73,42,29,-1,1,-1,-1,-1,1,-1,1,1,1,-1,-1,-1,1,-1,-1,-1,-1,-1,-1,-1,-1,-1,-1,1,1,1,1,-1,-1,1,1,1,0,1,1,-1,1,1,1,1,1,-1,1,-1,1,1,,,,1,,,,1,-1,,,,,,0,,,1,-1,1,,,,,,,,-1,,1,,,1,1,,1,-1,1,,1,1,1,-1,-1,,,1,1,1,1,1,1,1,,,,,,,,,,,,,,,,,,,,,,,,,,,,,,,,,,,,,,,,,,,,,,,,
183,1,0,66,36,24,-1,-1,1,-1,1,1,-1,-1,-1,-1,1,-1,1,1,-1,-1,-1,-1,-1,-1,-1,-1,1,1,0,1,-1,1,1,1,1,1,1,1,1,1,0,-1,1,1,1,0,1,1,1,1,1,,,,-1,,,,1,-1,,,,,,0,,,1,1,1,,,,,,,,-1,,1,,,0,1,,-1,-1,1,,1,1,0,-1,1,,,,,,,,,,,,,,,,,,,,,,,,,,,,,,,,,,,,,,,,,,,,,,,,,,,,,,,,,
184,1,0,84,44,29,1,-1,1,-1,1,-1,-1,1,-1,-1,-1,-1,1,-1,-1,-1,-1,-1,-1,-1,-1,-1,-1,-1,1,1,-1,1,1,1,1,1,1,1,1,1,1,1,1,1,1,1,-1,0,1,1,1,,,,-1,,,,0,-1,,,,,,-1,,,0,1,1,,,,,,,,-1,,1,,,1,1,,-1,-1,1,,1,-1,0,-1,1,,0,,,1,1,1,0,1,0,1,1,,,1,,1,,1,,,0,,,,,,,,0,0,,1,0,,,1,,,,,,,,,,,,,,,,,,,,
185,1,0,17,4,12,-1,-1,-1,-1,1,0,-1,-1,-1,-1,-1,-1,-1,-1,1,,,,,,,,,,,,,,,,,,,,,,,,,,,,,,,,,,,,,,,,,,,,,,,,,,,,,,,,,,,,,,,,,,,,,,1,,,1,,,,,,,,,,,,,,,,,,,,,,,,,,,,,,,,,,,,,,,,,,,,,,,,,,,,,,,,,,,,
186,1,0,66,33,27,-1,1,-1,1,-1,-1,-1,1,-1,-1,-1,-1,-1,-1,1,-1,1,-1,0,-1,-1,-1,-1,1,-1,1,1,-1,1,1,1,1,0,1,1,1,0,1,1,1,1,1,1,-1,-1,1,1,,,,0,,,,-1,-1,,,,,,1,,,1,-1,1,,,,,,,,-1,,1,,,1,1,,-1,1,1,,0,-1,1,0,1,,,,,,,,,,,,,,,,,,,,,,,,,,,,,,,,,,,,,,,,,,,,,,,,,,,,,,,,,
187,0,1,67,41,22,-1,1,-1,-1,1,1,-1,1,1,1,-1,1,-1,-1,-1,1,1,1,1,1,1,1,-1,1,-1,1,-1,1,1,0,1,1,-1,1,1,1,-1,1,1,1,1,1,-1,-1,-1,1,1,,,,-1,,,,1,-1,,,,,,1,,,1,1,1,,,,,,,,-1,,1,,,0,1,,1,0,-1,,1,-1,0,-1,1,,,,,,,,,,1,,,,,,,,,,,,,,,,,,,,,,,,,,,,,,,,,,,,,,,,,,,,,,,
188,1,0,66,33,30,-1,1,-1,1,-1,-1,-1,1,-1,1,-1,-1,-1,-1,1,-1,-1,-1,-1,-1,-1,-1,-1,-1,-1,1,1,1,1,1,1,1,1,1,1,1,1,1,1,1,1,-1,0,1,1,1,1,,,,1,,,,1,-1,,,,,,-1,,,-1,-1,1,,,,,,,,-1,,1,,,0,1,,-1,-1,-1,,1,-1,1,0,1,,,,,,,,,,,,,,,,,,,,,,,,,,,,,,,,,,,,,,,,,,,,,,,,,,,,,,,,,
189,1,0,66,38,25,-1,1,-1,-1,1,1,-1,1,-1,1,-1,1,1,-1,-1,-1,-1,-1,-1,-1,-1,-1,-1,-1,1,1,1,1,1,1,1,1,1,1,1,1,1,1,1,1,1,1,-1,1,1,1,1,,,,1,,,,0,-1,,,,,,-1,,,-1,0,1,,,,,,,,-1,,1,,,1,1,,1,-1,-1,,1,1,0,-1,1,,,,,,,,,,,,,,,,,,,,,,,,,,,,,,,,,,,,,,,,,,,,,,,,,,,,,,,,,
190,1,0,46,11,6,0,0,0,0,1,0,0,0,0,0,0,0,0,0,0,-1,0,0,,,0,,1,-1,,-1,1,0,,1,,0,1,,,,1,1,1,0,0,0,,1,0,-1,0,,,,0,,,,0,,,,,,,,,,,0,1,,,,,,,,-1,,,,,,1,,,,,,0,,0,,-1,,,,,,,,,,,,,,,,,,,,,,,,,,,,,,,,,,,,,,,,,,,,,,,,,,,,,,,,,
192,1,0,66,35,23,1,1,-1,1,-1,-1,-1,1,1,1,-1,-1,1,-1,-1,-1,0,0,-1,-1,-1,-1,1,-1,1,0,1,1,1,1,1,-1,0,0,-1,1,0,1,1,1,1,1,-1,1,-1,1,1,,,,1,,,,1,-1,,,,,,1,,,1,1,1,,,,,,,,-1,,1,,,1,0,,1,-1,1,,1,-1,0,-1,1,,,,,,,,,,,,,,,,,,,,,,,,,,,,,,,,,,,,,,,,,,,,,,,,,,,,,,,,,
193,1,0,66,26,14,-1,1,-1,-1,-1,1,-1,1,1,1,-1,0,1,-1,-1,0,0,0,0,-1,0,0,0,0,0,1,0,1,0,0,1,0,0,0,0,1,0,0,1,1,1,1,-1,0,0,1,1,,,,0,,,,1,-1,,,,,,0,,,1,1,1,,,,,,,,-1,,1,,,0,1,,1,-1,0,,1,1,0,-1,1,,,,,,,,,,,,,,,,,,,,,,,,,,,,,,,,,,,,,,,,,,,,,,,,,,,,,,,,,
194,1,0,66,30,27,-1,1,-1,1,-1,-1,-1,-1,-1,-1,-1,-1,1,-1,-1,0,-1,-1,-1,-1,-1,-1,-1,-1,1,-1,1,1,1,1,0,1,1,1,1,1,1,1,1,1,1,1,0,1,1,1,1,,,,1,,,,0,-1,,,,,,0,,,-1,-1,1,,,,,,,,0,,1,,,0,1,,-1,-1,1,,0,-1,1,0,1,,,,,,,,,,,,,,,,,,,,,,,,,,,,,,,,,,,,,,,,,,,,,,,,,,,,,,,,,
196,0,0,53,27,22,1,-1,-1,1,-1,-1,1,-1,-1,-1,-1,-1,1,-1,-1,1,-1,,,,,1,1,1,1,1,-1,1,1,1,,0,1,0,1,-1,-1,1,-1,1,1,1,,-1,-1,1,1,,,,-1,,,,0,,,,,,,0,,,1,-1,-1,,,,,,,,,,1,,,1,,,,,1,,1,1,,,-1,,,,,,,,,,,,,,,,,,,,,,,,,,,,,,,,,,,,,,,,,,,,,,,,,,,,,,,,,
197,1,2,68,27,23,-1,1,-1,1,-1,-1,-1,1,-1,-1,-1,-1,-1,1,-1,0,0,-1,-1,0,-1,-1,0,-1,0,1,1,1,1,1,1,0,1,1,0,1,0,1,1,1,1,0,0,0,0,1,1,,,,1,,,,0,-1,,,,,,0,,,-1,-1,1,,,,,,,,-1,,1,,,0,1,,1,-1,1,,0,-1,0,-1,0,,,,,,,,,,,1,1,,,,,,,,,,,,,,,,,,,,,,,,,,,,,,,,,,,,,,,,,,,,,
198,1,0,66,40,19,-1,1,-1,-1,1,-1,-1,1,0,0,-1,1,-1,-1,-1,-1,-1,-1,-1,-1,-1,-1,1,0,1,1,1,1,1,1,1,1,1,1,1,1,1,1,1,1,1,1,0,1,1,1,1,,,,1,,,,1,-1,,,,,,1,,,1,1,1,,,,,,,,-1,,1,,,1,1,,1,-1,1,,1,0,0,0,1,,,,,,,,,,,,,,,,,,,,,,,,,,,,,,,,,,,,,,,,,,,,,,,,,,,,,,,,,
199,1,0,66,37,27,1,-1,1,1,-1,-1,-1,1,1,1,-1,-1,-1,1,-1,-1,-1,-1,-1,-1,-1,-1,-1,-1,1,1,1,1,1,1,1,1,1,1,1,1,1,1,1,1,1,-1,-1,1,1,1,1,,,,1,,,,1,-1,,,,,,-1,,,1,-1,1,,,,,,,,-1,,1,,,0,1,,-1,-1,1,,1,-1,1,0,-1,,,,,,,,,,,,,,,,,,,,,,,,,,,,,,,,,,,,,,,,,,,,,,,,,,,,,,,,,
200,1,1,49,34,11,-1,1,-1,1,1,1,-1,1,1,1,-1,-1,-1,1,1,1,,,,,0,1,-1,-1,,1,1,1,1,-1,1,1,1,0,1,0,1,1,,1,1,1,,,-1,1,,,,,1,,,,1,,,,,,,,,,1,,1,,,,,,,,,,,,,,1,,0,,1,,1,-1,,,1,,,,,,,,,,,,,1,,,,,,,,,,,,,,,,,,,,,,,,,,,,,,,,,,,,,,,,,,,,
201,0,0,66,44,19,-1,1,0,-1,1,-1,-1,1,-1,1,-1,-1,-1,1,-1,1,1,1,1,1,1,1,1,-1,1,1,1,1,-1,1,1,-1,-1,1,1,-1,-1,1,1,1,1,1,1,-1,-1,0,1,,,,1,,,,1,-1,,,,,,1,,,1,1,-1,,,,,,,,1,,1,,,1,1,,1,1,0,,1,1,1,1,1,,,,,,,,,,,,,,,,,,,,,,,,,,,,,,,,,,,,,,,,,,,,,,,,,,,,,,,,,
202,1,0,64,31,18,-1,1,-1,1,-1,-1,-1,1,-1,-1,-1,-1,0,1,0,-1,,,,-1,-1,-1,1,-1,1,1,1,1,,1,0,1,1,1,1,1,0,1,1,1,1,0,,1,0,0,,,,,1,,,,1,,,,,,,-1,,,1,,1,,,,,,,,,,1,,,1,1,,,-1,1,,0,0,1,0,,,-1,,,0,-1,0,0,0,0,1,1,,,,,,,,,,,,,,,,,,,,,,,,,,,,,,,,,,,,,,,,,,,,,
203,0,0,75,27,46,-1,-1,1,0,1,-1,-1,1,-1,-1,0,-1,1,-1,-1,-1,1,1,1,1,-1,-1,1,1,-1,-1,-1,1,-1,-1,-1,-1,-1,-1,1,-1,-1,-1,-1,1,1,-1,1,1,-1,1,-1,,,,-1,,,,-1,-1,,,,,,1,,,-1,1,-1,,,,,,,,-1,,1,,,-1,1,,1,-1,-1,,1,1,-1,1,-1,,-1,,,-1,-1,1,-1,-1,-1,1,-1,,,,,,,,,,,,,,,,,,,,,,,,,,,,,,,,,,,,,,,,,,,,,
204,1,0,75,41,34,-1,1,-1,1,1,-1,-1,1,-1,-1,-1,-1,1,-1,-1,-1,-1,-1,-1,-1,-1,-1,-1,-1,1,1,1,1,1,1,-1,1,1,1,1,1,1,1,1,1,1,-1,-1,1,1,1,1,,,,1,,,,1,-1,,,,,,-1,,,1,-1,1,,,,,,,,-1,,1,,,-1,1,,-1,-1,1,,1,-1,1,-1,1,,1,,,1,1,1,-1,-1,1,-1,1,,,,,,,,,,,,,,,,,,,,,,,,,,,,,,,,,,,,,,,,,,,,,
205,0,0,75,45,24,-1,1,-1,1,1,-1,-1,1,-1,-1,-1,-1,-1,1,-1,1,1,1,1,1,1,1,1,1,1,1,-1,1,1,1,1,1,-1,0,0,-1,1,-1,0,1,1,1,-1,1,-1,-1,1,,,,-1,,,,1,-1,,,,,,1,,,1,1,1,,,,,,,,-1,,-1,,,1,1,,1,1,1,,1,1,0,0,-1,,1,,,1,-1,1,1,1,0,-1,1,,,,,,,,,,,,,,,,,,,,,,,,,,,,,,,,,,,,,,,,,,,,,
206,1,4,79,24,37,-1,1,-1,1,-1,-1,-1,1,-1,-1,-1,-1,-1,1,-1,-1,0,-1,-1,-1,-1,-1,1,-1,0,-1,1,-1,0,0,1,1,-1,0,-1,0,-1,1,0,1,-1,-1,-1,-1,0,0,1,,,,0,,,,1,-1,,,,,,-1,,,0,-1,-1,,,,,,,,-1,,0,,,-1,1,,1,1,1,,0,0,1,0,-1,,1,,,0,-1,1,-1,-1,0,0,1,,1,1,1,1,,,,,,,,,,,,,,,,,,,,,,,,,,,,,,,,,,,,,,,,
207,0,0,61,28,31,-1,1,-1,-1,1,1,1,-1,1,1,-1,-1,-1,1,-1,1,1,,1,,1,1,1,1,-1,-1,-1,-1,-1,-1,0,-1,-1,,,-1,-1,-1,-1,-1,,-1,,1,-1,-1,0,,,,-1,,,,1,,,,,,,1,,,1,,-1,,,,,,,,,,1,,,-1,-1,,1,,-1,,1,1,,,-1,,1,,,,1,1,-1,1,,1,1,,,,,,,,,,,,,,,,,,,,,,,,,,,,,,,,,,,,,,,,,,,,,
208,1,0,24,9,15,-1,-1,-1,-1,-1,-1,1,-1,-1,-1,-1,-1,-1,1,-1,,,,,,,,-1,,,,,,1,1,,1,,,1,,,1,,,,-1,,,1,,,,,,,,,,,,,,,,,,,,,,,,,,,,,,,,,,,,,,,,,,,,,,,,,,,,,,,,,,1,,,,,,,,,,,,,,,,,,,,,,,,,,,,,,,,,,,,,,,,,,,,,
209,1,0,78,37,25,-1,-1,1,1,-1,-1,1,1,-1,-1,-1,1,-1,-1,-1,-1,0,-1,-1,-1,-1,-1,0,-1,1,1,1,1,0,1,1,1,1,0,1,1,0,1,1,1,1,0,-1,1,1,0,1,,,,1,,,,0,-1,,,,,,-1,,,0,-1,1,,,,,,,,0,,1,,,0,1,,-1,-1,1,,0,0,1,-1,0,,1,,,0,1,1,0,1,-1,1,1,,,1,,1,,1,,,,,,,,,,,,,,,,,,,,,,,,,,,,,,,,,,,,,,
210,1,0,78,41,22,-1,-1,1,1,-1,-1,-1,1,1,1,-1,1,1,-1,-1,-1,-1,-1,-1,-1,-1,-1,-1,0,0,1,1,1,0,1,1,1,1,0,1,1,0,1,0,1,1,1,0,0,0,1,1,,,,1,,,,1,-1,,,,,,1,,,1,0,1,,,,,,,,-1,,1,,,0,1,,0,-1,1,,1,0,1,-1,1,,0,,,1,-1,1,1,0,-1,1,1,,,1,,1,,1,,,,,,,,,,,,,,,,,,,,,,,,,,,,,,,,,,,,,,
211,1,0,10,0,0,0,,,0,,0,0,0,0,0,,0,,0,0,,,,,,,,,,,,,,,,,,,,,,,,,,,,,,,,,,,,,,,,,,,,,,,,,,,,,,,,,,,,,,,,,,,,,,,,,,,,,,,,,,,,,,,,,,,,,,,,,,,,,,,,,,,,,,,,,,,,,,,,,,,,,,,,,,,,,
212,1,0,78,35,33,1,-1,-1,0,1,-1,-1,-1,-1,-1,1,-1,-1,-1,-1,0,1,-1,-1,-1,-1,-1,0,-1,0,1,1,1,1,1,1,1,1,1,1,1,1,1,1,1,0,0,1,-1,1,1,1,,,,1,,,,0,-1,,,,,,-1,,,0,-1,1,,,,,,,,-1,,1,,,1,1,,-1,-1,1,,-1,-1,1,-1,0,,-1,,,0,-1,1,-1,-1,-1,1,1,,,1,,-1,,1,,,,,,,,,,,,,,,,,,,,,,,,,,,,,,,,,,,,,,
213,0,0,78,31,45,-1,-1,1,1,-1,-1,-1,1,-1,-1,-1,-1,-1,1,-1,-1,1,-1,-1,-1,-1,-1,1,1,1,-1,1,1,-1,-1,-1,-1,1,-1,1,-1,-1,-1,-1,1,1,-1,-1,1,-1,-1,1,,,,1,,,,-1,-1,,,,,,-1,,,1,1,-1,,,,,,,,1,,1,,,-1,1,,0,-1,1,,-1,1,1,1,-1,,-1,,,0,1,-1,1,-1,-1,1,1,,,1,,-1,,-1,,,,,,,,,,,,,,,,,,,,,,,,,,,,,,,,,,,,,,
214,1,0,78,41,26,-1,1,-1,-1,1,-1,-1,-1,-1,1,-1,1,-1,-1,-1,-1,0,-1,-1,-1,-1,-1,0,-1,1,1,0,1,1,1,1,1,1,0,1,1,1,1,1,1,1,-1,0,0,1,1,1,,,,1,,,,-1,-1,,,,,,-1,,,-1,1,1,,,,,,,,-1,,1,,,1,1,,1,-1,1,,1,0,1,0,1,,1,,,1,1,0,0,1,-1,1,1,,,1,,0,,1,,,,,,,,,,,,,,,,,,,,,,,,,,,,,,,,,,,,,,
215,1,1,79,40,28,-1,1,-1,1,-1,-1,-1,1,-1,-1,-1,-1,1,-1,-1,-1,0,-1,-1,-1,-1,-1,1,-1,1,1,1,0,1,1,1,1,1,1,1,1,1,1,1,1,1,0,0,1,1,1,1,,,,1,,,,1,-1,,,,,,-1,,,1,-1,1,,,,,,,,-1,,0,,,-1,1,,-1,-1,1,,0,-1,1,0,0,,1,,,0,-1,0,1,0,-1,1,1,,,1,,1,,1,,,1,,,,,,,,,,,,,,,,,,,,,,,,,,,,,,,,,,,
216,1,0,55,25,26,1,-1,-1,1,-1,-1,-1,-1,-1,-1,-1,-1,1,-1,-1,,,,,,-1,,1,-1,1,-1,0,1,1,1,-1,0,1,0,1,-1,1,1,1,1,1,1,,-1,1,1,1,,,,1,,,,1,,,,,,,,,,-1,-1,1,,,,,,,,,,1,,,,,,,-1,0,,,,1,,-1,,,,,,-1,,,,,-1,,,,1,,-1,,-1,,,,,,,,,,,,,,,,,,,,,,,,,,,,,,,,,,,,,,
217,1,0,55,26,24,1,-1,-1,1,-1,-1,-1,-1,-1,-1,-1,1,-1,-1,-1,,,,,,-1,-1,-1,,-1,-1,1,-1,1,1,1,1,1,,1,1,1,1,1,1,1,0,,,1,1,,,,,1,,,,0,,,,,,,-1,,,-1,-1,1,,,,,,,,,,,,,0,1,,0,,,,,-1,,,-1,,-1,,,,,0,,,,1,1,,,1,,1,,1,,,,,,,,,,,,,,,,,,,,,,,,,,,,,,,,,,,,,,
218,1,0,21,7,11,1,-1,-1,0,-1,-1,-1,-1,-1,-1,-1,0,1,,-1,-1,,,,,,,,,,,,1,1,1,,,,,,,,,,,,1,,,,,,,,,,,,,,,,,,,,,,,,,,,,,,,,,,,0,,,,,,,,,,,,,,,,,,,,,,,,,,,,,1,,,,,,,,,,,,,,,,,,,,,,,,,,,,,,,,,,,,,,,,,,
219,1,0,78,45,18,-1,1,-1,1,-1,-1,-1,1,-1,-1,-1,-1,1,-1,-1,0,0,0,1,1,1,1,-1,0,1,1,0,1,1,1,1,1,1,1,1,1,1,1,1,1,1,-1,0,1,0,1,1,,,,-1,,,,1,0,,,,,,1,,,1,0,1,,,,,,,,1,,0,,,1,1,,1,0,-1,,1,-1,1,-1,1,,1,,,1,0,0,1,1,0,0,1,,,1,,-1,,1,,,,,,,,,,,,,,,,,,,,,,,,,,,,,,,,,,,,,,
220,1,0,72,40,26,-1,1,-1,1,-1,-1,-1,1,-1,-1,-1,-1,-1,-1,1,1,-1,-1,-1,0,-1,-1,-1,-1,1,-1,1,1,1,-1,1,1,1,-1,1,1,1,1,1,1,1,1,,1,1,1,1,,,,1,,,,0,,,,,,,0,,,1,0,1,,,,,,,,,,-1,,,-1,1,,-1,-1,1,,1,0,,,1,,1,,,1,1,1,1,1,,0,1,,,1,,-1,,1,,,,,,,,,,,,,,,,,,,,,,,,,,,,,,,,,,,,,,
221,1,0,78,40,26,-1,1,-1,1,1,-1,-1,-1,-1,-1,-1,-1,-1,1,1,0,0,-1,-1,-1,-1,-1,-1,-1,1,1,1,1,1,1,1,0,1,1,1,1,0,1,1,1,1,0,0,0,1,1,1,,,,1,,,,1,-1,,,,,,-1,,,-1,0,1,,,,,,,,-1,,1,,,0,1,,-1,-1,1,,1,-1,1,-1,1,,0,,,1,0,-1,1,1,0,1,1,,,1,,1,,1,,,,,,,,,,,,,,,,,,,,,,,,,,,,,,,,,,,,,,
222,1,0,78,43,26,1,-1,-1,1,-1,-1,-1,-1,-1,-1,-1,-1,1,-1,-1,-1,-1,0,-1,1,-1,-1,1,-1,1,1,1,-1,1,1,1,1,1,0,1,1,1,1,1,1,1,1,1,1,1,-1,1,,,,1,,,,1,-1,,,,,,-1,,,1,0,1,,,,,,,,-1,,1,,,0,1,,1,-1,1,,0,1,1,0,1,,0,,,1,0,0,1,1,-1,1,1,,,1,,-1,,1,,,,,,,,,,,,,,,,,,,,,,,,,,,,,,,,,,,,,,
223,0,0,78,23,54,-1,-1,1,1,-1,-1,1,1,-1,-1,-1,-1,-1,1,-1,-1,-1,-1,1,1,1,1,-1,1,1,-1,-1,-1,-1,-1,-1,-1,-1,-1,-1,-1,-1,-1,-1,-1,1,1,-1,-1,-1,-1,1,,,,-1,,,,1,1,,,,,,1,,,-1,1,-1,,,,,,,,-1,,0,,,-1,-1,,1,-1,1,,-1,1,-1,1,-1,,1,,,-1,-1,-1,-1,-1,-1,-1,-1,,,-1,,-1,,-1,,,,,,,,,,,,,,,,,,,,,,,,,,,,,,,,,,,,,,
224,0,1,39,16,22,-1,-1,1,-1,1,-1,-1,1,-1,-1,-1,1,-1,-1,-1,,,,,,,1,1,,,-1,-1,,-1,,,-1,-1,,,-1,,-1,,,1,1,,,-1,-1,1,,,,,,,,,,,,,,,,,,1,,-1,,,,,,,,,,,,,,1,,,,,,1,,,,,,,,,,,,1,,,0,-1,,,1,,,,1,,,,1,,,,,,,,,,,,,,,,,,,,,,,,,,,,,,,,,,
225,1,0,78,37,27,-1,-1,1,1,-1,-1,-1,1,-1,-1,1,1,-1,-1,-1,-1,-1,-1,-1,-1,-1,-1,1,-1,1,1,0,1,1,1,1,1,1,1,0,1,1,1,1,1,1,-1,0,1,1,1,1,,,,1,,,,0,-1,,,,,,-1,,,0,-1,1,,,,,,,,-1,,1,,,0,1,,-1,-1,1,,1,0,0,-1,0,,0,,,1,0,0,1,0,-1,0,1,,,1,,1,,1,,,,,,,,,,,,,,,,,,,,,,,,,,,,,,,,,,,,,,
227,,0,2,1,1,1,,,,,,,,,,,,-1,,,,,,,,,,,,,,,,,,,,,,,,,,,,,,,,,,,,,,,,,,,,,,,,,,,,,,,,,,,,,,,,,,,,,,,,,,,,,,,,,,,,,,,,,,,,,,,,,,,,,,,,,,,,,,,,,,,,,,,,,,,,,,,,,,,,,,,
228,1,0,78,36,28,-1,1,-1,1,-1,-1,-1,1,-1,1,1,-1,-1,1,-1,-1,0,-1,-1,-1,-1,-1,1,-1,1,-1,1,1,0,1,0,1,1,0,1,-1,0,1,1,1,1,1,1,1,0,0,1,,,,1,,,,-1,0,,,,,,1,,,-1,-1,1,,,,,,,,0,,1,,,-1,1,,1,0,1,,1,0,1,0,-1,,-1,,,0,1,-1,1,-1,-1,1,1,,,1,,-1,,0,,,,,,,,,,,,,,,,,,,,,,,,,,,,,,,,,,,,,,
229,0,0,78,41,35,-1,-1,1,-1,1,-1,1,1,-1,-1,-1,-1,1,-1,-1,-1,1,1,-1,1,1,-1,1,-1,-1,-1,-1,1,1,1,1,1,-1,1,1,-1,-1,0,-1,1,1,1,0,-1,-1,-1,1,,,,-1,,,,1,-1,,,,,,1,,,1,-1,1,,,,,,,,1,,1,,,1,1,,1,-1,1,,1,1,1,1,-1,,-1,,,1,-1,1,-1,-1,-1,1,1,,,1,,-1,,1,,,,,,,,,,,,,,,,,,,,,,,,,,,,,,,,,,,,,,
230,1,0,25,9,15,1,-1,1,1,-1,-1,-1,1,-1,-1,-1,-1,-1,-1,1,,,,,,,,1,,,,-1,,1,,,,,,-1,,,,,1,,,,,,1,,,,,-1,,,,,,,,,,,,,,,,,,,,,,,,,,,,,,0,,,,,,,,,,,,,,,,,,,,,,-1,,,-1,,,,,,,,,,,,,,,,,,,,,,,,,,,,,,,,,,,,,,,,,,
231,0,0,55,26,27,-1,1,-1,1,-1,-1,0,1,1,-1,-1,-1,0,-1,1,,,,,,1,1,-1,1,1,1,-1,-1,-1,-1,1,-1,-1,,1,-1,-1,-1,-1,1,-1,1,,,-1,1,1,,,,-1,,,,1,,,,,,,1,,,1,,-1,,,,,,,,,,1,,,,1,,1,,1,,,1,,,-1,,,,,,,,1,,,,-1,,,1,,-1,,-1,,,,,,,,,,,,,,,,,,,,,,,,,,,,,,,,,,,,,,
232,1,0,78,35,25,-1,-1,1,-1,1,-1,-1,1,-1,-1,1,-1,1,-1,-1,0,-1,-1,-1,-1,-1,-1,-1,-1,0,1,0,1,1,1,0,1,1,1,0,1,1,1,1,1,1,0,1,1,1,1,1,,,,1,,,,1,-1,,,,,,-1,,,-1,1,1,,,,,,,,-1,,1,,,0,1,,-1,-1,1,,1,1,0,-1,1,,0,,,0,0,0,0,0,0,0,1,,,0,,0,,1,,,,,,,,,,,,,,,,,,,,,,,,,,,,,,,,,,,,,,
233,1,0,40,19,13,1,-1,-1,1,-1,-1,-1,-1,-1,-1,-1,-1,1,0,-1,,,0,,,,,1,,1,0,1,0,,1,,1,1,0,,0,0,1,1,,1,1,,-1,1,1,,,,,1,,,,,,,,,,,,,,,-1,,,,,,,,,,,1,,,,1,,,,,,,,,,,,,,,,,,0,1,,,,,,,,,,,,,,,,,,,,,,,,,,,,,,,,,,,,,,,,,,,,,,,,
234,1,1,79,46,32,-1,-1,1,1,-1,-1,-1,1,-1,-1,-1,-1,1,-1,-1,-1,-1,-1,-1,-1,-1,-1,-1,-1,1,1,1,1,1,1,-1,1,1,0,1,1,-1,1,1,1,1,1,1,1,1,1,1,,,,1,,,,-1,-1,,,,,,-1,,,-1,-1,1,,,,,,,,1,,-1,,,1,1,,-1,-1,1,,1,1,1,1,1,,1,,,1,-1,1,1,1,-1,1,1,,,1,,1,,1,,,,,,1,,,,,,,,,,,,,,,,,,,,,,,,,,,,,,,,
235,1,0,17,5,12,1,1,-1,1,-1,-1,-1,-1,-1,-1,-1,-1,-1,-1,-1,,,,,,,,1,,,,,,,1,,,,,,,,,,,,,,,,,,,,,,,,,,,,,,,,,,,,,,,,,,,,,,,,,,,,,,,,,,,,,,,,,,,,,,,,,,,,,,,,,,,,,,,,,,,,,,,,,,,,,,,,,,,,,,,,,,,,,,
236,0,0,78,35,41,-1,1,-1,1,-1,-1,-1,1,1,1,-1,-1,1,1,-1,1,1,1,1,1,1,1,-1,1,1,1,-1,1,-1,-1,-1,-1,-1,-1,-1,-1,-1,-1,-1,-1,-1,1,-1,-1,-1,-1,1,,,,-1,,,,-1,-1,,,,,,1,,,-1,1,-1,,,,,,,,1,,-1,,,-1,1,,1,1,1,,0,1,0,1,1,,1,,,1,-1,-1,1,-1,1,-1,-1,,,1,,-1,,-1,,,,,,,,,,,,,,,,,,,,,,,,,,,,,,,,,,,,,,
237,1,1,79,46,23,-1,1,-1,-1,1,-1,-1,1,-1,-1,-1,1,-1,-1,-1,-1,1,-1,-1,1,0,-1,-1,-1,1,1,1,1,1,1,0,1,1,1,1,1,-1,1,0,1,1,1,-1,1,1,1,1,,,,1,,,,1,-1,,,,,,-1,,,1,-1,1,,,,,,,,0,,0,,,1,1,,1,1,1,,1,0,1,0,1,,1,,,1,0,1,1,-1,0,0,1,,,1,,1,,1,,,,,,,1,,,,,,,,,,,,,,,,,,,,,,,,,,,,,,,
238,1,0,24,10,13,-1,1,-1,1,1,-1,-1,1,-1,-1,-1,-1,1,1,-1,,,,,,,,1,,1,,,-1,,,,,,,,,,,,,,,,,0,,,,,,,,,,-1,,,,,,,,,,,-1,,,,,,,,,,,1,,,,,,,,1,,,,,,,,,,,,,,,,,,,,,,,-1,,,,,,,,,,,,,,,,,,,,,,,,,,,,,,,,,,,,,,,,
239,1,0,33,10,13,-1,1,-1,-1,1,1,-1,-1,-1,-1,1,1,-1,-1,-1,,,,,,,-1,-1,-1,,0,0,1,0,,,,,,,0,0,1,,,,0,,,0,,,,,,,,,,,,,,,,,,,,1,,1,,,,,,,,,,0,,,,,,,,,,,,0,,1,,,,,0,,,,,,,,,,,,,,,,,,,,,,,,,,,,,,,,,,,,,,,,,,,,,,,,,,,,
240,1,1,79,53,26,-1,-1,1,1,1,1,-1,1,1,1,-1,-1,-1,1,-1,-1,-1,-1,-1,-1,-1,-1,1,-1,1,1,1,1,1,1,1,1,1,1,-1,1,1,1,1,1,1,1,1,1,1,1,1,,,,1,,,,1,-1,,,,,,-1,,,1,-1,1,,,,,,,,-1,,1,,,1,1,,-1,-1,1,,1,-1,1,-1,-1,,1,,,1,1,1,1,1,-1,1,1,,,1,,1,,1,,,,,,,,,1,,,,,,,,,,,,,,,,,,,,,,,,,,,,,
241,1,0,78,42,28,1,-1,-1,1,-1,-1,-1,-1,-1,-1,-1,1,-1,-1,-1,-1,0,-1,-1,-1,-1,-1,1,-1,0,1,1,0,1,1,1,1,1,0,1,1,1,1,1,1,1,1,1,1,1,1,1,,,,1,,,,1,-1,,,,,,-1,,,-1,-1,1,,,,,,,,-1,,0,,,1,1,,0,-1,1,,1,1,1,-1,-1,,1,,,1,1,1,1,0,-1,1,1,,,1,,0,,1,,,,,,,,,,,,,,,,,,,,,,,,,,,,,,,,,,,,,,
242,1,1,79,30,34,-1,-1,1,-1,1,-1,-1,1,-1,1,-1,1,-1,-1,-1,0,1,-1,-1,0,-1,-1,1,-1,1,-1,1,0,1,1,0,1,1,-1,1,-1,1,1,1,1,1,0,-1,0,-1,0,1,,,,1,,,,-1,-1,,,,,,-1,,,0,-1,1,,,,,,,,-1,,1,,,0,1,,0,-1,1,,0,0,1,-1,-1,,-1,,,0,-1,-1,1,-1,-1,0,1,,,1,,-1,,0,,,,,,,,,,1,,,,,,,,,,,,,,,,,,,,,,,,,,,,
243,1,0,78,35,30,-1,1,1,1,1,-1,-1,1,-1,-1,-1,-1,1,-1,-1,-1,-1,-1,-1,-1,-1,-1,-1,-1,1,1,1,1,1,0,-1,1,1,0,0,1,1,1,1,1,1,0,0,1,1,1,1,,,,1,,,,0,-1,,,,,,-1,,,0,-1,1,,,,,,,,0,,1,,,1,1,,-1,-1,1,,1,-1,0,-1,1,,-1,,,0,1,0,0,-1,-1,-1,1,,,1,,0,,1,,,,,,,,,,,,,,,,,,,,,,,,,,,,,,,,,,,,,,
244,1,0,81,47,31,-1,-1,1,1,-1,-1,-1,-1,-1,-1,1,1,-1,-1,-1,-1,0,-1,-1,-1,-1,-1,-1,-1,1,1,1,1,1,1,1,1,0,0,1,1,1,1,1,1,1,1,1,1,1,1,1,,,,1,,,,1,-1,,,,,,-1,,,1,-1,1,,,,,,,,-1,,1,,,1,1,,1,-1,1,,1,-1,1,-1,1,,-1,,,1,1,1,1,1,-1,1,1,,,1,,-1,,1,,,1,,,,,,,,-1,-1,,,,,,,,,,,,,,,,,,,,,,,,,,
245,0,0,35,17,17,-1,1,-1,-1,-1,1,-1,1,1,1,-1,-1,1,1,-1,,,,,,,,-1,,1,1,,,1,,,-1,1,,,-1,-1,-1,,,,1,,,-1,1,,,,,-1,,,,1,,,,,,,,,,,,-1,,,,,,,,1,,,,,,,,,,0,,,,,,1,,,,,,,,,,,,,,,1,,,,-1,,,,,,,,,,,,,,,,,,,,,,,,,,,,,,,,,,,,,,
246,0,0,78,36,39,-1,1,-1,-1,1,0,1,1,1,-1,-1,-1,-1,-1,1,1,1,1,1,1,1,1,1,1,-1,-1,-1,1,-1,0,-1,-1,-1,-1,1,-1,-1,-1,-1,1,1,1,1,-1,-1,-1,1,,,,-1,,,,-1,-1,,,,,,-1,,,-1,-1,-1,,,,,,,,1,,1,,,-1,1,,1,1,1,,1,1,0,1,-1,,-1,,,1,-1,-1,1,1,-1,1,-1,,,1,,-1,,-1,,,,,,,,,,,,,,,,,,,,,,,,,,,,,,,,,,,,,,
247,1,0,78,40,25,-1,1,-1,1,1,-1,-1,1,-1,-1,-1,-1,1,1,-1,0,0,-1,-1,-1,-1,-1,-1,-1,0,1,1,1,1,1,1,1,1,1,1,1,1,1,1,1,1,0,-1,0,1,1,1,,,,1,,,,0,-1,,,,,,-1,,,0,0,1,,,,,,,,-1,,-1,,,1,1,,0,-1,1,,1,-1,1,-1,1,,1,,,1,1,0,1,-1,0,0,1,,,1,,0,,1,,,,,,,,,,,,,,,,,,,,,,,,,,,,,,,,,,,,,,
249,0,0,78,42,20,1,-1,-1,1,-1,-1,1,-1,-1,-1,-1,-1,-1,-1,-1,0,1,0,0,1,1,1,-1,0,1,1,1,0,0,1,1,0,-1,0,0,-1,-1,-1,0,1,1,1,1,1,-1,1,1,,,,1,,,,1,0,,,,,,1,,,1,-1,1,,,,,,,,1,,1,,,1,1,,1,1,1,,1,1,0,1,1,,1,,,1,0,1,0,1,0,1,1,,,1,,-1,,0,,,,,,,,,,,,,,,,,,,,,,,,,,,,,,,,,,,,,,
250,0,2,44,25,19,-1,1,-1,1,-1,-1,1,1,1,-1,-1,-1,-1,-1,1,-1,1,,,1,1,1,1,1,1,,-1,,,-1,1,,,1,,,-1,1,,,,-1,,,-1,-1,,,,,-1,,,,1,,,,,,,,,,1,1,-1,,,,,,,,,,,,,,,,,,,,1,,,,1,,,,,,1,,,1,,,,,,,,-1,,,,,,,,,,,,,1,1,,,,,,,,,,,,,,,,,,,,,,,,,,
251,1,0,78,50,28,-1,-1,1,1,-1,-1,1,1,1,1,-1,1,-1,-1,-1,-1,1,-1,-1,-1,-1,-1,1,-1,1,-1,1,1,1,1,1,1,1,1,1,1,1,1,1,1,1,-1,1,1,1,-1,1,,,,1,,,,1,-1,,,,,,-1,,,1,-1,1,,,,,,,,-1,,1,,,1,1,,1,1,1,,1,-1,1,-1,1,,-1,,,1,1,-1,1,-1,-1,1,1,,,1,,1,,1,,,,,,,,,,,,,,,,,,,,,,,,,,,,,,,,,,,,,,
252,0,0,78,41,34,-1,1,-1,-1,-1,1,1,1,1,1,-1,1,-1,-1,-1,-1,-1,1,-1,1,0,1,-1,1,-1,1,-1,1,-1,-1,1,-1,-1,1,-1,1,-1,-1,1,1,-1,1,-1,1,-1,1,1,,,,-1,,,,1,1,,,,,,1,,,1,1,1,,,,,,,,-1,,1,,,-1,1,,1,-1,-1,,1,1,1,-1,1,,1,,,0,1,-1,-1,1,-1,0,1,,,1,,-1,,1,,,,,,,,,,,,,,,,,,,,,,,,,,,,,,,,,,,,,,
253,1,0,23,7,12,-1,-1,1,-1,-1,1,-1,1,1,1,-1,-1,-1,-1,1,,0,,,,,,,-1,,,,0,,-1,,1,,,,0,-1,,0,,,,,,,,,,,,,,,,,,,,,,,,,,,,,,,,,,,,,,,,,,,,,,,,,,,,,,,,,,,,,,,,,,,,,,,,,,,,,,,,,,,,,,,,,,,,,,,,,,,,,,,,,,,,,
254,1,1,27,23,2,0,1,1,1,0,1,1,1,1,1,-1,1,1,1,-1,,,,,,,1,1,,1,1,,,,,1,,,,,1,,,,,,1,,,,1,,,,,,,,,,,,,,,,1,,,,,,,,,,,,,,,,,,,,,,,,,,,,,1,,,,,,,,,,,,1,,,,,,,,,,,,,,,,,,,,1,,,,,,,,,,,,,,,,,,,,,,,,,
255,1,0,40,21,11,1,-1,-1,1,0,0,-1,-1,-1,-1,1,1,-1,-1,-1,,,,-1,,,,0,,0,,0,1,,1,,1,1,0,,1,-1,,1,,,1,0,,0,1,1,,,,1,,,,,,,,,,,1,,,1,1,,,,,,,,,,,,,,,,,1,,,,,,,,1,,,,,,,,,1,,,1,,,,,,,,,,,,,,,,,,,,,,,,,,,,,,,,,,,,,,,,,,,,,
256,,0,6,2,4,-1,,-1,,,,,1,,,-1,,-1,,1,,,,,,,,,,,,,,,,,,,,,,,,,,,,,,,,,,,,,,,,,,,,,,,,,,,,,,,,,,,,,,,,,,,,,,,,,,,,,,,,,,,,,,,,,,,,,,,,,,,,,,,,,,,,,,,,,,,,,,,,,,,,,,,,,,,,,
259,1,0,13,2,2,0,,0,0,,,-1,0,0,0,0,0,1,,0,,,,,,,,,,,,,,,,1,,,,,,,,,,,,,,,,,,,,,,,,,,,,,,,-1,,,,,,,,,,,,,,,,,,,,,,,,,,,,,,,,,,,,,,,,,,,,,,,,,,,,,,,,,,,,,,,,,,,,,,,,,,,,,,,,,,,,,,
260,1,0,84,33,19,-1,-1,1,1,-1,-1,-1,1,-1,-1,1,-1,-1,1,-1,0,1,-1,-1,0,-1,0,1,0,0,0,0,-1,0,0,1,0,0,1,1,1,0,1,1,1,1,1,1,0,0,0,1,,,,0,,,,1,-1,,,,,,0,,,1,1,1,,,,,,,,-1,,0,,,1,1,,1,-1,0,,0,0,1,0,-1,,1,,,1,0,1,0,0,-1,0,0,,,1,,1,,0,,,0,,,,,,,,1,0,,0,1,,,0,,,,,,,,,,,,,,,,,,,,
261,0,0,81,36,37,1,-1,-1,1,-1,-1,-1,-1,-1,-1,-1,-1,-1,1,-1,1,1,1,1,1,1,1,1,1,1,1,-1,-1,-1,1,-1,-1,-1,-1,1,-1,-1,1,-1,1,-1,1,0,1,-1,1,-1,,,,-1,,,,1,0,,,,,,1,,,-1,-1,-1,,,,,,,,-1,,1,,,-1,1,,1,1,1,,0,0,0,0,1,,1,,,1,-1,0,-1,-1,-1,0,1,,,1,,-1,,1,,,-1,,,,,,,,1,1,,,,,,,,,,,,,,,,,,,,,,,,,,
263,1,0,38,17,17,-1,1,-1,1,-1,-1,-1,-1,1,1,-1,-1,1,-1,-1,,,-1,,-1,,-1,-1,-1,0,1,1,,1,,,1,,1,,0,,1,1,,,-1,,,,1,,,,,1,,,,,,,,,,,,,,0,,,,,,,,,,,,,,,,,,,,,,,,,,,,0,,,,,,,,,,1,,,,,,,,,,1,,,,,,,,1,-1,,,,,,,,,,,,,,,,,,,,,,,,,,
264,1,0,81,60,21,-1,-1,1,-1,1,-1,-1,1,-1,-1,1,1,-1,-1,-1,1,1,1,1,1,1,1,-1,1,1,1,-1,1,1,1,1,1,1,1,1,1,-1,1,1,1,1,1,-1,1,-1,1,1,,,,1,,,,1,-1,,,,,,1,,,1,1,1,,,,,,,,-1,,1,,,1,1,,1,-1,1,,1,1,1,-1,1,,1,,,1,-1,1,1,-1,1,1,1,,,1,,1,,1,,,1,,,,,,,,1,1,,,,,,,,,,,,,,,,,,,,,,,,,,
265,1,0,81,38,28,-1,1,-1,1,-1,-1,-1,1,-1,-1,-1,-1,-1,1,-1,-1,1,-1,-1,-1,-1,-1,1,-1,1,-1,1,0,1,1,1,1,1,1,1,0,1,1,1,1,1,-1,0,0,1,1,1,,,,1,,,,0,-1,,,,,,-1,,,-1,1,1,,,,,,,,-1,,1,,,1,1,,-1,0,0,,1,0,1,1,-1,,0,,,0,0,0,-1,1,0,1,1,,,1,,0,,0,,,1,,,,,,,,-1,1,,,,,,,,,,,,,,,,,,,,,,,,,,
266,1,1,82,34,47,-1,1,-1,1,-1,-1,-1,-1,-1,-1,-1,-1,-1,1,-1,-1,-1,-1,-1,-1,-1,-1,1,-1,-1,-1,-1,1,1,1,1,-1,1,-1,1,1,1,1,1,1,1,-1,1,-1,1,1,1,,,,-1,,,,-1,-1,,,,,,-1,,,-1,-1,1,,,,,,,,-1,,1,,,-1,1,,-1,-1,1,,1,1,1,-1,-1,,-1,,,1,-1,0,1,-1,-1,1,-1,,,1,,-1,,1,,,1,,,,,,,,-1,-1,,1,,,,,,,,,,,,,,,,,,,,,,,,
267,0,2,83,42,35,-1,1,-1,-1,-1,1,1,1,1,1,-1,-1,-1,-1,1,1,1,-1,-1,1,-1,1,-1,-1,-1,0,-1,1,-1,-1,1,-1,-1,1,1,-1,-1,-1,-1,1,0,-1,1,-1,-1,-1,1,,,,-1,,,,1,-1,,,,,,1,,,1,1,1,,,,,,,,1,,1,,,1,1,,1,1,-1,,1,1,-1,1,1,,-1,,,1,1,0,1,0,0,0,1,,,1,,-1,,-1,,,-1,,,,,,,,1,1,,,1,1,,,,,,,,,,,,,,,,,,,,,,
268,1,0,81,32,23,0,0,0,-1,1,-1,-1,1,-1,0,-1,-1,-1,1,0,-1,1,-1,-1,-1,0,-1,1,-1,-1,0,0,0,1,1,1,1,0,1,1,0,0,1,1,1,1,-1,1,1,0,-1,1,,,,0,,,,-1,-1,,,,,,1,,,0,1,0,,,,,,,,0,,1,,,0,1,,1,0,1,,-1,1,1,-1,-1,,0,,,0,0,0,-1,-1,0,0,0,,,1,,1,,1,,,1,,,,,,,,1,1,,,,,,,,,,,,,,,,,,,,,,,,,,
269,1,0,81,34,32,-1,1,-1,0,1,0,-1,1,-1,-1,-1,-1,1,-1,-1,0,0,-1,-1,-1,-1,-1,1,1,-1,-1,-1,-1,1,1,1,1,1,0,1,0,1,1,0,1,1,-1,-1,-1,0,1,1,,,,1,,,,1,-1,,,,,,-1,,,1,0,1,,,,,,,,-1,,1,,,-1,1,,-1,-1,1,,0,-1,1,0,-1,,1,,,1,-1,0,-1,1,0,-1,1,,,1,,0,,1,,,1,,,,,,,,1,0,,,,,,,,,,,,,,,,,,,,,,,,,,
270,1,1,82,37,35,-1,-1,-1,1,-1,-1,-1,-1,-1,-1,-1,-1,-1,1,-1,-1,-1,-1,-1,-1,-1,-1,-1,-1,1,1,1,1,1,1,-1,1,1,1,1,1,0,1,1,1,1,1,0,0,1,1,1,,,,1,,,,-1,-1,,,,,,-1,,,0,-1,1,,,,,,,,-1,,1,,,-1,1,,-1,-1,1,,0,0,0,-1,1,,1,,,1,0,1,1,-1,-1,1,1,,,1,,-1,,1,,,0,,,,,,,,1,0,,,,,1,,,,,,,,,,,,,,,,,,,,,
271,1,0,81,41,32,1,-1,-1,-1,1,-1,-1,1,-1,-1,-1,-1,-1,1,-1,-1,0,-1,-1,-1,-1,-1,-1,-1,1,1,1,1,1,1,1,1,1,1,1,1,1,1,1,1,1,-1,0,1,1,1,1,,,,1,,,,1,-1,,,,,,-1,,,-1,0,1,,,,,,,,-1,,1,,,0,1,,-1,-1,1,,1,0,1,-1,1,,0,,,1,-1,0,-1,1,0,1,1,,,1,,1,,1,,,-1,,,,,,,,-1,-1,,,,,,,,,,,,,,,,,,,,,,,,,,
272,1,0,81,41,31,1,-1,-1,-1,-1,1,-1,1,-1,-1,-1,-1,-1,-1,1,-1,-1,-1,-1,-1,-1,-1,-1,-1,1,1,1,0,1,1,1,1,1,0,1,1,1,1,1,1,1,0,0,1,1,1,1,,,,1,,,,1,-1,,,,,,-1,,,-1,-1,1,,,,,,,,-1,,1,,,0,1,,-1,-1,1,,1,-1,0,-1,1,,0,,,1,1,0,1,0,-1,1,1,,,1,,-1,,1,,,1,,,,,,,,1,1,,,,,,,,,,,,,,,,,,,,,,,,,,
273,1,1,82,41,31,1,1,-1,1,-1,-1,-1,1,-1,-1,-1,-1,-1,1,-1,-1,1,-1,-1,-1,-1,-1,1,-1,1,1,1,1,1,1,1,1,1,1,1,1,1,1,1,1,1,-1,-1,-1,0,1,1,,,,1,,,,-1,-1,,,,,,0,,,1,-1,1,,,,,,,,-1,,1,,,0,1,,-1,-1,1,,1,-1,0,0,0,,-1,,,0,0,1,1,-1,-1,1,1,,,1,,1,,1,,,0,,,,,,,,-1,0,,,,,,1,,,,,,,,,,,,,,,,,,,,
274,1,0,81,29,24,-1,-1,1,1,-1,-1,-1,1,-1,-1,-1,-1,1,-1,-1,0,0,0,-1,-1,-1,-1,0,-1,1,0,0,1,1,0,1,1,1,1,1,0,-1,0,1,1,1,0,0,1,0,0,1,,,,1,,,,0,-1,,,,,,-1,,,0,0,1,,,,,,,,0,,1,,,1,1,,-1,0,1,,1,0,1,-1,-1,,0,,,1,-1,0,0,0,-1,1,0,,,1,,0,,1,,,0,,,,,,,,0,0,,,,,,,,,,,,,,,,,,,,,,,,,,
275,0,0,81,47,34,-1,1,-1,1,-1,-1,-1,1,1,1,-1,-1,-1,1,-1,1,1,1,1,1,1,1,-1,1,1,1,-1,1,-1,-1,1,1,-1,-1,-1,-1,-1,1,1,-1,1,1,-1,1,-1,1,1,,,,-1,,,,1,-1,,,,,,1,,,1,1,-1,,,,,,,,1,,-1,,,-1,-1,,1,1,1,,1,1,1,1,1,,1,,,-1,-1,-1,1,1,1,1,-1,,,1,,-1,,-1,,,-1,,,,,,,,1,1,,,,,,,,,,,,,,,,,,,,,,,,,,
276,0,0,81,40,31,-1,1,-1,1,-1,-1,1,1,1,1,-1,-1,-1,-1,1,0,-1,-1,1,1,-1,1,-1,1,1,0,1,0,-1,1,1,-1,0,-1,1,-1,-1,-1,1,1,1,0,-1,1,1,1,1,,,,1,,,,1,-1,,,,,,-1,,,-1,1,-1,,,,,,,,1,,1,,,1,1,,-1,1,1,,-1,1,1,1,1,,1,,,-1,0,1,-1,-1,-1,0,0,,,-1,,1,,0,,,0,,,,,,,,1,-1,,,,,,,,,,,,,,,,,,,,,,,,,,
277,1,0,81,52,16,-1,-1,1,1,1,-1,1,-1,0,0,0,1,-1,0,-1,1,-1,1,-1,0,1,-1,0,1,1,1,1,1,1,1,1,1,1,1,1,1,0,1,1,1,1,1,-1,1,0,1,1,,,,1,,,,1,-1,,,,,,0,,,1,1,1,,,,,,,,-1,,1,,,1,1,,1,0,1,,1,-1,-1,-1,1,,1,,,1,-1,1,1,1,0,1,1,,,1,,1,,1,,,1,,,,,,,,0,0,,,,,,,,,,,,,,,,,,,,,,,,,,
278,1,0,81,41,24,-1,1,1,1,-1,-1,-1,-1,-1,-1,1,-1,1,-1,-1,-1,-1,0,0,-1,-1,-1,-1,-1,1,-1,-1,1,1,1,1,1,0,0,0,1,1,1,1,1,1,1,0,0,-1,1,1,,,,1,,,,1,-1,,,,,,1,,,1,1,1,,,,,,,,-1,,1,,,1,1,,1,0,0,,1,0,1,1,1,,1,,,0,0,0,1,0,1,1,1,,,1,,-1,,1,,,0,,,,,,,,0,-1,,,,,,,,,,,,,,,,,,,,,,,,,,
279,1,0,48,24,11,0,0,1,1,-1,-1,-1,1,-1,0,0,0,1,-1,-1,-1,,,0,,-1,,,1,1,0,-1,1,1,1,1,,,,0,1,,1,0,1,1,,,-1,-1,0,,,,,1,,,,1,,,,,,,0,,,1,1,1,,,,,,,,,,1,,,,1,,1,,1,,,,0,,,,,,,0,,,,,,,,,,,,,,1,,,,,,,,,,,,,,,,,,,,,,,,,,,,,,,,,,,,,,
280,1,0,81,44,35,-1,1,-1,1,-1,-1,-1,1,1,-1,-1,-1,-1,-1,1,-1,1,-1,-1,-1,-1,-1,-1,-1,-1,-1,1,1,1,1,1,1,1,1,1,1,1,1,1,1,1,1,-1,-1,1,1,1,,,,1,,,,-1,-1,,,,,,1,,,-1,-1,1,,,,,,,,-1,,-1,,,1,1,,-1,-1,1,,0,-1,1,-1,1,,1,,,1,-1,1,1,1,-1,1,1,,,1,,1,,1,,,0,,,,,,,,-1,1,,,,,,,,,,,,,,,,,,,,,,,,,,
281,1,0,73,42,31,-1,1,-1,1,-1,-1,-1,1,-1,-1,-1,-1,-1,-1,1,-1,-1,-1,-1,-1,-1,1,1,-1,1,1,1,1,1,1,1,1,1,1,1,1,-1,1,1,1,1,1,,1,1,1,1,,,,1,,,,1,,,,,,,-1,,,-1,-1,1,,,,,,,,,,1,,,1,1,,-1,-1,1,,1,-1,,-1,-1,,1,,,1,1,,1,1,,,1,,,-1,,-1,,1,,,,,,,,,,,-1,-1,,,,,,,,,,,,,,,,,,,,,,,,,,
282,1,0,81,41,33,-1,-1,1,-1,-1,-1,-1,1,-1,-1,-1,-1,1,-1,-1,-1,-1,-1,-1,-1,-1,-1,1,-1,-1,0,1,1,1,-1,1,1,1,0,1,1,0,1,1,1,1,1,-1,1,1,0,1,,,,1,,,,1,-1,,,,,,-1,,,1,-1,1,,,,,,,,-1,,1,,,1,1,,-1,0,1,,1,1,1,1,-1,,1,,,1,-1,1,0,1,-1,1,1,,,1,,-1,,1,,,-1,,,,,,,,1,0,,,,,,,,,,,,,,,,,,,,,,,,,,
283,1,2,86,58,28,-1,1,-1,1,-1,-1,-1,1,1,-1,1,-1,-1,-1,1,-1,-1,-1,-1,1,1,-1,-1,-1,1,1,1,1,1,1,1,1,1,-1,1,1,-1,1,1,1,1,1,1,1,1,1,1,,,,1,,,,1,-1,,,,,,1,,,1,-1,1,,,,,,,,-1,,1,,,1,1,,-1,1,1,,1,-1,1,-1,1,,1,,,1,-1,1,1,1,-1,1,1,,,1,,-1,,1,,,1,,,,,,,,1,-1,,1,1,,,1,1,1,,,,,,,,,,,,,,,,,,
286,0,0,84,0,0,0,0,0,0,0,0,0,0,0,0,0,0,0,0,0,0,0,0,0,0,0,0,0,0,0,0,0,0,0,0,0,0,0,0,0,0,0,0,0,0,0,0,0,0,0,0,0,,,,0,,,,0,0,,,,,,0,,,0,0,0,,,,,,,,0,,0,,,0,0,,0,0,0,,0,0,0,0,0,,0,,,0,0,0,0,0,0,0,0,,,0,,0,,0,,,0,,,,,,,,0,0,,0,0,,,0,,,,,,,,,,,,,,,,,,,,
287,1,1,85,31,31,-1,1,-1,1,-1,-1,-1,-1,-1,-1,-1,-1,1,-1,-1,-1,0,-1,-1,-1,-1,-1,1,-1,0,0,1,1,1,1,0,1,1,0,1,1,-1,1,1,1,1,-1,0,0,1,0,1,,,,0,,,,1,-1,,,,,,0,,,1,-1,1,,,,,,,,-1,,1,,,-1,1,,-1,-1,1,,0,0,0,-1,-1,,1,,,0,0,0,0,0,-1,1,1,,,0,,0,,0,,,1,,,,,,,,0,-1,,1,0,,,1,,,1,,,,,,,,,,,,,,,,,
288,1,0,84,45,29,-1,-1,1,-1,-1,1,-1,1,-1,-1,-1,-1,1,-1,-1,-1,-1,-1,-1,-1,-1,-1,1,-1,1,1,1,1,1,1,1,1,1,1,1,1,1,1,1,1,1,-1,0,1,1,1,1,,,,1,,,,1,-1,,,,,,-1,,,1,-1,1,,,,,,,,-1,,1,,,0,1,,-1,-1,1,,1,0,1,-1,0,,0,,,1,1,1,0,-1,-1,1,1,,,1,,1,,1,,,0,,,,,,,,0,0,,1,1,,,0,,,,,,,,,,,,,,,,,,,,
289,1,0,84,52,32,-1,1,-1,-1,1,-1,-1,1,1,1,-1,1,1,-1,-1,-1,-1,-1,-1,-1,-1,-1,-1,-1,-1,1,-1,1,1,1,-1,1,1,1,1,1,1,1,1,1,1,1,-1,1,1,1,1,,,,1,,,,1,-1,,,,,,-1,,,1,-1,1,,,,,,,,-1,,1,,,-1,1,,1,-1,1,,1,-1,1,-1,1,,1,,,1,1,1,1,1,-1,1,1,,,1,,-1,,1,,,1,,,,,,,,1,1,,1,-1,,,1,,,,,,,,,,,,,,,,,,,,
290,1,2,86,49,33,-1,-1,1,1,-1,-1,-1,1,-1,-1,-1,-1,1,-1,-1,-1,-1,-1,-1,-1,-1,-1,1,-1,1,1,1,1,1,1,1,1,1,0,1,1,1,1,1,1,1,1,0,1,1,1,1,,,,1,,,,0,-1,,,,,,-1,,,-1,-1,1,,,,,,,,-1,,1,,,1,1,,-1,-1,-1,,1,1,1,-1,-1,,1,,,1,-1,1,1,-1,-1,1,1,,,1,,0,,1,,,1,,,,,,,,-1,1,,1,1,,,1,,,,1,1,,,,,,,,,,,,,,,
291,1,0,84,38,20,-1,-1,1,1,-1,-1,-1,1,-1,1,-1,0,1,-1,-1,-1,1,-1,-1,0,-1,-1,-1,-1,0,-1,1,1,0,0,1,0,0,1,1,0,-1,0,0,1,1,1,0,1,0,1,0,,,,1,,,,1,0,,,,,,0,,,1,-1,1,,,,,,,,0,,1,,,0,1,,1,0,1,,0,0,0,0,1,,1,,,0,1,0,1,1,-1,0,1,,,1,,1,,0,,,1,,,,,,,,1,1,,1,1,,,1,,,,,,,,,,,,,,,,,,,,
292,1,0,84,43,35,-1,1,-1,1,-1,-1,-1,-1,1,1,-1,0,0,-1,-1,-1,-1,-1,-1,-1,-1,-1,-1,-1,1,1,1,1,1,1,1,1,1,-1,1,1,1,1,1,1,1,1,-1,-1,1,0,1,,,,1,,,,1,-1,,,,,,-1,,,1,-1,1,,,,,,,,-1,,1,,,-1,1,,-1,-1,1,,1,-1,1,-1,1,,-1,,,1,1,0,1,-1,-1,1,1,,,1,,0,,1,,,1,,,,,,,,0,-1,,1,1,,,-1,,,,,,,,,,,,,,,,,,,,
293,1,0,84,37,21,-1,1,-1,1,1,-1,-1,-1,1,-1,-1,-1,-1,-1,1,-1,0,-1,-1,-1,-1,-1,1,-1,0,-1,1,1,1,1,1,1,1,1,1,0,1,1,0,1,1,1,1,1,0,1,1,,,,1,,,,0,0,,,,,,0,,,1,-1,1,,,,,,,,0,,1,,,0,1,,1,0,0,,1,0,0,0,-1,,0,,,0,1,0,1,1,-1,0,1,,,1,,0,,0,,,0,,,,,,,,0,0,,0,1,,,0,,,,,,,,,,,,,,,,,,,,
294,1,0,84,40,40,-1,1,-1,-1,1,-1,-1,1,-1,-1,-1,-1,1,-1,-1,-1,-1,-1,-1,-1,-1,-1,-1,-1,1,1,1,-1,1,1,1,1,1,1,1,1,1,1,1,1,1,1,-1,-1,1,1,1,,,,1,,,,1,-1,,,,,,-1,,,1,1,1,,,,,,,,-1,,1,,,-1,1,,-1,-1,1,,1,-1,0,-1,1,,-1,,,0,-1,-1,0,1,-1,0,1,,,1,,-1,,1,,,-1,,,,,,,,-1,-1,,1,1,,,-1,,,,,,,,,,,,,,,,,,,,
295,1,1,85,52,21,-1,-1,1,-1,1,-1,-1,-1,-1,-1,-1,1,-1,-1,-1,1,0,-1,-1,-1,-1,-1,0,0,1,1,1,1,1,1,1,1,1,1,1,1,1,1,1,1,1,1,0,1,1,1,1,,,,1,,,,1,0,,,,,,0,,,0,1,1,,,,,,,,-1,,1,,,0,1,,1,0,1,,1,0,1,-1,1,,1,,,1,1,-1,1,1,-1,1,1,,,1,,1,,1,,,1,,,,,,,,0,0,,1,1,,,1,,,,,,1,,,,,,,,,,,,,,
296,1,1,85,45,26,-1,-1,1,-1,1,1,-1,1,-1,-1,0,1,-1,-1,-1,-1,1,-1,-1,-1,-1,-1,1,-1,1,1,0,1,1,1,1,1,1,1,1,1,0,1,1,1,1,-1,-1,1,1,0,1,,,,1,,,,1,-1,,,,,,-1,,,1,-1,1,,,,,,,,1,,1,,,1,1,,-1,0,1,,1,-1,0,-1,-1,,0,,,1,0,0,0,1,-1,1,1,,,1,,0,,1,,,0,,,,,,,,1,0,,1,0,,,1,,,,,,,1,,,,,,,,,,,,,
297,1,0,84,32,17,-1,1,-1,-1,1,-1,-1,-1,-1,-1,-1,-1,1,-1,-1,0,0,0,0,-1,0,-1,0,-1,0,0,1,0,1,1,0,1,0,0,0,1,1,1,1,1,1,0,1,0,0,1,1,,,,0,,,,1,0,,,,,,0,,,0,0,1,,,,,,,,0,,1,,,1,1,,1,1,1,,0,0,1,0,1,,0,,,0,0,0,0,0,-1,0,1,,,1,,-1,,1,,,1,,,,,,,,1,0,,1,0,,,0,,,,,,,,,,,,,,,,,,,,
301,1,0,84,46,30,-1,-1,1,1,-1,-1,-1,1,-1,-1,-1,-1,-1,-1,1,1,1,-1,-1,-1,-1,-1,1,-1,1,-1,1,1,1,0,1,1,1,0,0,1,1,1,-1,1,1,1,-1,1,0,1,1,,,,-1,,,,-1,-1,,,,,,-1,,,-1,-1,1,,,,,,,,1,,1,,,0,1,,1,1,1,,1,1,1,0,-1,,-1,,,0,1,1,1,1,-1,1,1,,,1,,1,,1,,,0,,,,,,,,1,-1,,1,1,,,1,,,,,,,,,,,,,,,,,,,,
302,1,0,84,33,20,-1,1,-1,1,-1,-1,-1,-1,1,1,-1,-1,1,-1,-1,0,-1,-1,-1,-1,-1,-1,0,0,1,-1,0,1,1,1,1,1,1,0,1,1,0,1,1,1,1,0,0,1,1,1,1,,,,1,,,,0,0,,,,,,-1,,,0,0,1,,,,,,,,0,,0,,,0,1,,-1,0,0,,1,0,0,-1,1,,0,,,1,0,1,1,0,0,0,1,,,1,,0,,0,,,0,,,,,,,,0,0,,0,1,,,0,,,,,,,,,,,,,,,,,,,,
303,1,0,84,41,18,-1,1,-1,1,-1,-1,-1,-1,1,1,-1,-1,0,-1,-1,0,0,-1,-1,-1,-1,-1,0,-1,1,0,1,1,1,1,1,1,1,0,1,1,-1,1,1,1,1,1,0,0,0,0,1,,,,1,,,,1,0,,,,,,1,,,1,1,1,,,,,,,,0,,0,,,1,1,,1,0,1,,0,-1,0,0,1,,1,,,0,1,0,0,0,0,1,1,,,1,,0,,1,,,1,,,,,,,,1,0,,1,1,,,0,,,,,,,,,,,,,,,,,,,,
305,1,1,31,19,12,-1,1,-1,1,-1,-1,-1,1,1,1,-1,-1,1,-1,-1,,,,,,-1,,1,,-1,,1,,,,,,,1,,1,,,1,,,1,,1,-1,,,,,,,,,,1,,,,,,,,,,1,,,,,,,,,,,,,,,1,,,,,,,,,,,1,,,,,,,,,1,,,,,,,,,,,,,,,,,,,,,,,,,,,,,,,,,,,,1,,,,,,,,,,,,
306,1,0,84,46,30,-1,-1,1,1,-1,-1,-1,1,-1,-1,-1,-1,1,-1,-1,-1,0,-1,-1,1,-1,-1,-1,-1,1,0,1,0,1,1,1,0,1,1,1,1,1,1,1,1,1,1,-1,1,1,1,1,,,,1,,,,1,-1,,,,,,-1,,,1,-1,1,,,,,,,,-1,,-1,,,1,1,,-1,-1,1,,1,1,1,-1,1,,1,,,1,0,-1,1,0,-1,1,1,,,1,,0,,1,,,1,,,,,,,,1,-1,,1,1,,,0,,,,,,,,,,,,,,,,,,,,
307,1,0,84,40,32,-1,-1,1,1,-1,-1,-1,1,-1,-1,1,-1,-1,1,-1,0,0,-1,-1,-1,-1,-1,-1,-1,1,0,1,1,-1,0,1,1,1,0,0,1,-1,-1,1,1,1,1,-1,1,0,0,1,,,,1,,,,0,-1,,,,,,-1,,,-1,-1,1,,,,,,,,-1,,1,,,0,1,,1,-1,1,,1,1,1,0,1,,1,,,1,-1,1,1,-1,-1,1,1,,,1,,-1,,1,,,-1,,,,,,,,1,0,,1,1,,,1,,,,,,,,,,,,,,,,,,,,
308,,0,5,3,2,-1,-1,,1,,,,,1,,,,,,,,,,,,,,,,,,,,,,,,,,,,,,,,,,,,,,,,,,,,,,,,,,,,,,,,,,1,,,,,,,,,,,,,,,,,,,,,,,,,,,,,,,,,,,,,,,,,,,,,,,,,,,,,,,,,,,,,,,,,,,,,,,,,,,,,,,,,
309,1,0,84,44,35,1,-1,-1,-1,-1,1,-1,-1,-1,1,-1,-1,1,-1,-1,-1,-1,-1,-1,-1,-1,-1,-1,-1,1,-1,1,1,1,1,1,1,1,1,1,1,1,1,1,1,1,-1,0,1,1,1,1,,,,1,,,,-1,-1,,,,,,1,,,-1,-1,1,,,,,,,,-1,,-1,,,1,1,,-1,0,1,,0,-1,1,-1,1,,1,,,1,1,0,1,1,0,1,1,,,1,,-1,,1,,,-1,,,,,,,,-1,-1,,1,1,,,1,,,,,,,,,,,,,,,,,,,,
311,1,1,85,60,25,-1,-1,1,1,-1,-1,-1,1,-1,-1,-1,1,-1,-1,-1,-1,1,1,1,1,1,1,1,1,-1,1,-1,1,1,1,1,1,1,1,1,1,1,1,1,1,1,1,-1,1,1,1,1,,,,1,,,,1,-1,,,,,,1,,,1,1,1,,,,,,,,-1,,-1,,,-1,1,,1,-1,1,,1,1,1,-1,1,,1,,,1,-1,1,1,-1,1,1,1,,,1,,-1,,1,,,1,,,,,,,,1,1,,1,1,,,-1,,,,,,,,,1,,,,,,,,,,,
312,1,0,84,32,26,1,-1,-1,1,-1,-1,-1,-1,0,1,-1,-1,-1,1,-1,0,1,-1,-1,-1,0,-1,-1,-1,1,0,1,1,1,0,0,0,0,-1,1,0,0,0,0,1,1,1,0,1,1,1,1,,,,1,,,,1,-1,,,,,,0,,,1,0,1,,,,,,,,-1,,-1,,,1,1,,0,-1,1,,0,0,0,0,1,,-1,,,0,0,0,-1,1,-1,0,1,,,1,,-1,,1,,,0,,,,,,,,1,0,,1,1,,,-1,,,,,,,,,,,,,,,,,,,,
313,0,1,85,46,24,0,0,0,0,0,0,0,0,0,0,0,0,0,0,0,1,1,1,1,1,1,1,1,1,1,-1,1,-1,-1,-1,1,1,1,1,1,-1,1,1,-1,1,1,-1,-1,1,-1,1,1,,,,-1,,,,1,-1,,,,,,1,,,1,-1,-1,,,,,,,,1,,1,,,1,1,,1,1,1,,-1,-1,-1,1,-1,,1,,,1,1,-1,-1,1,-1,1,1,,,1,,-1,,-1,,,-1,,,,,,,,1,1,,-1,1,,,1,,,,,,,,,,1,,,,,,,,,,
314,1,0,84,48,11,-1,-1,1,1,-1,-1,-1,1,-1,-1,-1,-1,1,0,0,0,0,0,1,1,1,1,1,1,0,1,1,1,1,1,1,1,1,-1,1,1,-1,1,1,1,1,1,0,1,1,0,0,,,,1,,,,1,0,,,,,,1,,,1,1,1,,,,,,,,0,,1,,,1,1,,0,0,1,,0,0,0,0,1,,1,,,1,1,0,1,0,1,0,1,,,1,,0,,0,,,1,,,,,,,,0,1,,1,0,,,0,,,,,,,,,,,,,,,,,,,,
315,1,0,88,50,25,-1,-1,1,1,1,-1,-1,1,-1,-1,1,1,-1,-1,-1,0,-1,-1,-1,-1,-1,-1,-1,-1,0,1,1,1,1,1,1,1,1,0,1,1,1,1,1,1,1,1,1,1,1,1,1,,,,1,,,,0,-1,,,,,,-1,,,-1,-1,1,,,,,,,,-1,,0,,,1,1,,1,-1,1,,1,0,1,0,1,,1,,,1,1,1,1,0,-1,-1,1,,,1,,0,,1,,,1,,,,,,,,0,0,,0,1,,,0,,,1,1,,1,,,,1,,,,,,,,,,
316,1,10,98,67,31,1,-1,1,-1,1,-1,-1,1,-1,-1,-1,-1,-1,1,-1,-1,1,-1,-1,-1,-1,-1,1,-1,1,1,-1,1,1,1,1,1,1,1,1,1,1,1,1,1,1,-1,-1,1,1,1,1,,,,1,,,,1,-1,,,,,,-1,,,1,1,1,,,,,,,,-1,,1,,,1,1,,-1,-1,1,,1,-1,1,-1,1,,1,,,1,1,1,-1,1,-1,1,1,,,1,,1,,1,,,1,,,,,,,,-1,-1,,1,1,,,1,,,1,1,,1,,,,1,1,1,1,1,1,1,1,1,1,1
317,1,0,88,45,34,-1,1,-1,1,-1,-1,-1,-1,-1,-1,-1,1,-1,-1,-1,-1,-1,-1,-1,-1,-1,-1,-1,-1,1,1,1,1,1,1,1,1,1,1,0,1,1,1,1,1,1,0,-1,1,1,1,1,,,,1,,,,1,-1,,,,,,-1,,,1,-1,1,,,,,,,,-1,,1,,,1,1,,0,-1,-1,,1,-1,0,-1,1,,1,,,1,1,0,1,0,-1,-1,1,,,1,,0,,1,,,1,,,,,,,,-1,-1,,1,1,,,0,,,1,1,,1,,,,0,,,,,,,,,,
319,1,0,88,54,27,-1,1,-1,1,-1,-1,-1,1,1,1,-1,-1,-1,1,-1,-1,-1,-1,-1,-1,-1,-1,1,-1,1,1,1,1,1,1,1,1,1,0,1,1,1,1,1,1,1,1,1,1,1,1,1,,,,1,,,,1,-1,,,,,,-1,,,1,-1,1,,,,,,,,-1,,1,,,1,1,,1,-1,1,,1,1,1,-1,1,,0,,,1,0,-1,0,1,-1,0,1,,,1,,-1,,1,,,1,,,,,,,,0,1,,1,1,,,-1,,,1,1,,1,,,,0,,,,,,,,,,
320,1,0,91,30,26,-1,1,-1,1,-1,-1,-1,1,-1,-1,-1,-1,1,-1,-1,0,1,-1,-1,-1,-1,-1,1,0,-1,0,0,0,1,1,0,1,0,0,1,0,0,1,1,1,1,0,-1,1,0,1,1,,,,1,,,,0,-1,,,,,,-1,,,-1,0,1,,,,,,,,-1,,1,,,0,1,,0,-1,1,,1,0,1,0,-1,,0,,,0,0,1,0,0,-1,1,1,,,1,,0,,0,,,0,,,,,,,,-1,0,,1,0,,,0,,,0,1,,0,,,,0,,,,0,,0,0,,,
323,1,0,91,55,28,-1,-1,1,1,-1,-1,-1,1,1,1,-1,-1,-1,1,-1,0,-1,-1,-1,-1,-1,-1,1,-1,1,1,1,1,1,1,1,1,1,1,1,1,1,1,1,1,1,-1,0,1,1,1,1,,,,1,,,,1,-1,,,,,,-1,,,1,-1,1,,,,,,,,-1,,1,,,1,1,,-1,-1,1,,1,-1,1,-1,-1,,0,,,1,1,0,0,0,-1,1,1,,,1,,1,,1,,,0,,,,,,,,1,-1,,1,1,,,0,,,1,1,,1,,,,1,,,,1,,1,1,,,
324,1,0,73,46,21,-1,1,-1,1,1,-1,-1,1,1,1,-1,-1,-1,-1,1,1,-1,,-1,-1,-1,-1,1,-1,1,1,1,1,0,1,1,1,1,1,1,1,1,1,1,1,1,1,,0,1,1,1,,,,1,,,,1,,,,,,,0,,,1,-1,1,,,,,,,,,,1,,,,1,,-1,,,,1,-1,0,,-1,,1,,,1,,,,,,,1,,,,,-1,,1,,,0,,,,,,,,-1,0,,,,,,,,,1,1,,1,,,,-1,,,,1,,1,1,,,
325,1,0,91,36,23,-1,-1,1,-1,1,-1,-1,1,1,-1,-1,-1,-1,-1,1,-1,0,1,0,0,-1,-1,1,-1,0,0,1,0,1,0,0,1,1,1,0,0,0,1,1,1,1,0,-1,1,1,1,1,,,,1,,,,0,-1,,,,,,0,,,0,-1,1,,,,,,,,-1,,1,,,0,1,,0,0,1,,1,-1,1,0,-1,,0,,,1,0,1,0,-1,-1,0,1,,,1,,0,,0,,,0,,,,,,,,0,0,,1,0,,,0,,,1,1,,1,,,,0,,,,0,,-1,1,,,
326,1,0,91,38,25,-1,1,-1,-1,1,-1,-1,1,1,1,-1,-1,1,-1,-1,-1,0,-1,-1,-1,-1,-1,0,0,0,1,1,0,1,1,0,0,1,0,1,1,1,0,0,1,1,0,0,1,-1,1,1,,,,1,,,,1,-1,,,,,,-1,,,0,-1,1,,,,,,,,-1,,0,,,1,1,,1,0,1,,1,0,1,0,0,,0,,,1,-1,-1,0,1,-1,0,1,,,0,,-1,,1,,,0,,,,,,,,1,-1,,1,0,,,0,,,1,0,,1,,,,1,,,,0,,1,0,,,
328,1,0,91,55,31,-1,-1,1,-1,1,-1,-1,1,-1,1,-1,-1,1,-1,-1,-1,-1,-1,-1,-1,0,-1,-1,-1,1,1,1,1,1,1,1,1,1,1,1,1,-1,1,1,1,1,1,-1,1,1,1,1,,,,1,,,,1,-1,,,,,,-1,,,1,-1,1,,,,,,,,-1,,1,,,0,1,,-1,-1,1,,1,-1,0,0,1,,1,,,1,-1,1,1,1,-1,1,1,,,1,,1,,1,,,1,,,,,,,,0,-1,,1,1,,,-1,,,1,1,,1,,,,1,,,,1,,1,1,,,
329,1,0,30,13,12,1,-1,-1,1,-1,-1,1,-1,-1,-1,-1,1,-1,-1,-1,,1,,,,,,-1,,,0,,,,,,1,,0,,,,,1,,,0,,,,0,,,,,,,,,,,,,,,,,,,1,,,,,,,,,,,,,,,1,,,1,,,,,,,,,,,,,,,,,,,,,,,,,,,,,,1,,,,,,,,,,,,,,,,,,,,,,,,,,,,,0,,1,1,,,
330,1,0,91,54,16,-1,-1,1,-1,1,-1,-1,1,-1,-1,0,1,-1,-1,-1,1,0,-1,-1,0,1,0,0,0,1,1,0,1,1,1,1,1,1,1,1,0,1,1,1,1,1,1,-1,1,1,1,1,,,,1,,,,1,-1,,,,,,0,,,1,0,1,,,,,,,,0,,0,,,1,1,,1,0,1,,1,0,0,0,1,,1,,,1,1,1,1,1,-1,1,1,,,1,,-1,,1,,,1,,,,,,,,1,0,,1,1,,,0,,,0,0,,1,,,,1,,,,0,,1,1,,,
331,1,0,91,48,36,-1,-1,1,-1,1,1,-1,1,1,1,-1,-1,-1,-1,1,-1,1,-1,-1,1,-1,-1,1,1,1,-1,1,-1,1,1,1,1,1,-1,1,-1,-1,1,1,1,1,1,-1,1,1,-1,1,,,,1,,,,1,-1,,,,,,-1,,,-1,-1,1,,,,,,,,-1,,1,,,0,1,,1,1,1,,0,1,0,0,-1,,1,,,0,-1,1,-1,-1,-1,1,1,,,-1,,-1,,1,,,-1,,,,,,,,0,-1,,1,1,,,1,,,0,1,,1,,,,1,,,,-1,,1,-1,,,
333,1,0,91,49,27,-1,1,-1,1,-1,-1,-1,1,0,1,-1,-1,-1,-1,1,-1,-1,-1,-1,-1,-1,-1,-1,-1,1,1,1,1,1,1,1,1,1,0,1,1,-1,1,1,1,1,-1,1,-1,1,1,1,,,,1,,,,1,-1,,,,,,-1,,,1,0,1,,,,,,,,-1,,1,,,1,1,,1,-1,1,,1,0,1,0,1,,1,,,0,0,0,0,-1,-1,1,1,,,1,,0,,1,,,0,,,,,,,,1,0,,1,1,,,0,,,1,0,,0,,,,1,,,,1,,1,1,,,
334,1,0,17,6,11,1,1,-1,1,-1,-1,-1,1,-1,-1,-1,-1,-1,-1,1,,,,,,,,,,,,,,,,,-1,,,,,,,,,,,,,,,,,,,,,,,,,,,,,,,,,,,,,,,,,,,,,,,,,,,,,,,,,,,,,,,,,,,,,,,,,,,,,,,,,,,,,,,,,,,,,1,,,,,,,,,,,,,,,,,,,,,,,
335,1,0,91,54,25,-1,-1,1,-1,-1,1,-1,1,1,1,-1,1,-1,-1,-1,-1,-1,0,-1,1,1,1,-1,-1,0,1,1,1,1,1,1,1,-1,0,-1,1,0,1,1,1,0,1,0,-1,-1,1,1,,,,1,,,,1,0,,,,,,1,,,1,-1,1,,,,,,,,-1,,1,,,1,1,,1,-1,1,,1,1,1,-1,1,,1,,,1,1,0,1,0,0,1,1,,,1,,0,,1,,,1,,,,,,,,1,-1,,1,1,,,0,,,-1,1,,-1,,,,1,,,,1,,1,1,,,
1,1,0,24,13,6,,1,,-1,1,,-1,-1,-1,1,,,,0,-1,1,,,,1,,0,1,0,,1,1,,1,,,-1,1,0,0,1,,,,1,1,,,,,,,,,,,,,,,,,,,,,,,,,,,,,,,,,,,,,,,,,,,,,,,,,,,,,,,,,,,,,,,,,,,,,,,,,,,,,,,,,,,,,,,,,,,,,,,,,,,,,,,,,,,
22,1,0,9,2,7,,-1,,1,1,-1,,-1,-1,-1,-1,,-1,,,,,,,,,,,,,,,,,,,,,,,,,,,,,,,,,,,,,,,,,,,,,,,,,,,,,,,,,,,,,,,,,,,,,,,,,,,,,,,,,,,,,,,,,,,,,,,,,,,,,,,,,,,,,,,,,,,,,,,,,,,,,,,,,,,,,,,
107,,1,3,3,0,,1,,,,,,,,,,,,,,,,,,,,,,,,,,,1,,,,,,,,,,,,,,,,,,,,,,,,,,,,,,,,,,,,,,,,,,,,,,,,,,,,,1,,,,,,,,,,,,,,,,,,,,,,,,,,,,,,,,,,,,,,,,,,,,,,,,,,,,,,,,,,,,,,,,,,
110,,0,2,0,2,,-1,,,,,,,,,,,,-1,,,,,,,,,,,,,,,,,,,,,,,,,,,,,,,,,,,,,,,,,,,,,,,,,,,,,,,,,,,,,,,,,,,,,,,,,,,,,,,,,,,,,,,,,,,,,,,,,,,,,,,,,,,,,,,,,,,,,,,,,,,,,,,,,,,,,,
133,1,0,7,4,3,,1,-1,,-1,,1,,1,1,,,,,,,,,,,,,,,,,,,,,,,,,,,,-1,,,,,,,,,,,,,,,,,,,,,,,,,,,,,,,,,,,,,,,,,,,,,,,,,,,,,,,,,,,,,,,,,,,,,,,,,,,,,,,,,,,,,,,,,,,,,,,,,,,,,,,,,,,,,,
152,1,0,8,3,5,,1,-1,1,,-1,-1,-1,-1,,,,,1,,,,,,,,,,,,,,,,,,,,,,,,,,,,,,,,,,,,,,,,,,,,,,,,,,,,,,,,,,,,,,,,,,,,,,,,,,,,,,,,,,,,,,,,,,,,,,,,,,,,,,,,,,,,,,,,,,,,,,,,,,,,,,,,,,,,,,
158,,0,4,3,0,,1,,,,1,,,,,,0,1,,,,,,,,,,,,,,,,,,,,,,,,,,,,,,,,,,,,,,,,,,,,,,,,,,,,,,,,,,,,,,,,,,,,,,,,,,,,,,,,,,,,,,,,,,,,,,,,,,,,,,,,,,,,,,,,,,,,,,,,,,,,,,,,,,,,,,,
195,1,0,14,5,9,,-1,1,-1,1,-1,-1,-1,-1,,1,1,-1,-1,-1,,,,,,,,,,,,,,,,,,,,,,,,,,,,,,1,,,,,,,,,,,,,,,,,,,,,,,,,,,,,,,,,,,,,,,,,,,,,,,,,,,,,,,,,,,,,,,,,,,,,,,,,,,,,,,,,,,,,,,,,,,,,,,,,,,,,,,
284,,0,6,3,3,,1,,1,,,,-1,,,,-1,,1,-1,,,,,,,,,,,,,,,,,,,,,,,,,,,,,,,,,,,,,,,,,,,,,,,,,,,,,,,,,,,,,,,,,,,,,,,,,,,,,,,,,,,,,,,,,,,,,,,,,,,,,,,,,,,,,,,,,,,,,,,,,,,,,,,,,,,,,
299,1,0,12,7,4,,1,1,1,-1,-1,,1,1,1,,-1,-1,,,,,0,,,,,,,,,,,,,,,,,,,,,,,,,,,,,,,,,,,,,,,,,,,,,,,,,,,,,,,,,,,,,,,1,,,,,,,,,,,,,,,,,,,,,,,,,,,,,,,,,,,,,,,,,,,,,,,,,,,,,,,,,,,,,,,,,,,
125,1,0,7,3,4,,,1,,,,-1,-1,-1,,1,1,-1,,,,,,,,,,,,,,,,,,,,,,,,,,,,,,,,,,,,,,,,,,,,,,,,,,,,,,,,,,,,,,,,,,,,,,,,,,,,,,,,,,,,,,,,,,,,,,,,,,,,,,,,,,,,,,,,,,,,,,,,,,,,,,,,,,,,,,,
176,,0,3,0,3,,,-1,,,,-1,,,,,-1,,,,,,,,,,,,,,,,,,,,,,,,,,,,,,,,,,,,,,,,,,,,,,,,,,,,,,,,,,,,,,,,,,,,,,,,,,,,,,,,,,,,,,,,,,,,,,,,,,,,,,,,,,,,,,,,,,,,,,,,,,,,,,,,,,,,,,,,
332,1,0,7,4,3,,,1,,1,,,,,-1,,-1,-1,,,,,,,,,,,,,1,,,,,,,,,,,,,,,,,,,,,,,,,,,,,,,,,,,,,,,,,,,,,,,,,,,,,,,,,,,,,,,,,,,,,,,,,,,,,,,,,,,,,,,,,,,,,,,,,,,,,,,,,,1,,,,,,,,,,,,,,,,
248,,0,6,4,2,,,,1,-1,,,,,,,-1,,,1,,,,,,,,,1,,,,,,,,,,,,,,,,1,,,,,,,,,,,,,,,,,,,,,,,,,,,,,,,,,,,,,,,,,,,,,,,,,,,,,,,,,,,,,,,,,,,,,,,,,,,,,,,,,,,,,,,,,,,,,,,,,,,,,,,,,,,,
304,1,0,9,6,3,,,,1,-1,,-1,,,1,,,-1,,1,,,,,,,,1,,,,,,,,,,,,,,,,,,,,,,,,,,,,,,,,,,,,,,,,,,,,1,,,,,,,,,,,,,,,,,,1,,,,,,,,,,,,,,,,,,,,,,,,,,,,,,,,,,,,,,,,,,,,,,,,,,,,,,,,,,,,,,,
322,1,0,7,2,5,,,,1,,-1,,,-1,,,-1,-1,1,-1,,,,,,,,,,,,,,,,,,,,,,,,,,,,,,,,,,,,,,,,,,,,,,,,,,,,,,,,,,,,,,,,,,,,,,,,,,,,,,,,,,,,,,,,,,,,,,,,,,,,,,,,,,,,,,,,,,,,,,,,,,,,,,,,,,,,,
12,1,0,4,1,3,,,,,-1,,,,,,,,,,,,,-1,,,,,,-1,,,,,,,,1,,,,,,,,,,,,,,,,,,,,,,,,,,,,,,,,,,,,,,,,,,,,,,,,,,,,,,,,,,,,,,,,,,,,,,,,,,,,,,,,,,,,,,,,,,,,,,,,,,,,,,,,,,,,,,,,,,,,
148,,0,2,1,1,,,,,1,,,,,,,,-1,,,,,,,,,,,,,,,,,,,,,,,,,,,,,,,,,,,,,,,,,,,,,,,,,,,,,,,,,,,,,,,,,,,,,,,,,,,,,,,,,,,,,,,,,,,,,,,,,,,,,,,,,,,,,,,,,,,,,,,,,,,,,,,,,,,,,,,
174,,0,1,0,1,,,,,,-1,,,,,,,,,,,,,,,,,,,,,,,,,,,,,,,,,,,,,,,,,,,,,,,,,,,,,,,,,,,,,,,,,,,,,,,,,,,,,,,,,,,,,,,,,,,,,,,,,,,,,,,,,,,,,,,,,,,,,,,,,,,,,,,,,,,,,,,,,,,,,,
310,,0,1,0,1,,,,,,,-1,,,,,,,,,,,,,,,,,,,,,,,,,,,,,,,,,,,,,,,,,,,,,,,,,,,,,,,,,,,,,,,,,,,,,,,,,,,,,,,,,,,,,,,,,,,,,,,,,,,,,,,,,,,,,,,,,,,,,,,,,,,,,,,,,,,,,,,,,,,,,
172,,0,1,1,0,,,,,,,,1,,,,,,,,,,,,,,,,,,,,,,,,,,,,,,,,,,,,,,,,,,,,,,,,,,,,,,,,,,,,,,,,,,,,,,,,,,,,,,,,,,,,,,,,,,,,,,,,,,,,,,,,,,,,,,,,,,,,,,,,,,,,,,,,,,,,,,,,,,,,
191,,0,2,0,0,,,,,,,,0,,,,,0,,,,,,,,,,,,,,,,,,,,,,,,,,,,,,,,,,,,,,,,,,,,,,,,,,,,,,,,,,,,,,,,,,,,,,,,,,,,,,,,,,,,,,,,,,,,,,,,,,,,,,,,,,,,,,,,,,,,,,,,,,,,,,,,,,,,,,,
285,,0,1,0,0,,,,,,,,0,,,,,,,,,,,,,,,,,,,,,,,,,,,,,,,,,,,,,,,,,,,,,,,,,,,,,,,,,,,,,,,,,,,,,,,,,,,,,,,,,,,,,,,,,,,,,,,,,,,,,,,,,,,,,,,,,,,,,,,,,,,,,,,,,,,,,,,,,,,,
53,,1,2,1,1,,,,,,,,,,-1,,,,,,,,,,,,,,,,,,,,,,,,,,,,,,,,,,,,,,,,,,,,,,,,,,1,,,,,,,,,,,,,,,,,,,,,,,,,,,,,,,,,,,,,,,,,,,,,,,,,,,,,,,,,,,,,,,,,,,,,,,,,,,,,,,,,,,,,,,,
175,,1,2,1,1,,,,,,,,,,,-1,,,,,,,,,,,,,,,,,,,,,,,,,,,,,,,,,,,,,,,,,,,,,,,,,,,,,,,,,,,,,,,,,,,,,,,,,,,,,,,,,1,,,,,,,,,,,,,,,,,,,,,,,,,,,,,,,,,,,,,,,,,,,,,,,,,,,,,,,,
298,,0,2,0,2,,,,,,,,,,,-1,,,,,,,,,,,-1,,,,,,,,,,,,,,,,,,,,,,,,,,,,,,,,,,,,,,,,,,,,,,,,,,,,,,,,,,,,,,,,,,,,,,,,,,,,,,,,,,,,,,,,,,,,,,,,,,,,,,,,,,,,,,,,,,,,,,,,,,,,,,
257,,0,1,1,0,,,,,,,,,,,,1,,,,,,,,,,,,,,,,,,,,,,,,,,,,,,,,,,,,,,,,,,,,,,,,,,,,,,,,,,,,,,,,,,,,,,,,,,,,,,,,,,,,,,,,,,,,,,,,,,,,,,,,,,,,,,,,,,,,,,,,,,,,,,,,,,,,,,,,
321,,0,4,1,0,,,,,,,,,,,,0,0,,,,,,,,,,,,,,,,,,,,,,,,,,,,,,,,,,,,,,,,,,,,,,,,,,,,,,,,,,,,,,,,,,,,,,,,,,,,,,,,,,,,,,,,,,,,,,,,,,,,,,,,,,,,,,,,,,,,,,,1,,0,,,,,,,,,,,,,,
23,,0,1,0,1,,,,,,,,,,,,,-1,,,,,,,,,,,,,,,,,,,,,,,,,,,,,,,,,,,,,,,,,,,,,,,,,,,,,,,,,,,,,,,,,,,,,,,,,,,,,,,,,,,,,,,,,,,,,,,,,,,,,,,,,,,,,,,,,,,,,,,,,,,,,,,,,,,,,,,
137,,0,1,0,0,,,,,,,,,,,,,0,,,,,,,,,,,,,,,,,,,,,,,,,,,,,,,,,,,,,,,,,,,,,,,,,,,,,,,,,,,,,,,,,,,,,,,,,,,,,,,,,,,,,,,,,,,,,,,,,,,,,,,,,,,,,,,,,,,,,,,,,,,,,,,,,,,,,,,
262,,0,1,1,0,,,,,,,,,,,,,1,,,,,,,,,,,,,,,,,,,,,,,,,,,,,,,,,,,,,,,,,,,,,,,,,,,,,,,,,,,,,,,,,,,,,,,,,,,,,,,,,,,,,,,,,,,,,,,,,,,,,,,,,,,,,,,,,,,,,,,,,,,,,,,,,,,,,,,
113,,0,1,0,1,,,,,,,,,,,,,,-1,,,,,,,,,,,,,,,,,,,,,,,,,,,,,,,,,,,,,,,,,,,,,,,,,,,,,,,,,,,,,,,,,,,,,,,,,,,,,,,,,,,,,,,,,,,,,,,,,,,,,,,,,,,,,,,,,,,,,,,,,,,,,,,,,,,,,,
258,,0,1,0,1,,,,,,,,,,,,,,-1,,,,,,,,,,,,,,,,,,,,,,,,,,,,,,,,,,,,,,,,,,,,,,,,,,,,,,,,,,,,,,,,,,,,,,,,,,,,,,,,,,,,,,,,,,,,,,,,,,,,,,,,,,,,,,,,,,,,,,,,,,,,,,,,,,,,,,
8,,0,1,0,1,,,,,,,,,,,,,,,,,,-1,,,,,,,,,,,,,,,,,,,,,,,,,,,,,,,,,,,,,,,,,,,,,,,,,,,,,,,,,,,,,,,,,,,,,,,,,,,,,,,,,,,,,,,,,,,,,,,,,,,,,,,,,,,,,,,,,,,,,,,,,,,,,,,,,,
16,1,0,2,0,2,,,,,,,,,,,,,,,,,,,,,,,,,,-1,,,,,-1,,,,,,,,,,,,,,,,,,,,,,,,,,,,,,,,,,,,,,,,,,,,,,,,,,,,,,,,,,,,,,,,,,,,,,,,,,,,,,,,,,,,,,,,,,,,,,,,,,,,,,,,,,,,,,,,,,,,,
9,,0,1,1,0,,,,,,,,,,,,,,,,,,,,,,,,,,,,,,,,,,,,,,,1,,,,,,,,,,,,,,,,,,,,,,,,,,,,,,,,,,,,,,,,,,,,,,,,,,,,,,,,,,,,,,,,,,,,,,,,,,,,,,,,,,,,,,,,,,,,,,,,,,,,,,,,,,,,,
327,,0,1,0,1,,,,,,,,,,,,,,,,,,,,,,,,,,,,,,,,,,,,,,,,,,-1,,,,,,,,,,,,,,,,,,,,,,,,,,,,,,,,,,,,,,,,,,,,,,,,,,,,,,,,,,,,,,,,,,,,,,,,,,,,,,,,,,,,,,,,,,,,,,,,,,,,,,,,,,
47,,1,1,1,0,,,,,,,,,,,,,,,,,,,,,,,,,,,,,,,,,,,,,,,,,,,,,,,,,,,,,,,,1,,,,,,,,,,,,,,,,,,,,,,,,,,,,,,,,,,,,,,,,,,,,,,,,,,,,,,,,,,,,,,,,,,,,,,,,,,,,,,,,,,,,,,,,,,,,
300,,0,1,0,0,,,,,,,,,,,,,,,,,,,,,,,,,,,,,,,,,,,,,,,,,,,,,,,,,,,,,,,,,,,,,,,,,,,,,,,,,,,,,,,,,,,,,,,,,,,0,,,,,,,,,,,,,,,,,,,,,,,,,,,,,,,,,,,,,,,,,,,,,,,,,,,,,,,,,
318,,0,1,1,0,,,,,,,,,,,,,,,,,,,,,,,,,,,,,,,,,,,,,,,,,,,,,,,,,,,,,,,,,,,,,,,,,,,,,,,,,,,,,,,,,,,,,,,,,,,1,,,,,,,,,,,,,,,,,,,,,,,,,,,,,,,,,,,,,,,,,,,,,,,,,,,,,,,,,
179,,1,1,1,0,,,,,,,,,,,,,,,,,,,,,,,,,,,,,,,,,,,,,,,,,,,,,,,,,,,,,,,,,,,,,,,,,,,,,,,,,,,,,,,,,,,,,,,,,,,,,1,,,,,,,,,,,,,,,,,,,,,,,,,,,,,,,,,,,,,,,,,,,,,,,,,,,,,,,
226,,1,1,1,0,,,,,,,,,,,,,,,,,,,,,,,,,,,,,,,,,,,,,,,,,,,,,,,,,,,,,,,,,,,,,,,,,,,,,,,,,,,,,,,,,,,,,,,,,,,,,,,,,,,,,,,,,,,,,,,,,,,1,,,,,,,,,,,,,,,,,,,,,,,,,,,,,,,,,
