participant,group-id,n-comments,n-votes,n-agree,n-disagree,0,1,2,3,4,5,6,7,8,9,10,11,12,13,14,15,16,17,18,19,20,21,22,23,24,25,26,27,28,29,30,31,32,33,34,35,36,37,38,39,40,41,42,43,44,45,46,47,48,49,50,51,52,53,54,55,56,57,58,59,60,61,62,63,64,65,66,67,68,69,70,71,72,73,74,75,76,77,78,79,80,81,82,83,84,85,86,87,88,89,90,91,92,93,94,95,96,97,98,99,100,101,102,103,104,105,106,107,108,109,110,111,112,113,114,115,116,117,118,119,120,121,122,123,124,125,126,127,128,129,130,131,132,133,134,135,136,137,138,139,140,141,142,143,144,145,146,147,148,149,150,151,152,153,154,155,156,157,158,159,160,161,162,163,164
0,0,54,124,62,5,0,0,0,0,0,0,0,0,0,0,0,0,0,0,0,0,0,0,0,0,0,0,0,0,0,0,0,0,0,0,0,0,0,0,0,0,0,0,0,0,0,,1,,,,,,,1,,,1,1,,,,1,,1,1,1,,1,1,1,,,,,0,1,1,0,0,0,1,-1,-1,1,0,1,1,,1,,0,,,1,,,1,1,,1,0,0,,-1,1,,,1,1,1,0,1,1,1,1,0,1,0,1,,0,1,,1,1,,1,,1,1,1,1,1,1,,,,,1,0,0,0,1,,1,1,1,1,1,,,1,1,1,1,1,1,1,0,-1,-1,1,1,1,,,1,1,1
2,0,0,41,22,16,-1,1,0,-1,-1,1,1,1,1,1,1,1,1,1,0,1,1,1,1,1,0,1,-1,-1,1,1,1,-1,-1,-1,-1,1,-1,-1,1,-1,1,-1,-1,-1,-1,,,,,,,,,,,,,,,,,,,,,,,,,,,,,,,,,,,,,,,,,,,,,,,,,,,,,,,,,,,,,,,,,,,,,,,,,,,,,,,,,,,,,,,,,,,,,,,,,,,,,,,,,,,,,,,,,,,,,,,,,,,,
3,0,0,56,35,16,-1,1,0,1,1,1,1,1,1,1,0,1,1,1,1,0,1,1,-1,1,1,1,1,-1,0,1,1,-1,-1,-1,1,-1,-1,-1,-1,1,1,-1,-1,1,1,,-1,,,,,,,1,,,1,1,,,,1,,0,-1,1,,1,1,1,,,,,-1,1,1,-1,,,,,,,,,,,,,,,,,,,,,,,,,,,,,,,,,,,,,,,,,,,,,,,,,,,,,,,,,,,,,,,,,,,,,,,,,,,,,,,,,,,,,,,,,,,
4,0,2,124,74,27,-1,1,-1,-1,-1,1,1,1,1,1,1,1,1,1,1,-1,1,1,1,1,-1,-1,-1,-1,1,1,1,-1,-1,-1,1,-1,-1,-1,1,-1,1,-1,-1,-1,1,1,1,,,,,,,1,,,1,1,,,,1,,1,0,1,,1,1,0,,,,,0,0,1,-1,,,0,1,0,1,0,1,1,,1,,0,,,0,,,1,1,,-1,1,1,,-1,0,,,1,1,1,0,1,0,1,1,1,0,1,0,0,1,-1,,1,1,,1,,1,-1,1,1,1,1,,,,,1,0,1,0,1,,1,1,1,1,0,,,0,1,1,1,1,1,-1,0,0,-1,1,0,1,,,-1,0,1
5,0,0,41,15,18,-1,-1,0,0,0,1,1,1,1,1,1,0,1,1,-1,-1,0,1,0,0,-1,-1,-1,-1,0,1,-1,-1,1,-1,1,-1,-1,-1,1,-1,-1,1,-1,1,-1,,,,,,,,,,,,,,,,,,,,,,,,,,,,,,,,,,,,,,,,,,,,,,,,,,,,,,,,,,,,,,,,,,,,,,,,,,,,,,,,,,,,,,,,,,,,,,,,,,,,,,,,,,,,,,,,,,,,,,,,,,,,
6,0,0,41,19,17,-1,1,-1,1,-1,1,1,1,-1,1,1,-1,1,1,0,0,0,1,1,0,1,1,-1,0,1,1,-1,-1,1,-1,-1,-1,-1,-1,1,-1,1,-1,-1,1,-1,,,,,,,,,,,,,,,,,,,,,,,,,,,,,,,,,,,,,,,,,,,,,,,,,,,,,,,,,,,,,,,,,,,,,,,,,,,,,,,,,,,,,,,,,,,,,,,,,,,,,,,,,,,,,,,,,,,,,,,,,,,,
7,0,0,41,28,13,-1,1,1,1,1,1,1,1,1,1,1,1,1,1,1,1,1,1,1,1,1,1,-1,-1,1,1,-1,-1,1,-1,-1,-1,-1,-1,1,-1,-1,1,-1,1,1,,,,,,,,,,,,,,,,,,,,,,,,,,,,,,,,,,,,,,,,,,,,,,,,,,,,,,,,,,,,,,,,,,,,,,,,,,,,,,,,,,,,,,,,,,,,,,,,,,,,,,,,,,,,,,,,,,,,,,,,,,,,
8,0,0,41,23,18,-1,1,1,1,1,1,1,-1,1,1,-1,-1,1,1,1,-1,1,1,-1,1,-1,1,1,-1,-1,1,1,-1,1,1,1,-1,-1,-1,1,-1,-1,-1,1,-1,-1,,,,,,,,,,,,,,,,,,,,,,,,,,,,,,,,,,,,,,,,,,,,,,,,,,,,,,,,,,,,,,,,,,,,,,,,,,,,,,,,,,,,,,,,,,,,,,,,,,,,,,,,,,,,,,,,,,,,,,,,,,,,
9,0,0,52,21,20,-1,0,-1,0,0,1,1,1,1,1,1,1,1,1,-1,-1,0,1,0,0,-1,-1,-1,-1,0,1,-1,-1,1,-1,1,-1,-1,-1,1,-1,-1,1,-1,1,-1,,1,,,,,,,1,,,1,1,,,,-1,,0,0,0,,0,,,,,,,,,,,,,,,,,,,,,,,,,,,,,,,,,,,,,,,,,,,,,,,,,,,,,,,,,1,,,,,,,,,,,,,,-1,,,,,,,,,,,,,,,,,,,,,,,,,,,,,,
10,0,0,41,19,14,-1,0,1,1,1,1,1,0,1,-1,0,1,1,0,0,-1,1,1,1,1,0,0,0,-1,1,1,1,-1,-1,-1,-1,1,-1,-1,-1,1,1,-1,-1,1,-1,,,,,,,,,,,,,,,,,,,,,,,,,,,,,,,,,,,,,,,,,,,,,,,,,,,,,,,,,,,,,,,,,,,,,,,,,,,,,,,,,,,,,,,,,,,,,,,,,,,,,,,,,,,,,,,,,,,,,,,,,,,,
11,0,5,124,74,23,1,1,1,0,0,0,1,-1,1,1,1,1,1,1,-1,-1,0,1,1,1,-1,-1,-1,-1,0,0,0,0,0,0,0,0,0,0,0,0,0,0,0,0,0,,1,1,1,1,,,,1,,,1,1,,,,1,1,1,0,0,,1,1,1,,,,,1,-1,1,-1,,,1,1,1,1,-1,0,1,,1,,-1,,,1,,,1,1,,0,1,1,,-1,1,,,1,1,1,1,1,1,1,1,0,0,1,1,-1,-1,-1,,1,1,,1,,1,1,-1,-1,1,1,,,,,1,-1,1,1,1,,1,1,1,1,-1,,,1,1,1,1,1,1,1,-1,-1,-1,1,-1,1,,,,,
12,0,0,8,3,5,1,,-1,,,,,,,,,-1,,,,,,1,,,-1,,,,,,,,,,,,,,,,,,-1,1,-1,,,,,,,,,,,,,,,,,,,,,,,,,,,,,,,,,,,,,,,,,,,,,,,,,,,,,,,,,,,,,,,,,,,,,,,,,,,,,,,,,,,,,,,,,,,,,,,,,,,,,,,,,,,,,,,,,,,,,,,,,,,,
13,0,0,41,27,12,0,1,1,1,0,1,1,1,1,1,1,1,1,1,1,1,1,1,1,1,1,1,-1,1,1,-1,1,-1,-1,1,1,-1,-1,-1,-1,1,1,-1,-1,-1,-1,,,,,,,,,,,,,,,,,,,,,,,,,,,,,,,,,,,,,,,,,,,,,,,,,,,,,,,,,,,,,,,,,,,,,,,,,,,,,,,,,,,,,,,,,,,,,,,,,,,,,,,,,,,,,,,,,,,,,,,,,,,,
14,0,0,41,18,19,0,1,1,0,1,1,1,-1,1,1,0,1,1,1,-1,-1,1,1,-1,-1,-1,0,-1,-1,1,1,1,-1,-1,-1,-1,1,-1,1,-1,-1,1,-1,-1,-1,-1,,,,,,,,,,,,,,,,,,,,,,,,,,,,,,,,,,,,,,,,,,,,,,,,,,,,,,,,,,,,,,,,,,,,,,,,,,,,,,,,,,,,,,,,,,,,,,,,,,,,,,,,,,,,,,,,,,,,,,,,,,,,
17,1,0,41,20,20,-1,1,-1,1,1,1,-1,-1,1,1,1,1,-1,-1,1,-1,1,1,-1,1,1,1,-1,0,1,-1,1,-1,-1,-1,1,-1,-1,-1,1,-1,1,-1,-1,-1,1,,,,,,,,,,,,,,,,,,,,,,,,,,,,,,,,,,,,,,,,,,,,,,,,,,,,,,,,,,,,,,,,,,,,,,,,,,,,,,,,,,,,,,,,,,,,,,,,,,,,,,,,,,,,,,,,,,,,,,,,,,,,
19,0,0,41,16,19,-1,1,-1,-1,-1,0,1,1,1,1,1,0,1,1,-1,0,-1,1,-1,0,0,1,-1,-1,0,1,-1,1,-1,1,1,-1,-1,-1,-1,1,1,-1,-1,-1,-1,,,,,,,,,,,,,,,,,,,,,,,,,,,,,,,,,,,,,,,,,,,,,,,,,,,,,,,,,,,,,,,,,,,,,,,,,,,,,,,,,,,,,,,,,,,,,,,,,,,,,,,,,,,,,,,,,,,,,,,,,,,,
20,0,3,36,10,10,-1,1,-1,1,-1,0,,-1,1,1,-1,1,1,1,-1,0,0,0,0,0,,,-1,-1,0,0,0,0,0,-1,0,,-1,0,0,,,,0,,0,,,,,,,1,1,1,,,,,,,,,,,,,,,,,,,,,,,,,,,,,,,,,,,,,,,,,,,,,,,,,,,,,,,,,,,,,,,,,,,,,,,,,,,,,,,,,,,,,,,,,,,,,,,,,,,,,,,,,,,,,,,,,,,
21,0,0,118,44,36,-1,1,,0,1,1,1,1,1,1,1,0,1,1,-1,0,1,-1,-1,0,-1,-1,-1,-1,0,1,-1,-1,1,-1,1,-1,-1,-1,1,-1,-1,1,-1,1,-1,,1,,,,,,,1,,,1,-1,,,,0,,0,0,1,,1,1,0,,,,,-1,-1,0,-1,,,-1,1,-1,1,-1,0,0,,0,,0,,,-1,,,1,0,,-1,1,1,,-1,-1,,,0,1,1,-1,1,0,1,1,0,0,-1,0,,0,-1,,1,-1,,1,,1,0,0,0,0,-1,,,,,1,0,0,0,1,,0,0,0,0,0,,,0,0,1,0,1,1,0,0,1,-1,-1,1,1,,,,,
22,0,0,41,25,13,-1,1,1,1,-1,1,1,-1,1,1,1,0,1,1,0,1,0,1,1,1,1,1,1,1,1,-1,1,-1,1,-1,1,-1,-1,-1,-1,1,1,-1,-1,1,-1,,,,,,,,,,,,,,,,,,,,,,,,,,,,,,,,,,,,,,,,,,,,,,,,,,,,,,,,,,,,,,,,,,,,,,,,,,,,,,,,,,,,,,,,,,,,,,,,,,,,,,,,,,,,,,,,,,,,,,,,,,,,
23,1,1,51,3,0,0,0,0,0,0,0,0,0,0,0,0,0,0,0,0,0,0,0,0,0,0,0,0,0,0,0,0,0,0,0,0,0,0,0,0,0,0,0,0,0,0,,0,,,,,,,1,1,,0,0,,,,0,,0,0,0,,1,,,,,,,,,,,,,,,,,,,,,,,,,,,,,,,,,,,,,,,,,,,,,,,,,,,,,,,,,,,,,,,,,,,,,,,,,,,,,,,,,,,,,,,,,,,,,,,,,,,,,
24,0,0,78,43,25,-1,1,0,-1,-1,1,-1,1,1,-1,1,1,1,1,-1,-1,-1,1,0,1,0,0,-1,-1,0,1,-1,-1,1,-1,1,-1,-1,-1,-1,1,1,-1,-1,1,-1,,1,,,,,,,0,,,1,1,,,,1,,1,1,1,,0,1,1,,,,,-1,0,,-1,,,1,,-1,1,1,1,1,,,,1,,,1,,,1,0,,1,1,1,,-1,,,,1,1,1,,1,0,1,1,1,-1,,,,,,,,,,,,,,,,,,,,,,,,,,,,,,,,,,,,,,,,,,,,,,,,,,,,
25,1,0,36,18,13,-1,1,0,1,1,1,1,1,,1,,,1,-1,0,0,1,1,0,,1,1,1,1,0,1,-1,-1,-1,-1,-1,1,-1,-1,1,-1,1,,-1,-1,-1,,,,,,,,,,,,,,,,,,,,,,,,,,,,,,,,,,,,,,,,,,,,,,,,,,,,,,,,,,,,,,,,,,,,,,,,,,,,,,,,,,,,,,,,,,,,,,,,,,,,,,,,,,,,,,,,,,,,,,,,,,,,
26,0,0,41,19,22,-1,1,1,1,1,1,1,-1,1,1,1,1,1,1,-1,-1,-1,1,-1,1,-1,-1,-1,-1,1,-1,-1,1,1,-1,-1,-1,-1,-1,-1,1,1,-1,-1,-1,-1,,,,,,,,,,,,,,,,,,,,,,,,,,,,,,,,,,,,,,,,,,,,,,,,,,,,,,,,,,,,,,,,,,,,,,,,,,,,,,,,,,,,,,,,,,,,,,,,,,,,,,,,,,,,,,,,,,,,,,,,,,,,
27,0,0,39,26,11,-1,1,1,1,0,1,1,1,1,1,1,1,1,1,1,,1,1,1,1,1,1,0,-1,1,1,1,-1,1,-1,-1,-1,-1,-1,,-1,-1,1,-1,1,1,,,,,,,,,,,,,,,,,,,,,,,,,,,,,,,,,,,,,,,,,,,,,,,,,,,,,,,,,,,,,,,,,,,,,,,,,,,,,,,,,,,,,,,,,,,,,,,,,,,,,,,,,,,,,,,,,,,,,,,,,,,,
28,1,0,41,0,0,0,0,0,0,0,0,0,0,0,0,0,0,0,0,0,0,0,0,0,0,0,0,0,0,0,0,0,0,0,0,0,0,0,0,0,0,0,0,0,0,0,,,,,,,,,,,,,,,,,,,,,,,,,,,,,,,,,,,,,,,,,,,,,,,,,,,,,,,,,,,,,,,,,,,,,,,,,,,,,,,,,,,,,,,,,,,,,,,,,,,,,,,,,,,,,,,,,,,,,,,,,,,,
29,0,0,41,23,17,1,1,-1,1,-1,1,1,1,-1,1,1,1,1,1,1,-1,1,1,1,1,-1,1,1,-1,0,1,1,-1,1,-1,-1,-1,-1,-1,-1,1,1,-1,-1,-1,-1,,,,,,,,,,,,,,,,,,,,,,,,,,,,,,,,,,,,,,,,,,,,,,,,,,,,,,,,,,,,,,,,,,,,,,,,,,,,,,,,,,,,,,,,,,,,,,,,,,,,,,,,,,,,,,,,,,,,,,,,,,,,
32,0,0,80,40,17,-1,1,0,1,0,1,1,1,1,1,1,1,1,1,0,0,0,1,0,1,-1,-1,0,-1,0,1,1,-1,-1,-1,1,1,-1,-1,1,-1,1,-1,-1,-1,-1,,0,,,,,,,0,,,1,1,,,,1,,1,1,1,,0,1,0,,,,,,0,1,-1,,,0,-1,,0,-1,0,1,,,,1,,,0,,,1,0,,,0,1,,0,1,,,,1,,1,1,1,1,1,1,0,0,0,,1,,,,,,,,,,,,,,,,,,,,,,,,,,,,,,,,,,,,,,,,,,,,,,,,
34,0,0,1,0,1,-1,,,,,,,,,,,,,,,,,,,,,,,,,,,,,,,,,,,,,,,,,,,,,,,,,,,,,,,,,,,,,,,,,,,,,,,,,,,,,,,,,,,,,,,,,,,,,,,,,,,,,,,,,,,,,,,,,,,,,,,,,,,,,,,,,,,,,,,,,,,,,,,,,,,,,,,,,,,,,,,,,,,,
35,0,0,9,5,3,-1,,,,-1,,,1,,,,1,,,,,,,,,1,,,,,,1,,,,,,0,,,,1,-1,,,,,,,,,,,,,,,,,,,,,,,,,,,,,,,,,,,,,,,,,,,,,,,,,,,,,,,,,,,,,,,,,,,,,,,,,,,,,,,,,,,,,,,,,,,,,,,,,,,,,,,,,,,,,,,,,,,,,,,,,,,,,,,
36,1,3,106,53,35,-1,1,1,1,1,1,-1,1,1,1,1,0,0,-1,1,1,1,1,1,1,0,1,1,0,1,1,1,-1,1,1,1,-1,-1,-1,1,-1,-1,-1,1,-1,1,,0,,,,,,,-1,,,1,-1,,,,-1,,1,-1,1,,-1,1,-1,,,,,-1,1,1,-1,,,0,1,0,0,-1,1,1,,0,,0,,,-1,,,-1,-1,,-1,0,1,,-1,1,,,0,1,1,1,1,1,1,-1,0,-1,-1,-1,,1,-1,,1,0,,0,,1,-1,1,-1,-1,-1,,,,,1,0,1,1,1,,0,1,-1,0,,1,,,,,,,,,,,,,,,,,,,
38,0,2,43,22,16,-1,1,-1,-1,-1,1,1,1,1,1,1,1,0,-1,1,0,0,1,1,1,1,-1,-1,-1,0,1,-1,-1,1,0,1,-1,-1,-1,-1,1,1,-1,-1,1,1,,,,,,,,,,,,1,1,,,,,,,,,,,,,,,,,,,,,,,,,,,,,,,,,,,,,,,,,,,,,,,,,,,,,,,,,,,,,,,,,,,,,,,,,,,,,,,,,,,,,,,,,,,,,,,,,,,,,,,,,,,,,,,
39,0,0,41,21,17,-1,1,1,1,-1,1,1,1,-1,1,1,1,0,1,1,-1,-1,1,1,1,1,1,-1,-1,1,-1,1,-1,-1,1,0,-1,-1,-1,0,1,1,-1,-1,-1,-1,,,,,,,,,,,,,,,,,,,,,,,,,,,,,,,,,,,,,,,,,,,,,,,,,,,,,,,,,,,,,,,,,,,,,,,,,,,,,,,,,,,,,,,,,,,,,,,,,,,,,,,,,,,,,,,,,,,,,,,,,,,,
40,1,1,42,21,14,-1,0,1,0,1,1,0,-1,1,1,1,0,-1,1,1,0,1,1,1,1,0,1,-1,1,1,1,1,-1,-1,1,1,-1,-1,-1,-1,-1,0,1,-1,-1,-1,,,,,,,,,,,,,,1,,,,,,,,,,,,,,,,,,,,,,,,,,,,,,,,,,,,,,,,,,,,,,,,,,,,,,,,,,,,,,,,,,,,,,,,,,,,,,,,,,,,,,,,,,,,,,,,,,,,,,,,,,,,,,
42,1,0,41,30,11,1,1,1,1,1,1,1,-1,1,1,1,1,1,1,1,1,1,1,1,1,1,1,1,1,1,1,1,-1,-1,-1,-1,1,-1,-1,1,-1,1,-1,-1,1,-1,,,,,,,,,,,,,,,,,,,,,,,,,,,,,,,,,,,,,,,,,,,,,,,,,,,,,,,,,,,,,,,,,,,,,,,,,,,,,,,,,,,,,,,,,,,,,,,,,,,,,,,,,,,,,,,,,,,,,,,,,,,,
43,1,0,21,15,6,-1,,1,1,1,,1,,,,-1,,1,1,,1,,1,,,1,,1,1,1,,,-1,,1,1,,,,-1,,,1,,-1,-1,,,,,,,,,,,,,,,,,,,,,,,,,,,,,,,,,,,,,,,,,,,,,,,,,,,,,,,,,,,,,,,,,,,,,,,,,,,,,,,,,,,,,,,,,,,,,,,,,,,,,,,,,,,,,,,,,,,,,,,,,,,,
44,0,3,41,19,20,-1,,-1,-1,-1,1,1,,1,1,,1,1,1,-1,0,1,1,-1,1,-1,-1,-1,-1,0,1,1,-1,-1,1,-1,-1,-1,-1,-1,1,1,-1,-1,1,-1,,,,,,,,,,,,,,,1,1,1,,,,,,,,,,,,,,,,,,,,,,,,,,,,,,,,,,,,,,,,,,,,,,,,,,,,,,,,,,,,,,,,,,,,,,,,,,,,,,,,,,,,,,,,,,,,,,,,,,,,,,,,,,,
45,0,0,41,18,18,-1,1,0,1,-1,0,1,1,1,1,1,1,1,1,-1,0,-1,1,1,1,-1,0,-1,-1,0,1,-1,-1,-1,1,1,-1,-1,-1,1,-1,-1,-1,1,-1,-1,,,,,,,,,,,,,,,,,,,,,,,,,,,,,,,,,,,,,,,,,,,,,,,,,,,,,,,,,,,,,,,,,,,,,,,,,,,,,,,,,,,,,,,,,,,,,,,,,,,,,,,,,,,,,,,,,,,,,,,,,,,,
46,0,0,41,18,16,-1,1,1,1,1,1,1,-1,-1,1,0,1,1,0,1,0,1,1,0,0,0,0,-1,-1,1,-1,1,-1,-1,-1,-1,1,-1,-1,1,-1,1,-1,-1,1,-1,,,,,,,,,,,,,,,,,,,,,,,,,,,,,,,,,,,,,,,,,,,,,,,,,,,,,,,,,,,,,,,,,,,,,,,,,,,,,,,,,,,,,,,,,,,,,,,,,,,,,,,,,,,,,,,,,,,,,,,,,,,,
47,0,0,41,12,13,-1,1,1,1,-1,-1,1,-1,1,1,1,1,1,1,-1,-1,-1,1,-1,1,-1,-1,-1,-1,-1,0,0,0,0,0,0,0,0,0,0,0,0,0,0,0,0,,,,,,,,,,,,,,,,,,,,,,,,,,,,,,,,,,,,,,,,,,,,,,,,,,,,,,,,,,,,,,,,,,,,,,,,,,,,,,,,,,,,,,,,,,,,,,,,,,,,,,,,,,,,,,,,,,,,,,,,,,,,
48,0,0,41,16,17,-1,0,1,0,0,1,1,0,1,1,1,1,1,1,-1,0,0,1,0,0,-1,-1,-1,-1,1,1,1,-1,-1,-1,1,-1,-1,1,-1,-1,-1,-1,1,-1,-1,,,,,,,,,,,,,,,,,,,,,,,,,,,,,,,,,,,,,,,,,,,,,,,,,,,,,,,,,,,,,,,,,,,,,,,,,,,,,,,,,,,,,,,,,,,,,,,,,,,,,,,,,,,,,,,,,,,,,,,,,,,,
51,0,0,41,18,19,-1,-1,1,0,0,1,1,1,1,1,1,1,1,1,-1,-1,0,1,1,1,0,-1,-1,-1,-1,1,-1,-1,1,-1,1,-1,-1,-1,-1,1,1,-1,-1,-1,-1,,,,,,,,,,,,,,,,,,,,,,,,,,,,,,,,,,,,,,,,,,,,,,,,,,,,,,,,,,,,,,,,,,,,,,,,,,,,,,,,,,,,,,,,,,,,,,,,,,,,,,,,,,,,,,,,,,,,,,,,,,,,
53,1,1,30,10,13,-1,-1,-1,-1,,0,1,1,1,-1,,,1,1,,0,-1,-1,-1,-1,1,-1,1,1,0,0,1,-1,,-1,,0,0,,,-1,,,,,0,,,,,,,,,,,,,,,,,,,1,,,,,,,,,,,,,,,,,,,,,,,,,,,,,,,,,,,,,,,,,,,,,,,,,,,,,,,,,,,,,,,,,,,,,,,,,,,,,,,,,,,,,,,,,,,,,,,,,,,,,,,,,
56,0,0,30,16,11,-1,1,,1,0,1,1,-1,1,1,1,0,,1,,-1,,1,1,,,-1,-1,1,0,,1,,-1,,-1,1,-1,-1,1,,1,-1,-1,1,,,,,,,,,,,,,,,,,,,,,,,,,,,,,,,,,,,,,,,,,,,,,,,,,,,,,,,,,,,,,,,,,,,,,,,,,,,,,,,,,,,,,,,,,,,,,,,,,,,,,,,,,,,,,,,,,,,,,,,,,,,,,
59,0,0,41,24,17,-1,1,1,1,-1,1,1,-1,1,1,1,1,1,1,1,-1,1,1,-1,1,1,1,-1,-1,1,1,1,-1,1,-1,1,-1,-1,-1,1,-1,-1,1,-1,-1,-1,,,,,,,,,,,,,,,,,,,,,,,,,,,,,,,,,,,,,,,,,,,,,,,,,,,,,,,,,,,,,,,,,,,,,,,,,,,,,,,,,,,,,,,,,,,,,,,,,,,,,,,,,,,,,,,,,,,,,,,,,,,,
60,0,0,8,3,5,-1,,,1,,,,,1,,,,,,,,,,1,,,,,,,,,,,-1,,-1,,,,,,-1,-1,,,,,,,,,,,,,,,,,,,,,,,,,,,,,,,,,,,,,,,,,,,,,,,,,,,,,,,,,,,,,,,,,,,,,,,,,,,,,,,,,,,,,,,,,,,,,,,,,,,,,,,,,,,,,,,,,,,,,,,,,,,,,,
62,0,1,51,25,26,-1,1,,-1,-1,-1,1,1,1,1,1,-1,1,1,-1,-1,-1,1,-1,-1,-1,-1,-1,1,-1,-1,1,1,-1,1,1,-1,-1,-1,1,-1,-1,1,1,1,-1,,1,,,,,,,1,,,1,-1,,,,1,,1,-1,1,,-1,,,,,,,,,,-1,,,,,,,,,,,,,,,,,1,,,,,,,,,,,,,,,,,,,,,,,,,,,,,,,,,,,,,,,,,,,,,,,,,,,,,,,,,,,,,,,,,,,,,,,,,,
63,0,0,41,16,17,0,1,-1,0,0,1,1,-1,1,1,1,1,1,0,0,1,-1,1,0,1,0,1,-1,-1,0,1,-1,-1,-1,-1,-1,1,-1,-1,1,-1,-1,-1,1,-1,-1,,,,,,,,,,,,,,,,,,,,,,,,,,,,,,,,,,,,,,,,,,,,,,,,,,,,,,,,,,,,,,,,,,,,,,,,,,,,,,,,,,,,,,,,,,,,,,,,,,,,,,,,,,,,,,,,,,,,,,,,,,,,
64,0,0,41,20,13,-1,1,1,0,1,1,1,1,0,1,1,1,1,1,0,0,0,1,1,1,0,-1,-1,-1,1,-1,0,1,0,-1,-1,1,-1,1,-1,-1,-1,1,-1,-1,1,,,,,,,,,,,,,,,,,,,,,,,,,,,,,,,,,,,,,,,,,,,,,,,,,,,,,,,,,,,,,,,,,,,,,,,,,,,,,,,,,,,,,,,,,,,,,,,,,,,,,,,,,,,,,,,,,,,,,,,,,,,,
65,0,1,42,19,16,0,1,-1,-1,0,1,1,1,1,1,1,1,1,1,1,0,1,1,0,-1,0,-1,-1,0,0,1,-1,-1,-1,-1,-1,1,-1,1,-1,-1,1,-1,-1,-1,1,,,,,,,,,,,,,,,,,,,,1,,,,,,,,,,,,,,,,,,,,,,,,,,,,,,,,,,,,,,,,,,,,,,,,,,,,,,,,,,,,,,,,,,,,,,,,,,,,,,,,,,,,,,,,,,,,,,,,,,,,,,,,
67,0,1,42,29,12,-1,1,1,1,1,1,1,-1,1,1,1,1,1,1,-1,1,1,1,1,1,1,1,0,-1,1,1,1,-1,1,-1,1,-1,-1,-1,1,-1,-1,-1,1,1,1,,,,,,,,,,,,,,,,,,,,,1,,,,,,,,,,,,,,,,,,,,,,,,,,,,,,,,,,,,,,,,,,,,,,,,,,,,,,,,,,,,,,,,,,,,,,,,,,,,,,,,,,,,,,,,,,,,,,,,,,,,,,,
69,0,1,7,4,3,-1,,,,,,,,,,,,,,,,-1,,,,,1,,,,,,,1,,,,,,1,,-1,,,,,,,,,,,,,,,,,,,,,,,,,,1,,,,,,,,,,,,,,,,,,,,,,,,,,,,,,,,,,,,,,,,,,,,,,,,,,,,,,,,,,,,,,,,,,,,,,,,,,,,,,,,,,,,,,,,,,,,,,,,,,,,,,
70,0,1,42,16,25,-1,-1,-1,1,-1,-1,1,1,1,1,1,-1,0,1,-1,1,-1,1,-1,1,-1,-1,-1,-1,-1,-1,1,-1,-1,-1,-1,1,-1,-1,1,-1,-1,1,-1,-1,1,,,,,,,,,,,,,,,,,,,,,,,1,,,,,,,,,,,,,,,,,,,,,,,,,,,,,,,,,,,,,,,,,,,,,,,,,,,,,,,,,,,,,,,,,,,,,,,,,,,,,,,,,,,,,,,,,,,,,,,,,,,,,
71,0,0,41,20,19,-1,1,-1,1,1,1,1,1,-1,1,1,0,1,1,-1,0,1,1,-1,1,-1,1,-1,-1,1,1,1,-1,1,-1,1,-1,-1,-1,-1,-1,1,-1,-1,-1,-1,,,,,,,,,,,,,,,,,,,,,,,,,,,,,,,,,,,,,,,,,,,,,,,,,,,,,,,,,,,,,,,,,,,,,,,,,,,,,,,,,,,,,,,,,,,,,,,,,,,,,,,,,,,,,,,,,,,,,,,,,,,,
72,0,8,122,65,42,-1,-1,-1,1,-1,1,1,1,1,1,1,1,1,1,-1,1,-1,1,-1,1,-1,-1,-1,-1,1,1,1,-1,-1,-1,-1,1,-1,-1,-1,1,1,-1,-1,0,-1,,1,,,,,,,-1,,,1,1,,,,1,,1,-1,1,,-1,1,0,,,,,-1,-1,1,-1,,,0,0,-1,0,-1,-1,1,,1,,1,,,1,,,1,1,,1,1,1,,1,1,,,1,1,1,1,1,1,1,1,1,0,1,0,,1,0,,1,-1,,1,,1,0,-1,-1,-1,-1,,,,,1,-1,1,1,1,,0,-1,-1,1,1,,,-1,1,0,0,1,1,0,-1,0,1,0,1,1,,,-1,-1,1
74,0,1,44,19,21,-1,1,-1,0,-1,1,1,-1,1,1,1,1,1,1,-1,-1,0,1,0,1,-1,-1,-1,-1,-1,1,1,-1,1,-1,1,-1,-1,-1,-1,1,1,-1,-1,-1,-1,,0,,,,,,,1,,,,,,,,,,,,,,,1,,,,,,,,,,,,,,,,,,,,,,,,,,,,,,,,,,,,,,,,,,,,,,,,,,,,,,,,,,,,,,,,,,,,,,,,,,,,,,,,,,,,,,,,,,,,,,,,,,,,
75,0,0,8,4,2,-1,,0,0,,,,,,1,,,,,,1,1,,,,,,,,,,,,,,,,,,-1,1,,,,,,,,,,,,,,,,,,,,,,,,,,,,,,,,,,,,,,,,,,,,,,,,,,,,,,,,,,,,,,,,,,,,,,,,,,,,,,,,,,,,,,,,,,,,,,,,,,,,,,,,,,,,,,,,,,,,,,,,,,,,,,,,,
76,0,0,69,36,24,-1,0,0,0,0,1,1,1,1,1,1,0,1,1,-1,1,1,1,0,1,-1,-1,-1,-1,1,1,-1,-1,1,-1,-1,-1,-1,-1,-1,1,-1,1,-1,-1,-1,,1,,,,,,,1,,,1,1,,,,,,1,-1,,,1,,1,,,,,-1,,1,,,,,,-1,,1,1,,,,,,,,,,,,1,,-1,,1,,-1,,,,,,1,0,1,0,,1,0,,1,,,,1,,,,,,,,,,,,,,,,,,,,,,,,,,,,,,1,,,1,,,,,,-1,,,,,,,,
77,0,0,31,17,12,-1,-1,1,,1,,1,,1,,1,1,1,1,,,1,1,0,1,,-1,-1,,,1,-1,-1,1,-1,,-1,-1,-1,1,-1,,-1,1,1,,,0,,,,,,,1,,,,,,,,,,,,,,,,,,,,,,,,,,,,,,,,,,,,,,,,,,,,,,,,,,,,,,,,,,,,,,,,,,,,,,,,,,,,,,,,,,,,,,,,,,,,,,,,,,,,,,,,,,,,,,,,,,,
79,0,1,44,18,16,-1,1,0,0,-1,1,1,-1,1,1,1,1,1,1,-1,0,0,1,0,-1,1,-1,-1,-1,0,1,-1,-1,1,-1,1,-1,0,-1,1,-1,0,0,0,1,-1,,-1,,,,,,,1,,,,,,,,,,,,,,,,1,,,,,,,,,,,,,,,,,,,,,,,,,,,,,,,,,,,,,,,,,,,,,,,,,,,,,,,,,,,,,,,,,,,,,,,,,,,,,,,,,,,,,,,,,,,,,,,,,,,
80,0,0,43,19,17,-1,1,0,0,0,1,1,1,1,1,1,1,1,1,-1,0,0,1,0,1,-1,-1,-1,-1,0,1,1,-1,1,-1,-1,-1,-1,-1,1,-1,-1,-1,1,-1,-1,,1,,,,,,,1,,,,,,,,,,,,,,,,,,,,,,,,,,,,,,,,,,,,,,,,,,,,,,,,,,,,,,,,,,,,,,,,,,,,,,,,,,,,,,,,,,,,,,,,,,,,,,,,,,,,,,,,,,,,,,,,,,,
81,0,0,43,17,18,-1,0,1,1,-1,1,1,-1,1,1,0,1,0,1,0,-1,1,1,1,0,-1,-1,-1,-1,0,1,1,-1,-1,-1,-1,1,-1,-1,1,-1,-1,1,-1,1,-1,,0,,,,,,,0,,,,,,,,,,,,,,,,,,,,,,,,,,,,,,,,,,,,,,,,,,,,,,,,,,,,,,,,,,,,,,,,,,,,,,,,,,,,,,,,,,,,,,,,,,,,,,,,,,,,,,,,,,,,,,,,,,,
82,0,0,43,19,21,-1,-1,-1,-1,-1,0,1,0,1,1,1,-1,1,1,1,1,1,1,0,1,-1,-1,-1,-1,1,1,-1,-1,-1,1,-1,-1,-1,-1,1,-1,-1,-1,1,1,1,,1,,,,,,,-1,,,,,,,,,,,,,,,,,,,,,,,,,,,,,,,,,,,,,,,,,,,,,,,,,,,,,,,,,,,,,,,,,,,,,,,,,,,,,,,,,,,,,,,,,,,,,,,,,,,,,,,,,,,,,,,,,,,
84,0,0,43,24,16,-1,1,-1,-1,-1,1,1,1,1,1,1,1,1,1,1,0,0,1,1,1,-1,1,1,-1,0,1,1,-1,-1,1,-1,-1,-1,-1,1,-1,-1,-1,1,-1,1,,1,,,,,,,1,,,,,,,,,,,,,,,,,,,,,,,,,,,,,,,,,,,,,,,,,,,,,,,,,,,,,,,,,,,,,,,,,,,,,,,,,,,,,,,,,,,,,,,,,,,,,,,,,,,,,,,,,,,,,,,,,,,
90,0,0,50,36,14,-1,1,1,1,1,1,1,1,1,1,-1,1,1,1,1,1,1,1,1,1,-1,-1,-1,-1,1,1,1,-1,1,-1,1,-1,-1,-1,1,-1,-1,1,1,1,1,,-1,,,,,,,1,,,1,1,,,,1,,1,1,1,,1,,,,,,,,,,,,,,,,,,,,,,,,,,,,,,,,,,,,,,,,,,,,,,,,,,,,,,,,,,,,,,,,,,,,,,,,,,,,,,,,,,,,,,,,,,,,,,,,,,,,,
92,0,0,50,25,20,-1,0,1,1,0,0,1,-1,1,1,1,1,1,1,-1,-1,1,1,-1,1,-1,-1,1,-1,0,-1,-1,1,1,-1,1,-1,-1,-1,-1,1,1,-1,-1,-1,-1,,1,,,,,,,1,,,1,1,,,,1,,-1,0,1,,1,,,,,,,,,,,,,,,,,,,,,,,,,,,,,,,,,,,,,,,,,,,,,,,,,,,,,,,,,,,,,,,,,,,,,,,,,,,,,,,,,,,,,,,,,,,,,,,,,,,,,
96,0,0,50,24,18,-1,1,0,1,0,1,1,-1,1,1,0,0,1,1,-1,0,1,1,-1,1,0,-1,-1,-1,0,1,1,-1,-1,-1,1,-1,-1,-1,-1,1,1,-1,-1,1,-1,,0,,,,,,,1,,,1,1,,,,1,,-1,1,1,,1,,,,,,,,,,,,,,,,,,,,,,,,,,,,,,,,,,,,,,,,,,,,,,,,,,,,,,,,,,,,,,,,,,,,,,,,,,,,,,,,,,,,,,,,,,,,,,,,,,,,,
98,0,2,43,12,21,-1,0,0,0,-1,1,1,-1,0,-1,-1,-1,1,1,-1,,-1,1,-1,-1,-1,,-1,-1,,,1,0,,0,,-1,0,-1,-1,,1,0,0,,-1,,-1,,,,,,,1,,,1,-1,,,,0,,-1,,-1,,1,,,,,,1,1,,,,,,,,,,,,,,,,,,,,,,,,,,,,,,,,,,,,,,,,,,,,,,,,,,,,,,,,,,,,,,,,,,,,,,,,,,,,,,,,,,,,,,,,,,,,,,
99,1,1,51,26,22,-1,1,1,1,-1,1,1,1,1,1,1,1,1,-1,1,0,0,1,-1,1,-1,1,-1,-1,1,1,-1,-1,1,-1,1,-1,-1,-1,1,-1,-1,1,-1,-1,-1,,1,,,,,,,1,,,-1,-1,,,,1,,1,-1,0,,-1,,,,,,,,1,,,,,,,,,,,,,,,,,,,,,,,,,,,,,,,,,,,,,,,,,,,,,,,,,,,,,,,,,,,,,,,,,,,,,,,,,,,,,,,,,,,,,,,,,,,,,
100,0,0,118,75,23,-1,1,,0,0,1,1,-1,1,1,1,0,1,1,-1,0,0,1,0,1,0,-1,-1,-1,1,-1,-1,1,1,-1,1,-1,-1,-1,-1,1,-1,1,-1,-1,-1,,1,,,,,,,1,,,1,1,,,,1,,1,1,1,,0,1,1,,,,,0,1,1,-1,,,1,1,1,1,1,1,1,,0,,-1,,,1,,,1,1,,-1,0,1,,-1,1,,,1,1,1,1,0,1,1,1,1,0,0,1,,1,1,,1,1,,1,,1,0,1,1,1,0,,,,,1,1,1,1,1,,1,1,0,1,0,,,1,1,1,1,1,1,0,1,-1,-1,0,1,1,,,,,
102,0,0,50,24,20,-1,0,1,1,-1,1,1,-1,1,1,1,1,1,1,-1,0,0,1,0,1,0,-1,-1,-1,1,-1,1,1,-1,1,-1,-1,-1,-1,1,-1,-1,1,-1,-1,-1,,1,,,,,,,1,,,0,1,,,,-1,,1,-1,1,,1,,,,,,,,,,,,,,,,,,,,,,,,,,,,,,,,,,,,,,,,,,,,,,,,,,,,,,,,,,,,,,,,,,,,,,,,,,,,,,,,,,,,,,,,,,,,,,,,,,,,,
105,0,0,50,31,17,-1,1,1,-1,1,1,1,1,1,1,1,1,0,1,-1,1,1,1,1,1,-1,-1,-1,-1,1,1,1,-1,-1,1,1,-1,-1,0,1,-1,-1,1,-1,-1,-1,,1,,,,,,,1,,,1,1,,,,1,,1,-1,1,,1,,,,,,,,,,,,,,,,,,,,,,,,,,,,,,,,,,,,,,,,,,,,,,,,,,,,,,,,,,,,,,,,,,,,,,,,,,,,,,,,,,,,,,,,,,,,,,,,,,,,,
107,0,0,50,22,14,-1,1,0,0,0,1,1,0,1,1,0,0,1,1,0,0,1,1,-1,1,0,-1,0,1,1,1,1,-1,-1,-1,-1,1,-1,-1,1,-1,1,-1,-1,-1,-1,,0,,,,,,,1,,,0,1,,,,1,,1,1,0,,0,,,,,,,,,,,,,,,,,,,,,,,,,,,,,,,,,,,,,,,,,,,,,,,,,,,,,,,,,,,,,,,,,,,,,,,,,,,,,,,,,,,,,,,,,,,,,,,,,,,,,
108,0,0,50,21,29,-1,1,-1,1,-1,1,1,-1,1,1,1,1,1,1,-1,1,-1,1,-1,-1,-1,-1,-1,-1,1,-1,-1,1,-1,-1,-1,1,-1,-1,-1,1,1,-1,-1,-1,-1,,1,,,,,,,-1,,,-1,-1,,,,1,,-1,-1,1,,1,,,,,,,,,,,,,,,,,,,,,,,,,,,,,,,,,,,,,,,,,,,,,,,,,,,,,,,,,,,,,,,,,,,,,,,,,,,,,,,,,,,,,,,,,,,,,,,,,,,,,
109,0,0,50,27,13,-1,0,1,1,1,1,1,1,1,1,0,0,1,1,0,0,0,1,1,1,0,-1,-1,-1,0,1,1,-1,1,-1,1,-1,-1,-1,1,-1,-1,-1,1,-1,1,,0,,,,,,,1,,,1,1,,,,1,,0,1,1,,1,,,,,,,,,,,,,,,,,,,,,,,,,,,,,,,,,,,,,,,,,,,,,,,,,,,,,,,,,,,,,,,,,,,,,,,,,,,,,,,,,,,,,,,,,,,,,,,,,,,,,
1,0,0,25,11,14,,-1,,,,1,,1,,1,1,1,1,,-1,1,-1,1,-1,,,,-1,-1,1,1,-1,-1,1,-1,-1,,,,,,-1,,-1,-1,-1,,,,,,,,,,,,,,,,,,,,,,,,,,,,,,,,,,,,,,,,,,,,,,,,,,,,,,,,,,,,,,,,,,,,,,,,,,,,,,,,,,,,,,,,,,,,,,,,,,,,,,,,,,,,,,,,,,,,,,,,,,,,
30,0,0,4,1,2,,-1,-1,,,0,,1,,,,,,,,,,,,,,,,,,,,,,,,,,,,,,,,,,,,,,,,,,,,,,,,,,,,,,,,,,,,,,,,,,,,,,,,,,,,,,,,,,,,,,,,,,,,,,,,,,,,,,,,,,,,,,,,,,,,,,,,,,,,,,,,,,,,,,,,,,,,,,,,,,,,,,,,,,,,,
83,0,0,37,10,5,,1,0,0,-1,0,1,1,1,1,1,1,,,-1,0,1,1,0,0,-1,,-1,-1,0,0,0,0,0,0,0,0,0,0,0,0,,,0,0,0,,1,,,,,,,0,,,,,,,,,,,,,,,,,,,,,,,,,,,,,,,,,,,,,,,,,,,,,,,,,,,,,,,,,,,,,,,,,,,,,,,,,,,,,,,,,,,,,,,,,,,,,,,,,,,,,,,,,,,,,,,,,,,
94,0,0,32,21,10,,1,-1,-1,1,1,1,-1,,1,,,1,1,,,,1,1,1,,0,,-1,,1,1,-1,-1,,,,-1,-1,1,,-1,1,-1,,1,,1,,,,,,,1,,,,1,,,,1,,,1,,,1,,,,,,,,,,,,,,,,,,,,,,,,,,,,,,,,,,,,,,,,,,,,,,,,,,,,,,,,,,,,,,,,,,,,,,,,,,,,,,,,,,,,,,,,,,,,,,,,,,,,,
106,0,0,22,10,9,,1,,-1,-1,,,,1,-1,,,1,1,,-1,1,1,-1,,,-1,,,-1,1,,,0,,,,0,,,,,,,,-1,,1,,,,,,,,,,1,,,,,0,,-1,,,,1,,,,,,,,,,,,,,,,,,,,,,,,,,,,,,,,,,,,,,,,,,,,,,,,,,,,,,,,,,,,,,,,,,,,,,,,,,,,,,,,,,,,,,,,,,,,,,,,,,,,,
111,0,0,44,26,18,,1,,,,1,1,1,1,1,1,1,1,1,-1,-1,1,1,1,1,-1,-1,-1,-1,1,1,-1,-1,-1,-1,,-1,-1,,1,-1,-1,-1,1,1,-1,,1,,,,,,,1,,,1,1,,,,-1,,,1,1,,1,,,,,,,,,,-1,,,,,,,,,,,,,,,,,,,,,,,,,,,,,,,,,,,,,,,,,,,,,,,,,,,,,,,,,,,,,,,,,,,,,,,,,,,,,,,,,,,,,,,,,,,
112,0,7,56,33,16,,1,,1,1,1,1,-1,1,0,1,1,1,1,-1,-1,1,0,0,0,1,-1,-1,0,1,1,-1,-1,1,-1,1,-1,-1,-1,-1,1,1,-1,-1,1,1,,1,,,,,,,1,,,1,1,,,,0,,1,0,1,,-1,,,,,,,,,,-1,,,1,1,,1,1,,,,1,,,,1,1,,,,,,,,,,,,,,,,,,,,,,,,,,,,,,,,,,,,,,,,,,,,,,,,,,,,,,,,,,,,,,,,,,,,,,,,,,,
113,1,3,52,23,21,,1,,1,1,1,0,1,-1,-1,-1,-1,-1,-1,1,1,0,-1,0,0,1,1,-1,1,1,1,1,-1,-1,1,1,-1,-1,-1,1,1,-1,1,-1,1,-1,,0,,,,,,,-1,,,-1,0,,,,-1,,-1,0,1,,-1,,,,,,,,,,0,,,,,1,,,,1,,,,1,,,,,,,,,,,,,,,,,,,,,,,,,,,,,,,,,,,,,,,,,,,,,,,,,,,,,,,,,,,,,,,,,,,,,,,,,,,,,,
114,1,4,53,32,20,,1,,1,1,1,-1,1,-1,-1,-1,1,-1,-1,1,-1,1,1,1,1,1,1,1,1,1,1,1,-1,-1,1,-1,1,-1,-1,-1,1,1,1,-1,1,-1,,0,,,,,,,-1,,,-1,1,,,,-1,,-1,1,1,,-1,,,,,,,,,,1,,,,,,,,1,,1,,1,,1,,,,,,,,,,,,,,,,,,,,,,,,,,,,,,,,,,,,,,,,,,,,,,,,,,,,,,,,,,,,,,,,,,,,,,,,,,,,,
115,1,0,19,11,5,,1,,,1,1,-1,,,,,,1,,,,-1,,,-1,,1,,,1,1,,,,,,,,,1,,,1,,-1,,,,,,,,,,0,,,,0,,,,-1,,1,,0,,1,,,,,,,,,,,,,,,,,,,,,,,,,,,,,,,,,,,,,,,,,,,,,,,,,,,,,,,,,,,,,,,,,,,,,,,,,,,,,,,,,,,,,,,,,,,,,,,,,,,,,
117,0,0,31,17,10,,1,,1,,1,1,1,1,,1,0,1,1,-1,0,0,1,,,,,-1,,,,1,,,-1,-1,,-1,-1,1,-1,,-1,,,,,,,,,,,,1,,,-1,,,,,1,,1,0,1,,1,,,,,,,,,,-1,,,,,,,,,,,,,,,,,,,,,,,,,,,,,,,,,,,,,,,,,,,,,,,,,,,,,,,,,,,,,,,,,,,,,,,,,,,,,,,,,,,,,,,,,,,
119,0,0,49,26,17,,1,,1,1,1,1,1,1,1,1,-1,1,-1,1,1,1,1,-1,1,0,1,-1,-1,0,1,-1,-1,-1,-1,0,1,-1,1,-1,-1,1,1,-1,-1,-1,,1,,,,,,,1,,,0,0,,,,1,,1,-1,0,,1,,,,,,,,,,-1,,,,,,,,,,,,,,,,,,,,,,,,,,,,,,,,,,,,,,,,,,,,,,,,,,,,,,,,,,,,,,,,,,,,,,,,,,,,,,,,,,,,,,,,,,,
120,1,0,48,23,23,,1,,1,1,1,1,,1,1,-1,-1,1,0,-1,1,-1,1,-1,-1,-1,1,-1,1,1,1,1,-1,0,-1,1,-1,-1,-1,1,-1,-1,-1,1,-1,-1,,1,,,,,,,-1,,,1,-1,,,,-1,,1,-1,1,,1,,,,,,,,,,-1,,,,,,,,,,,,,,,,,,,,,,,,,,,,,,,,,,,,,,,,,,,,,,,,,,,,,,,,,,,,,,,,,,,,,,,,,,,,,,,,,,,,,,,,,,,
121,0,1,9,3,2,,0,,,,,,,,,,,,1,,,,1,,,,-1,-1,,,,,,,,,,,,,,0,,,0,,,,,,,,,,,,,,,,,,,,0,,,,,,,,,,,,,,,,,,,,,,,,,,,,,,,,1,,,,,,,,,,,,,,,,,,,,,,,,,,,,,,,,,,,,,,,,,,,,,,,,,,,,,,,,,,,,,,,,,,,,,,,,,
122,0,0,26,16,10,,1,,1,,,,1,,1,,,,1,-1,,,1,1,1,1,,-1,-1,1,,1,,-1,,-1,1,-1,,1,-1,1,,,,-1,,1,,,,,,,,,,,,,,,,,,-1,1,,,,,,,,,,,,-1,,,,,,,,,,,,,,,,,,,,,,,,,,,,,,,,,,,,,,,,,,,,,,,,,,,,,,,,,,,,,,,,,,,,,,,,,,,,,,,,,,,,,,,,,,,
123,0,0,48,30,13,,1,,,1,1,1,-1,1,1,1,1,1,1,1,1,0,1,1,1,1,1,0,1,1,0,-1,-1,-1,-1,1,0,-1,1,-1,-1,1,-1,-1,-1,-1,,1,,,,,,,1,,,1,1,,,,1,,1,1,1,,0,,,,,,,,,,-1,,,,,,,,,,,,,,,,,,,,,,,,,,,,,,,,,,,,,,,,,,,,,,,,,,,,,,,,,,,,,,,,,,,,,,,,,,,,,,,,,,,,,,,,,,,
124,0,0,49,21,14,,1,,0,0,1,1,1,1,0,0,1,1,1,0,0,0,1,0,1,0,-1,0,0,1,1,1,-1,-1,-1,-1,1,-1,1,-1,-1,1,-1,-1,-1,-1,,1,,,,,,,0,,,1,0,,,,1,,1,0,1,,-1,,,,,,,,,,-1,,,,,,,,,,,,,,,,,,,,,,,,,,,,,,,,,,,,,,,,,,,,,,,,,,,,,,,,,,,,,,,,,,,,,,,,,,,,,,,,,,,,,,,,,,,
125,0,0,49,29,20,,1,,1,-1,1,1,-1,1,1,-1,1,1,1,-1,-1,1,1,1,1,-1,-1,-1,-1,1,1,1,-1,-1,-1,-1,1,-1,-1,1,-1,1,-1,-1,1,-1,,1,,,,,,,1,,,1,1,,,,1,,1,1,1,,1,,,,,,,,,,-1,,,,,,,,,,,,,,,,,,,,,,,,,,,,,,,,,,,,,,,,,,,,,,,,,,,,,,,,,,,,,,,,,,,,,,,,,,,,,,,,,,,,,,,,,,,
127,0,0,49,27,18,,1,,-1,1,1,1,-1,1,1,1,0,-1,1,0,1,1,1,0,1,1,-1,1,-1,1,1,1,-1,1,1,1,-1,-1,-1,1,-1,-1,-1,1,1,-1,,-1,,,,,,,1,,,0,1,,,,-1,,-1,-1,1,,1,,,,,,,,,,-1,,,,,,,,,,,,,,,,,,,,,,,,,,,,,,,,,,,,,,,,,,,,,,,,,,,,,,,,,,,,,,,,,,,,,,,,,,,,,,,,,,,,,,,,,,,
128,0,1,50,27,23,,1,,-1,1,1,1,-1,1,-1,-1,1,1,1,1,1,1,1,-1,-1,-1,-1,-1,-1,1,-1,-1,1,1,-1,1,-1,-1,-1,1,-1,-1,-1,1,1,-1,,1,,,,,,,1,,,-1,-1,,,,1,,1,1,1,,1,,,,,,,,,,-1,,,,,,,,,,,,,,,,,,,1,,,,,,,,,,,,,,,,,,,,,,,,,,,,,,,,,,,,,,,,,,,,,,,,,,,,,,,,,,,,,,,,,,,,,,,,
129,0,0,49,28,14,,1,,0,1,1,1,1,1,1,1,1,1,1,0,0,0,1,-1,1,0,1,-1,0,1,1,-1,-1,-1,-1,1,1,-1,-1,1,-1,-1,-1,1,-1,-1,,1,,,,,,,1,,,1,1,,,,1,,1,1,1,,0,,,,,,,,,,-1,,,,,,,,,,,,,,,,,,,,,,,,,,,,,,,,,,,,,,,,,,,,,,,,,,,,,,,,,,,,,,,,,,,,,,,,,,,,,,,,,,,,,,,,,,,
130,0,0,49,22,26,,1,,1,-1,1,1,1,1,1,-1,-1,1,1,-1,-1,-1,1,-1,1,-1,-1,-1,-1,1,1,1,-1,-1,-1,-1,-1,-1,1,-1,-1,-1,-1,0,-1,-1,,1,,,,,,,1,,,-1,1,,,,1,,1,-1,1,,1,,,,,,,,,,-1,,,,,,,,,,,,,,,,,,,,,,,,,,,,,,,,,,,,,,,,,,,,,,,,,,,,,,,,,,,,,,,,,,,,,,,,,,,,,,,,,,,,,,,,,,,
131,1,0,43,26,16,,1,,1,1,1,1,-1,1,,1,-1,1,-1,1,1,1,,1,,0,1,-1,1,1,1,-1,-1,1,-1,1,-1,-1,-1,1,-1,1,-1,,-1,,,-1,,,,,,,1,,,1,1,,,,-1,,1,1,1,,-1,,,,,,,,,,,,,,,,,,,,,,,,,,,,,,,,,,,,,,,,,,,,,,,,,,,,,,,,,,,,,,,,,,,,,,,,,,,,,,,,,,,,,,,,,,,,,,,,,,,,,
132,1,0,49,22,27,,1,,-1,1,1,1,1,-1,-1,1,1,-1,-1,1,1,1,-1,-1,1,1,1,1,1,1,1,-1,-1,-1,-1,-1,1,-1,1,-1,-1,-1,-1,1,-1,-1,,1,,,,,,,-1,,,-1,-1,,,,-1,,-1,-1,1,,-1,,,,,,,,,,-1,,,,,,,,,,,,,,,,,,,,,,,,,,,,,,,,,,,,,,,,,,,,,,,,,,,,,,,,,,,,,,,,,,,,,,,,,,,,,,,,,,,,,,,,,,,
135,1,0,21,10,6,,0,,,,1,1,,-1,1,,,-1,,,0,,,,,,1,,,0,1,1,,,-1,1,-1,,1,,,,,,,-1,,,,,,,,,,,,,0,,,,,,0,1,1,,-1,,,,,,,,,,,,,,,,,,,,,,,,,,,,,,,,,,,,,,,,,,,,,,,,,,,,,,,,,,,,,,,,,,,,,,,,,,,,,,,,,,,,,,,,,,,,,,,,,,,,,
136,0,0,12,5,7,,-1,,,,,,-1,,1,,,,1,,,,,,,,,,-1,,,,,,,,,-1,1,,-1,,-1,,-1,,,,,,,,,,1,,,,,,,,,,,1,,,,,,,,,,,,,,,,,,,,,,,,,,,,,,,,,,,,,,,,,,,,,,,,,,,,,,,,,,,,,,,,,,,,,,,,,,,,,,,,,,,,,,,,,,,,,,,,,,,,,,,,
137,0,0,49,31,17,,1,,1,1,1,1,-1,1,1,1,1,1,1,1,0,1,1,-1,1,-1,1,-1,-1,1,1,1,-1,-1,-1,-1,1,-1,1,-1,-1,-1,1,-1,-1,-1,,1,,,,,,,1,,,1,1,,,,1,,1,1,1,,1,,,,,,,,,,-1,,,,,,,,,,,,,,,,,,,,,,,,,,,,,,,,,,,,,,,,,,,,,,,,,,,,,,,,,,,,,,,,,,,,,,,,,,,,,,,,,,,,,,,,,,,
138,0,0,49,18,16,,0,,0,0,-1,1,-1,1,1,1,0,1,0,-1,1,0,1,0,0,-1,0,0,-1,1,-1,-1,1,1,-1,1,-1,-1,-1,1,-1,-1,0,0,1,-1,,1,,,,,,,1,,,0,-1,,,,0,,1,0,1,,1,,,,,,,,,,-1,,,,,,,,,,,,,,,,,,,,,,,,,,,,,,,,,,,,,,,,,,,,,,,,,,,,,,,,,,,,,,,,,,,,,,,,,,,,,,,,,,,,,,,,,,,
140,0,0,49,24,18,,-1,,-1,0,1,1,1,1,-1,1,1,1,1,1,0,1,1,1,1,0,-1,0,0,0,1,1,-1,1,-1,1,-1,-1,1,-1,-1,-1,1,-1,-1,-1,,-1,,,,,,,-1,,,1,-1,,,,1,,0,1,1,,1,,,,,,,,,,-1,,,,,,,,,,,,,,,,,,,,,,,,,,,,,,,,,,,,,,,,,,,,,,,,,,,,,,,,,,,,,,,,,,,,,,,,,,,,,,,,,,,,,,,,,,,
141,0,0,27,17,6,,1,,1,1,,,1,1,,1,1,,1,,0,,,0,,0,,,,,,1,,,-1,-1,1,0,-1,1,,-1,1,-1,1,-1,,,,,,,,,,,,1,,,,,1,,1,1,,,,,,,,,,,,,,,,,,,,,,,,,,,,,,,,,,,,,,,,,,,,,,,,,,,,,,,,,,,,,,,,,,,,,,,,,,,,,,,,,,,,,,,,,,,,,,,,,,,,,,,,
142,0,0,49,22,27,,1,,1,-1,1,1,-1,-1,-1,1,-1,1,1,1,-1,-1,1,-1,-1,-1,1,-1,-1,1,1,1,-1,-1,-1,-1,1,-1,-1,1,-1,-1,1,-1,-1,-1,,1,,,,,,,1,,,-1,-1,,,,1,,1,-1,1,,1,,,,,,,,,,-1,,,,,,,,,,,,,,,,,,,,,,,,,,,,,,,,,,,,,,,,,,,,,,,,,,,,,,,,,,,,,,,,,,,,,,,,,,,,,,,,,,,,,,,,,,,
143,0,0,52,23,24,,-1,,-1,-1,1,1,0,1,1,1,-1,1,1,0,,-1,1,0,-1,-1,1,-1,1,-1,1,-1,-1,-1,-1,1,-1,-1,-1,1,-1,1,-1,-1,-1,-1,,1,,,,,,,1,,,-1,0,,,,1,,1,0,1,,1,1,,,,,,1,1,-1,-1,,,,,,,,,,,,,,,,,,,,,,,,,,,,,,,,,,,,,,,,,,,,,,,,,,,,,,,,,,,,,,,,,,,,,,,,,,,,,,,,,,,,,,,,,,,
144,1,0,54,18,36,,1,,1,1,1,-1,1,-1,-1,-1,-1,-1,-1,1,-1,-1,-1,-1,1,1,1,1,1,-1,1,-1,-1,-1,-1,-1,1,-1,1,-1,-1,1,-1,-1,-1,-1,,-1,,,,,,,-1,,,-1,-1,,,,1,,-1,-1,-1,,-1,1,-1,,,,,-1,1,-1,-1,,,,,,,,,,,,,,,,,,,,,,,,,,,,,,,,,,,,,,,,,,,,,,,,,,,,,,,,,,,,,,,,,,,,,,,,,,,,,,,,,,,,,,,,,,,
145,0,0,54,35,19,,1,,1,1,1,1,-1,-1,1,1,-1,1,1,1,1,1,1,-1,1,1,1,-1,-1,1,1,-1,-1,1,-1,1,-1,-1,-1,1,-1,-1,-1,1,1,-1,,1,,,,,,,1,,,-1,-1,,,,1,,1,1,1,,1,1,1,,,,,1,1,1,-1,,,,,,,,,,,,,,,,,,,,,,,,,,,,,,,,,,,,,,,,,,,,,,,,,,,,,,,,,,,,,,,,,,,,,,,,,,,,,,,,,,,,,,,,,,,
147,0,0,54,29,25,,1,,1,-1,1,1,-1,1,-1,1,-1,1,1,1,1,-1,1,-1,1,-1,-1,1,-1,1,1,-1,-1,1,-1,-1,-1,-1,-1,1,-1,-1,1,-1,-1,1,,-1,,,,,,,-1,,,-1,1,,,,1,,1,-1,1,,1,1,1,,,,,1,1,1,-1,,,,,,,,,,,,,,,,,,,,,,,,,,,,,,,,,,,,,,,,,,,,,,,,,,,,,,,,,,,,,,,,,,,,,,,,,,,,,,,,,,,,,,,,,,,
148,0,0,15,10,5,,-1,,,,,1,,,1,,,,1,,,,,,,,,,,,,1,-1,,,,-1,,,,,,-1,1,,,,,,,,,,,,,,,-1,,,,1,,,1,1,,1,1,,,,,,,,,,,,,,,,,,,,,,,,,,,,,,,,,,,,,,,,,,,,,,,,,,,,,,,,,,,,,,,,,,,,,,,,,,,,,,,,,,,,,,,,,,,,,,,,,,,,
150,0,0,54,29,25,,-1,,1,-1,1,1,1,1,1,1,1,1,1,-1,-1,-1,1,1,1,-1,-1,-1,-1,-1,1,-1,-1,-1,-1,-1,1,-1,-1,1,-1,-1,1,-1,1,-1,,1,,,,,,,1,,,1,-1,,,,1,,1,1,1,,1,1,1,,,,,-1,-1,1,-1,,,,,,,,,,,,,,,,,,,,,,,,,,,,,,,,,,,,,,,,,,,,,,,,,,,,,,,,,,,,,,,,,,,,,,,,,,,,,,,,,,,,,,,,,,,
152,0,0,6,1,0,,0,,,,,,,,,,,,,,,,0,,,,,,,,0,,,,,,0,,,,,,,0,,,,,,,,,,,,,,,,,,,,,,,,,,,,,,,,,1,,,,,,,,,,,,,,,,,,,,,,,,,,,,,,,,,,,,,,,,,,,,,,,,,,,,,,,,,,,,,,,,,,,,,,,,,,,,,,,,,,,,,,,,,,,,,
154,0,0,54,26,22,,1,,0,-1,1,1,-1,1,1,1,-1,0,1,-1,-1,1,1,-1,0,0,-1,-1,-1,-1,1,1,-1,1,-1,1,-1,-1,-1,-1,1,1,-1,-1,-1,-1,,1,,,,,,,1,,,1,0,,,,1,,1,1,1,,1,1,1,,,,,1,-1,0,-1,,,,,,,,,,,,,,,,,,,,,,,,,,,,,,,,,,,,,,,,,,,,,,,,,,,,,,,,,,,,,,,,,,,,,,,,,,,,,,,,,,,,,,,,,,,
155,0,0,19,12,7,,1,,,,1,,-1,,1,,,1,-1,,,,,-1,,1,,,-1,,,,,,,,,,,,,,-1,,,-1,,1,,,,,,,,,,,,,,,1,,1,1,,,,,1,,,,,1,,1,-1,,,,,,,,,,,,,,,,,,,,,,,,,,,,,,,,,,,,,,,,,,,,,,,,,,,,,,,,,,,,,,,,,,,,,,,,,,,,,,,,,,,,,,,,,,,
157,0,0,54,21,27,,-1,,-1,-1,1,1,1,1,1,1,-1,1,1,-1,-1,0,1,-1,0,-1,-1,-1,0,0,1,1,-1,1,-1,-1,1,-1,-1,-1,1,-1,-1,1,-1,-1,,0,,,,,,,-1,,,0,-1,,,,1,,-1,-1,1,,1,1,1,,,,,-1,-1,1,-1,,,,,,,,,,,,,,,,,,,,,,,,,,,,,,,,,,,,,,,,,,,,,,,,,,,,,,,,,,,,,,,,,,,,,,,,,,,,,,,,,,,,,,,,,,,
160,0,0,54,34,16,,1,,1,1,1,1,1,1,1,0,0,1,1,1,-1,1,1,1,1,1,1,-1,-1,1,-1,1,-1,1,-1,1,1,-1,-1,1,-1,1,-1,-1,-1,-1,,1,,,,,,,1,,,1,1,,,,-1,,1,-1,1,,1,1,0,,,,,1,-1,1,0,,,,,,,,,,,,,,,,,,,,,,,,,,,,,,,,,,,,,,,,,,,,,,,,,,,,,,,,,,,,,,,,,,,,,,,,,,,,,,,,,,,,,,,,,,,
162,0,1,54,31,20,,1,,-1,1,1,1,1,1,1,0,-1,1,-1,1,1,,1,1,1,-1,1,-1,0,-1,1,1,-1,1,1,-1,-1,-1,-1,1,-1,-1,1,-1,1,-1,,1,,,,,,,1,,,1,1,,,,1,,-1,0,1,,1,1,-1,,,,,-1,-1,1,-1,,,,,,,,,,,,,,,,,,,,1,,,,,,,,,,,,,,,,,,,,,,,,,,,,,,,,,,,,,,,,,,,,,,,,,,,,,,,,,,,,,,,,,,,,,,,
164,0,0,54,36,18,,1,,1,-1,1,1,1,1,1,1,1,1,1,-1,-1,1,1,1,1,-1,-1,-1,-1,1,1,1,-1,-1,-1,-1,-1,-1,-1,-1,1,-1,1,1,1,-1,,1,,,,,,,1,,,1,1,,,,1,,1,1,1,,1,1,1,,,,,1,1,1,-1,,,,,,,,,,,,,,,,,,,,,,,,,,,,,,,,,,,,,,,,,,,,,,,,,,,,,,,,,,,,,,,,,,,,,,,,,,,,,,,,,,,,,,,,,,,
170,0,0,54,26,19,,1,,-1,0,1,1,-1,1,-1,1,-1,0,1,0,-1,0,0,0,0,1,0,-1,0,1,1,-1,-1,1,-1,1,-1,-1,-1,-1,1,1,-1,-1,1,1,,1,,,,,,,1,,,1,1,,,,-1,,1,-1,1,,-1,1,1,,,,,1,1,1,-1,,,,,,,,,,,,,,,,,,,,,,,,,,,,,,,,,,,,,,,,,,,,,,,,,,,,,,,,,,,,,,,,,,,,,,,,,,,,,,,,,,,,,,,,,,,
172,1,0,54,16,15,,-1,,1,1,1,-1,1,0,-1,0,0,-1,0,0,-1,1,0,1,1,1,-1,-1,0,1,0,0,0,1,0,0,0,0,0,0,0,0,0,0,0,0,,-1,,,,,,,-1,,,1,1,,,,-1,,1,-1,1,,0,1,-1,,,,,-1,-1,1,-1,,,,,,,,,,,,,,,,,,,,,,,,,,,,,,,,,,,,,,,,,,,,,,,,,,,,,,,,,,,,,,,,,,,,,,,,,,,,,,,,,,,,,,,,,,,
174,0,0,54,38,16,,1,,-1,1,1,-1,1,1,1,1,1,1,1,-1,-1,1,1,1,1,1,1,1,1,1,1,1,1,-1,-1,-1,1,-1,-1,1,-1,1,-1,-1,1,-1,,1,,,,,,,1,,,1,1,,,,1,,1,1,1,,-1,-1,1,,,,,1,-1,1,1,,,,,,,,,,,,,,,,,,,,,,,,,,,,,,,,,,,,,,,,,,,,,,,,,,,,,,,,,,,,,,,,,,,,,,,,,,,,,,,,,,,,,,,,,,,
176,1,0,54,27,25,,1,,1,1,1,-1,-1,1,1,1,1,-1,1,1,-1,1,1,-1,0,-1,1,1,1,1,1,1,-1,-1,1,-1,-1,-1,-1,1,-1,-1,1,-1,-1,-1,,0,,,,,,,-1,,,1,-1,,,,-1,,1,-1,1,,-1,1,-1,,,,,1,-1,1,-1,,,,,,,,,,,,,,,,,,,,,,,,,,,,,,,,,,,,,,,,,,,,,,,,,,,,,,,,,,,,,,,,,,,,,,,,,,,,,,,,,,,,,,,,,,,
177,1,0,54,27,22,,0,,1,0,1,1,-1,-1,1,-1,-1,1,0,1,-1,-1,1,-1,1,1,1,1,1,-1,1,1,-1,-1,-1,-1,1,-1,1,-1,-1,-1,0,-1,-1,-1,,1,,,,,,,1,,,1,0,,,,1,,1,1,-1,,-1,1,1,,,,,1,1,1,-1,,,,,,,,,,,,,,,,,,,,,,,,,,,,,,,,,,,,,,,,,,,,,,,,,,,,,,,,,,,,,,,,,,,,,,,,,,,,,,,,,,,,,,,,,,,
178,0,0,45,24,15,,1,,1,1,1,1,1,,1,1,,1,1,0,,0,,0,1,-1,-1,-1,-1,0,1,-1,,0,-1,1,-1,,-1,1,-1,,,1,-1,-1,,1,,,,,,,1,,,1,-1,,,,0,,1,1,-1,,1,1,,,,,,-1,1,1,-1,,,,,,,,,,,,,,,,,,,,,,,,,,,,,,,,,,,,,,,,,,,,,,,,,,,,,,,,,,,,,,,,,,,,,,,,,,,,,,,,,,,,,,,,,,,
179,0,0,54,36,16,,1,,1,1,1,1,1,1,1,1,1,1,1,0,1,1,1,1,1,1,-1,0,-1,1,1,1,-1,-1,-1,-1,1,-1,-1,1,-1,-1,-1,1,-1,-1,,1,,,,,,,1,,,1,1,,,,1,,1,1,1,,1,1,1,,,,,-1,-1,1,-1,,,,,,,,,,,,,,,,,,,,,,,,,,,,,,,,,,,,,,,,,,,,,,,,,,,,,,,,,,,,,,,,,,,,,,,,,,,,,,,,,,,,,,,,,,,
181,0,0,54,31,23,,-1,,-1,-1,1,1,-1,-1,-1,1,1,1,1,1,1,1,-1,-1,1,1,1,1,-1,-1,1,1,-1,1,-1,-1,-1,-1,-1,-1,1,-1,-1,1,-1,-1,,1,,,,,,,1,,,1,1,,,,1,,1,1,1,,1,1,-1,,,,,1,1,1,-1,,,,,,,,,,,,,,,,,,,,,,,,,,,,,,,,,,,,,,,,,,,,,,,,,,,,,,,,,,,,,,,,,,,,,,,,,,,,,,,,,,,,,,,,,,,
185,0,0,30,10,16,,-1,,-1,,,1,,1,,,,,,,-1,,1,0,,0,,,,,,,-1,1,-1,-1,,-1,-1,1,-1,-1,,-1,,,,0,,,,,,,,,,-1,,,,,,,,,,,1,,1,,,,,,0,,-1,,,,,-1,1,,,,,,,-1,,,,,,,,,-1,1,1,,,,,,,,,,,,,,,,,,,,,,,,,,,,,,,,,,,,,,,,,,,,,,,,,,,,,,,,,,,,,,,,,,,
194,0,1,72,46,26,,1,,-1,-1,1,1,1,1,1,1,1,1,1,-1,-1,1,1,1,1,-1,1,-1,-1,-1,1,-1,-1,-1,-1,1,-1,-1,1,-1,-1,-1,-1,1,-1,1,,1,,,,,,,1,,,-1,1,,,,-1,,1,1,1,,1,1,1,,,,,1,1,1,-1,,,1,1,-1,1,1,1,1,,1,,1,,,1,,,1,1,,-1,1,1,,-1,-1,,,,,,,,,,,,1,,,,,,,,,,,,,,,,,,,,,,,,,,,,,,,,,,,,,,,,,,,,,,,,,,,,
195,0,0,76,40,17,,1,,0,1,1,1,1,1,1,-1,1,1,1,0,,1,1,1,1,0,0,-1,-1,1,1,1,-1,1,-1,1,-1,-1,-1,,-1,-1,-1,1,-1,1,,0,,,,,,,1,,,1,1,,,,1,,0,1,0,,0,1,-1,,,,,-1,0,1,-1,,,1,0,0,1,1,1,-1,,0,,0,,,0,,,1,0,,-1,1,1,,0,0,,,,1,1,,,0,1,1,1,0,,,,,,,,,,,,,,,,,,,,,,,,,,,,,,,,,,,,,,,,,,,,,,,,,,,,
198,0,0,81,48,28,,1,,1,-1,1,1,-1,1,1,1,-1,1,1,0,-1,1,1,-1,1,0,-1,-1,-1,1,1,1,-1,-1,1,1,-1,-1,-1,-1,1,-1,-1,1,-1,-1,,1,,,,,,,-1,,,1,0,,,,-1,,1,0,1,,1,1,1,,,,,-1,-1,1,-1,,,1,1,1,1,-1,1,-1,,1,,1,,,-1,,,1,-1,,-1,1,1,,1,1,,,1,1,1,1,1,1,1,1,1,0,,,,,,,,,,,,,,,,,,,,,,,,,,,,,,,,,,,,,,,,,,,,,,,,,,,,
201,1,0,81,46,35,,1,,1,1,-1,1,1,-1,-1,1,1,-1,-1,1,-1,-1,-1,1,1,1,1,1,1,1,-1,-1,1,-1,-1,-1,1,-1,1,-1,-1,1,-1,-1,1,-1,,1,,,,,,,-1,,,1,-1,,,,-1,,1,1,1,,-1,1,-1,,,,,-1,1,1,1,,,1,1,1,1,-1,1,1,,1,,1,,,-1,,,1,-1,,-1,1,-1,,1,1,,,-1,-1,1,1,1,1,-1,-1,1,-1,,,,,,,,,,,,,,,,,,,,,,,,,,,,,,,,,,,,,,,,,,,,,,,,,,,,
202,0,0,1,1,0,,1,,,,,,,,,,,,,,,,,,,,,,,,,,,,,,,,,,,,,,,,,,,,,,,,,,,,,,,,,,,,,,,,,,,,,,,,,,,,,,,,,,,,,,,,,,,,,,,,,,,,,,,,,,,,,,,,,,,,,,,,,,,,,,,,,,,,,,,,,,,,,,,,,,,,,,,,,,,,,,,,,,,
203,0,0,44,24,7,,1,,,0,1,,-1,,,,,,,,0,1,1,0,1,0,,0,-1,,1,,,,,0,-1,,-1,,,1,,-1,-1,0,,,,,,,,,1,,,,1,,,,1,,,,1,,0,1,0,,,,,1,0,1,-1,,,1,0,0,,,1,,,1,,1,,,,,,,0,,,1,,,,1,,,1,,1,1,1,,,,,,,,,,,,,,,,,,,,,,,,,,,,,,,,,,,,,,,,,,,,,,,,,,,,,,,,,
204,0,0,81,50,31,,1,,-1,1,1,1,-1,1,1,-1,-1,1,1,-1,1,1,-1,-1,1,-1,-1,-1,-1,-1,1,1,-1,-1,1,1,-1,-1,-1,1,-1,-1,1,-1,1,-1,,1,,,,,,,1,,,1,1,,,,1,,1,1,1,,1,1,1,,,,,1,-1,-1,-1,,,1,-1,-1,1,1,1,1,,-1,,1,,,-1,,,1,1,,-1,1,1,,-1,-1,,,1,1,1,1,1,1,1,1,1,1,,,,,,,,,,,,,,,,,,,,,,,,,,,,,,,,,,,,,,,,,,,,,,,,,,,,
205,0,0,81,51,18,,1,,1,0,1,1,-1,1,1,1,1,1,1,0,0,1,1,0,1,0,-1,-1,-1,0,1,1,-1,1,-1,-1,-1,-1,-1,1,-1,1,-1,-1,-1,-1,,1,,,,,,,1,,,1,1,,,,-1,,1,1,1,,1,1,0,,,,,1,1,1,-1,,,1,1,1,1,1,1,1,,1,,0,,,0,,,1,1,,1,1,1,,0,-1,,,1,1,1,1,1,1,1,0,1,0,,,,,,,,,,,,,,,,,,,,,,,,,,,,,,,,,,,,,,,,,,,,,,,,,,,,
210,0,0,81,56,19,,1,,1,1,1,1,1,1,1,1,-1,1,1,-1,1,1,1,0,1,-1,-1,-1,-1,1,1,1,-1,1,-1,1,-1,-1,-1,-1,1,1,-1,-1,-1,-1,,1,,,,,,,1,,,1,1,,,,1,,1,1,1,,0,1,0,,,,,1,1,1,-1,,,0,1,-1,1,1,1,1,,1,,1,,,1,,,1,1,,1,1,1,,-1,0,,,1,1,1,1,1,1,1,0,1,1,,,,,,,,,,,,,,,,,,,,,,,,,,,,,,,,,,,,,,,,,,,,,,,,,,,,
211,0,1,73,41,30,,1,,,1,1,1,-1,1,-1,0,,1,1,-1,-1,1,1,-1,-1,-1,-1,-1,-1,1,1,-1,1,-1,-1,-1,1,-1,-1,1,-1,1,-1,-1,-1,-1,,1,,,,,,,,,,-1,,,,,1,,1,,1,,1,1,1,,,,,1,1,-1,-1,,,,1,-1,1,1,1,1,,1,,1,,,1,,,1,1,,-1,1,1,,-1,,,,1,-1,1,-1,1,,,1,-1,0,,,1,,,,,,,,,,,,,,,,,,,,,,,,,,,,,,,,,,,,,,,,,,,,,,,,,
213,1,0,81,17,10,,1,,0,0,0,0,0,1,0,0,0,0,0,0,0,0,0,0,0,0,0,0,0,0,1,1,-1,-1,1,0,0,0,-1,1,-1,0,-1,1,1,-1,,1,,,,,,,0,,,1,0,,,,0,,1,0,0,,0,1,0,,,,,-1,0,0,-1,,,0,0,0,0,-1,1,0,,1,,0,,,0,,,0,1,,0,0,0,,-1,0,,,0,1,0,0,0,0,1,0,0,0,,,,,,,,,,,,,,,,,,,,,,,,,,,,,,,,,,,,,,,,,,,,,,,,,,,,
220,0,0,10,8,2,,-1,,,,,1,,,,,,,,,,,,,,,,,,,,1,,,,,1,,-1,,,,,1,,,,,,,,,,,,,,,,,,,,,,,,,,,,,,,,,,,,,,,,,,,,,,,,,,,,,,,,,1,,1,,1,,,,,,,,,,1,,,,,,,,,,,,,,,,,,,,,,,,,,,,,,,,,,,,,,,,,,,,,,,,,,,,,,,
221,1,0,84,46,33,,1,,1,1,1,1,1,1,1,1,1,1,-1,-1,-1,-1,1,0,1,-1,1,-1,1,1,-1,-1,1,-1,-1,-1,1,-1,-1,1,-1,-1,-1,1,1,1,,-1,,,,,,,-1,,,1,1,,,,1,,1,1,0,,-1,1,-1,,,,,-1,1,-1,-1,,,1,-1,-1,1,-1,1,1,,1,,-1,,,1,,,1,-1,,-1,1,1,,1,1,,,-1,1,1,0,-1,1,1,1,1,0,0,-1,-1,,,,,,,,,,,,,,,,,,,,,,,,,,,,,,,,,,,,,,,,,,,,,,,,,
224,0,0,71,39,20,,1,,1,-1,1,1,1,1,,1,0,1,1,,1,1,1,,1,-1,0,-1,0,1,-1,1,1,1,-1,,-1,-1,-1,1,-1,-1,-1,1,1,,,,,,,,,,1,,,1,1,,,,1,,1,0,,,,1,1,,,,,-1,1,,-1,,,-1,-1,0,,,1,,,-1,,1,,,-1,,,,-1,,-1,1,1,,0,0,,,1,1,1,1,0,1,1,0,0,0,0,-1,,1,,,,,,,,,,,,,,,,,,,,,,,,,,,,,,,,,,,,,,,,,,,,,,,,
225,0,0,84,45,29,,-1,,-1,1,0,1,1,1,1,1,-1,0,1,1,-1,0,1,-1,1,1,0,-1,-1,0,-1,1,-1,1,-1,-1,-1,-1,-1,1,-1,-1,1,-1,1,-1,,0,,,,,,,-1,,,1,1,,,,1,,1,1,-1,,-1,1,1,,,,,-1,1,1,-1,,,1,1,-1,1,-1,0,-1,,1,,-1,,,1,,,1,1,,-1,-1,1,,1,1,,,1,1,0,1,1,1,1,1,1,0,0,1,,1,,,,,,,,,,,,,,,,,,,,,,,,,,,,,,,,,,,,,,,,,,,,,,,,
226,0,0,35,18,14,,1,,1,,,,,,-1,,-1,0,1,-1,,-1,,1,1,,,,-1,1,-1,1,,,,,,,-1,1,,,-1,-1,,,,,,,,,,,,,,1,,,,,,,,1,1,,,,,,,,,,0,,,,,-1,,,,,,,,1,,-1,,,1,,,,-1,,1,1,-1,,-1,,,,,1,,0,,,,1,,,,1,,,,,,,,,,,,,,,,,,,,,,,,,,,,,,,,,,,,,,,,,,,,,,,,,,
227,0,0,7,4,3,,-1,,,,,1,,,,,,,,,,,,,,,,,,,,,,,,,,,,,,-1,,,,,,,,,,,,,1,,,,,,,,,,,,,,,,,,,,,,,,-1,,,,,,,,,1,,,,,,,,,,,,,,,,,,,,,,,,,,,1,,,,,,,,,,,,,,,,,,,,,,,,,,,,,,,,,,,,,,,,,,,,,,,,,,,,,,,
228,0,0,84,54,23,,1,,-1,1,1,1,1,1,1,1,1,1,1,1,-1,1,1,-1,1,0,-1,-1,-1,0,1,1,-1,1,-1,1,-1,-1,-1,1,-1,1,-1,-1,1,-1,,0,,,,,,,1,,,1,1,,,,1,,0,-1,1,,1,1,1,,,,,-1,1,1,-1,,,1,1,1,1,-1,1,0,,-1,,1,,,1,,,1,1,,-1,1,1,,1,1,,,1,1,1,1,1,0,1,1,1,-1,0,-1,,1,,,,,,,,,,,,,,,,,,,,,,,,,,,,,,,,,,,,,,,,,,,,,,,,
233,0,0,14,6,5,,1,,,,,,,,-1,,,,,,,,1,1,,,,,,,,,,,0,,,,-1,,,,,,,,,,,,,,,,,,,1,-1,,,,,,,,,,,,-1,,,,,,,,,,,0,,,,,,,,,,0,,,,,,,,,,,,,,,,,,,,,,1,1,,,,,,,-1,,,,,,,,,,,,,,,,,,,,,,,,,,,,,,,,,,,,,,,,,,,,,,,,
234,0,0,18,12,6,,-1,,,,,,,1,,,,,,,,,,,1,-1,-1,,-1,,,1,,,,,,,,,,,,,,,,,,,,,,,1,,,,,,,,,,,,1,,,,1,,,,,,,,,,,1,,-1,,1,,,,,,,,,,,,1,,,,1,,,-1,,,,,,,,,,,1,,1,,,,,,,,,,,,,,,,,,,,,,,,,,,,,,,,,,,,,,,,,,,,,,,,,,,,
238,0,0,84,45,15,,1,,0,0,1,1,1,1,1,0,1,0,1,0,0,1,1,1,1,0,0,-1,-1,0,1,-1,-1,0,1,1,-1,-1,-1,-1,-1,-1,-1,-1,1,1,,0,,,,,,,1,,,1,1,,,,1,,0,-1,1,,1,1,1,,,,,0,0,1,-1,,,1,1,1,0,0,1,1,,1,,0,,,1,,,1,1,,1,1,1,,0,-1,,,1,1,1,0,0,0,1,1,1,0,0,0,,1,,,,,,,,,,,,,,,,,,,,,,,,,,,,,,,,,,,,,,,,,,,,,,,,
239,0,0,84,45,19,,1,,0,0,1,1,1,1,1,1,0,1,1,0,-1,0,1,-1,0,-1,0,0,-1,1,1,-1,-1,-1,-1,-1,1,-1,-1,-1,1,1,-1,-1,-1,-1,,0,,,,,,,1,,,1,1,,,,1,,0,1,1,,1,1,1,,,,,0,-1,1,0,,,1,1,1,1,0,0,0,,1,,1,,,0,,,1,1,,1,1,1,,-1,0,,,1,1,1,-1,1,1,1,1,0,0,1,1,,0,,,,,,,,,,,,,,,,,,,,,,,,,,,,,,,,,,,,,,,,,,,,,,,,
241,0,0,7,4,1,,1,,1,,,,,-1,,,,,,,0,,,,,,,,,,,,,,,,,,,,,,,,,,,,,,,,,,,,,,,,,,,,,,1,,,,,,,,,,,,,,,,,,,,,,,,,,,,,,,,,,,,,,,,,,,1,,,,0,,,,,,,,,,,,,,,,,,,,,,,,,,,,,,,,,,,,,,,,,,,,,,,,,,,,,,,,
242,0,0,7,5,2,,1,,,,,,,,,,1,,,,,,,,,,,,,,,,,,,,-1,,,,,,,,,-1,,,,,,,,,,,,,,,,,,,,,,,,,,,,,,,,,,,,,1,,,,,,,,,1,,,,,,,,,,,,,,,,,,,,,1,,,,,,,,,,,,,,,,,,,,,,,,,,,,,,,,,,,,,,,,,,,,,,,,,,,,,,,,,
243,0,0,84,49,22,,1,,1,1,0,1,0,1,1,1,0,1,1,-1,1,1,1,0,1,-1,-1,-1,-1,0,-1,0,1,1,-1,-1,-1,-1,-1,1,-1,-1,-1,1,1,-1,,0,,,,,,,1,,,1,1,,,,1,,1,0,1,,1,1,1,,,,,1,1,1,-1,,,1,1,-1,1,-1,1,0,,-1,,-1,,,1,,,1,0,,-1,1,1,,-1,0,,,1,1,1,1,1,1,1,1,1,0,1,0,,1,,,,,,,,,,,,,,,,,,,,,,,,,,,,,,,,,,,,,,,,,,,,,,,,
244,0,0,48,20,12,,1,,,,,,-1,1,1,,1,0,,0,,,,,1,-1,-1,-1,-1,0,1,,-1,-1,-1,-1,1,-1,-1,,,,-1,,1,,,,,,,,,,,,,,0,,,,1,,1,,0,,1,0,0,,,,,0,0,0,,,,,,0,,1,,,,,,,,,1,,,1,,,,1,,,0,0,,,,,1,,,1,,,1,0,0,0,,1,,,,,,,,,,1,,,,,,,,,,,,,,,,,,,,,,,,,,,,,,,,,,,,,,
246,0,0,83,44,24,,1,,-1,1,1,1,1,1,1,1,0,1,1,-1,-1,1,1,-1,1,-1,-1,-1,-1,0,1,-1,-1,-1,-1,-1,1,-1,0,-1,0,1,-1,-1,1,0,,0,,,,,,,1,,,1,1,,,,1,,1,-1,1,,1,1,1,,,,,-1,0,0,-1,,,0,0,-1,1,1,0,1,,1,,0,,,-1,,,1,0,,1,1,1,,0,-1,,,1,1,1,1,1,1,1,1,1,1,-1,0,,,,,,,,,,,,,,,,,,,,,,,,,,,,,,,,,,,,,,,,,,,,,,,,,,
247,0,0,38,13,2,,0,,0,,0,1,,,1,1,0,0,,0,0,,,0,0,,,,,,,0,,-1,,-1,1,,,,,,,,,,,0,,,,,,,,,,,0,,,,,,1,,0,,1,1,0,,,,,0,0,,,,,,,,0,,,0,,0,,,,,,,,,,,,,1,,0,,,,1,1,1,0,,,,1,1,0,,,,0,,,,,,,,,,,,,,,,,,,,,,,,,,,,,,,,,,,,,,,,,,,,,,,,
248,0,1,45,25,8,,0,,,,,1,,1,,-1,1,,1,1,,,0,,,,,,0,,1,,-1,,,1,,-1,,-1,1,,,,0,,,1,,,,,,,1,,,,1,,,,1,,,0,,,1,0,,,,,,,0,1,0,,,,,,1,-1,0,,,1,,-1,,,1,,,1,,,0,,,,-1,-1,,,0,,1,,0,,,1,1,,1,1,,1,,1,,,,,,,,,,,,,,,,,,,,,,,,,,,,,,,,,,,,,,,,,,,,,,
250,0,0,6,4,1,,1,,,,,1,,,,,,,,,,0,,,,,,,,,,,,,,,,,,,,,,,,,,,,,,,,,,,,-1,,,,,,,1,,,,,,,,,,,,,,,,,,,,,,,,,,,,,,,,,,,,,,1,,,,,,,,,,,,,,,,,,,,,,,,,,,,,,,,,,,,,,,,,,,,,,,,,,,,,,,,,,,,,,,,,,,
251,0,0,108,60,21,,1,,0,0,1,1,-1,1,1,1,0,0,1,0,0,1,1,0,0,-1,-1,0,-1,0,1,1,-1,1,-1,-1,-1,-1,-1,-1,1,1,-1,-1,-1,-1,,1,,,,,,,1,,,1,0,,,,1,,1,0,1,,1,1,1,,,,,1,0,0,-1,,,1,1,0,1,0,0,0,,1,,1,,,1,,,1,1,,1,1,0,,0,-1,,,1,1,0,1,1,1,1,1,0,0,1,0,,0,1,,1,1,,0,,1,1,1,1,1,1,,,,,1,1,1,1,1,,1,1,-1,1,1,,,0,,,,,,-1,-1,-1,,,,,,,,,
255,0,16,103,52,18,,1,,1,-1,1,1,-1,1,1,1,-1,0,1,-1,-1,0,1,-1,1,-1,-1,-1,-1,0,1,0,1,1,0,0,0,-1,0,0,0,0,1,0,0,0,,1,,,,,,,1,,,0,1,,,,1,,-1,-1,1,,0,0,1,,,,,0,0,-1,-1,,,1,0,0,0,1,1,0,,0,,-1,,,1,,,1,0,,0,-1,-1,,0,0,,,0,1,1,1,1,1,1,1,1,0,0,1,,0,0,,1,1,1,1,1,1,1,1,1,1,1,1,1,1,1,,,1,1,1,,,,,,,,,,,,,,,,,,,,,,,,,,
256,0,0,117,70,18,,1,,1,1,1,1,0,1,1,-1,1,1,1,0,-1,1,0,0,1,-1,0,-1,-1,1,1,1,-1,1,-1,0,-1,-1,0,0,1,1,-1,0,-1,0,,1,,,,,,,0,,,1,1,,,,0,,1,1,1,,-1,1,1,,,,,1,-1,0,-1,,,1,0,1,1,0,1,1,,0,,-1,,,0,,,1,1,,1,1,1,,1,0,,,1,1,1,1,1,1,1,0,1,1,1,1,,1,0,,1,1,,1,,1,1,0,1,1,0,,,,,1,1,1,1,1,,1,-1,0,1,-1,,,0,1,1,1,0,1,1,0,0,-1,1,0,0,,,,,
260,0,0,1,1,0,,1,,,,,,,,,,,,,,,,,,,,,,,,,,,,,,,,,,,,,,,,,,,,,,,,,,,,,,,,,,,,,,,,,,,,,,,,,,,,,,,,,,,,,,,,,,,,,,,,,,,,,,,,,,,,,,,,,,,,,,,,,,,,,,,,,,,,,,,,,,,,,,,,,,,,,,,,,,,,,,,,,,,
262,0,0,93,69,18,,1,,0,-1,1,1,1,1,1,1,1,1,1,-1,-1,1,1,0,1,1,-1,0,-1,1,1,1,-1,1,-1,1,-1,-1,-1,-1,1,1,-1,-1,1,-1,,1,,,,,,,1,,,1,1,,,,1,,1,1,1,,1,1,1,,,,,1,1,1,-1,,,1,1,0,1,1,1,1,,1,,-1,,,1,,,1,0,,1,1,1,,1,1,,,1,1,1,1,1,0,1,1,1,-1,1,1,,1,1,,1,1,,1,,,-1,1,1,1,1,,,,,,,,,,,,,,,,,,,,,,,,,,,,,,,,,,,
264,0,0,93,56,27,,1,,1,-1,1,1,0,1,1,1,-1,1,1,-1,-1,1,1,-1,0,-1,-1,-1,-1,1,1,1,-1,-1,1,-1,1,-1,-1,-1,1,1,-1,-1,0,1,,1,,,,,,,0,,,1,1,,,,1,,1,0,1,,1,1,1,,,,,-1,-1,0,-1,,,-1,-1,-1,1,-1,1,1,,0,,1,,,1,,,1,1,,-1,1,1,,-1,0,,,1,1,1,1,1,1,1,-1,1,0,1,1,,1,0,,1,1,,1,,,1,1,1,1,1,,,,,,,,,,,,,,,,,,,,,,,,,,,,,,,,,,,
267,0,0,84,49,35,,1,,1,-1,1,1,-1,1,1,1,1,1,1,-1,1,1,1,,1,-1,-1,-1,1,1,1,1,-1,-1,1,1,-1,-1,-1,1,-1,-1,-1,,1,-1,,1,,,,,,,1,,,1,1,,,,-1,,1,-1,,,-1,1,,,,,,1,-1,-1,-1,,,-1,-1,-1,1,-1,1,-1,,1,,-1,,,1,,,1,,,-1,1,1,,1,1,,,1,1,1,1,1,-1,1,1,-1,-1,-1,-1,,1,,,,,,-1,,,1,1,-1,1,,,,,,,,,,,,,,,,,,,,,,,,,,,,,,,,,,,,
268,0,0,93,47,31,,1,,-1,-1,1,1,1,1,1,1,0,1,1,-1,1,0,1,-1,1,-1,-1,-1,-1,1,-1,1,-1,1,-1,1,-1,-1,-1,-1,1,-1,1,-1,-1,-1,,1,,,,,,,1,,,1,1,,,,1,,1,1,1,,0,1,1,,,,,-1,-1,0,-1,,,1,-1,-1,1,-1,1,-1,,0,,-1,,,0,,,1,1,,-1,1,1,,-1,0,,,1,1,0,1,0,0,1,1,0,1,1,0,,0,0,,1,1,,1,,,-1,1,1,-1,0,,,,,,,,,,,,,,,,,,,,,,,,,,,,,,,,,,,
270,0,0,80,47,19,,1,,1,-1,1,1,1,1,,,1,0,1,-1,1,0,1,-1,1,-1,-1,,1,1,1,-1,0,1,0,-1,1,0,-1,1,0,1,-1,-1,,0,,1,,,,,,,1,,,1,1,,,,,,1,1,,,1,1,0,,,,,-1,1,1,-1,,,1,-1,-1,1,1,0,1,,-1,,1,,,,,,1,1,,0,1,1,,,1,,,0,,1,1,1,1,,,1,-1,,1,,-1,0,,1,1,,1,,,-1,,-1,0,0,,,,,,,,,,,,,,,,,,,,,,,,,,,,,,,,,,,
275,0,0,9,6,2,,1,,,,,,,,,1,,,,,,0,,,,,,,,,,,,,,1,,,,1,,,,,,,,,,,,,,,,,,,,,,,,,,,,,,,,,,,,,,,,,,,,,,,,1,,,,,,,,,,,,,,,,,,,,,,,,,,,,,,,,,,,,,,-1,,1,,,,,,,-1,,,,,,,,,,,,,,,,,,,,,,,,,,,,,,,,,,,
276,0,1,94,51,31,,-1,,-1,-1,1,1,-1,1,1,0,-1,1,1,0,-1,1,1,-1,-1,-1,-1,-1,-1,-1,0,1,0,0,1,-1,-1,-1,-1,0,-1,1,-1,0,1,1,,-1,,,,,,,1,,,1,1,,,,1,,1,-1,1,,1,-1,1,,,,,1,-1,1,-1,,,1,1,0,1,1,0,-1,,1,,-1,,,1,,,1,1,,1,1,-1,,-1,-1,,,1,0,1,-1,0,1,1,1,1,0,-1,1,,1,1,,1,1,,1,,,1,1,1,1,1,,,,,1,,,,,,,,,,,,,,,,,,,,,,,,,,,,,,
278,1,1,79,40,35,,1,,,-1,-1,-1,1,1,1,-1,1,-1,,-1,-1,-1,1,-1,,-1,1,-1,1,,1,0,0,-1,1,1,-1,-1,-1,0,1,-1,,1,0,1,,-1,,,,,,,-1,,,-1,,,,,1,,1,,1,,-1,1,1,,,,,-1,1,1,-1,,,,1,,1,-1,1,1,,1,,1,,,-1,,,,,,-1,-1,1,,-1,-1,,,,,1,1,1,1,1,-1,1,1,-1,-1,,,-1,,1,1,,1,,,-1,1,-1,-1,,,,,,,1,,,,,,,,,,,,,,,,,,,,,,,,,,,,,
281,0,0,72,52,12,,1,,-1,-1,1,,1,,1,,1,1,1,,0,1,,-1,1,-1,,-1,,1,1,,-1,0,1,1,0,1,0,,,,0,0,-1,-1,,,,,,,,,1,,,1,1,,,,1,,1,,1,,,-1,1,,,,,-1,1,,1,,,1,0,1,1,1,,,,1,,1,,,-1,,,,0,,1,1,1,,,-1,,,1,1,1,1,1,1,1,1,1,1,1,,,1,1,,,1,,1,,,1,,1,,1,,,,,,,1,1,,,,,,,,,,,,,,,,,,,,,,,,,,,
282,0,0,96,69,26,,1,,1,1,1,1,-1,1,1,1,1,1,1,1,-1,1,1,-1,1,1,-1,-1,-1,1,-1,-1,1,1,-1,-1,-1,-1,-1,1,-1,1,-1,-1,-1,-1,,-1,,,,,,,1,,,-1,1,,,,1,,1,-1,1,,1,1,1,,,,,1,1,1,-1,,,1,1,1,1,1,1,-1,,1,,-1,,,1,,,1,1,,-1,1,1,,1,1,,,1,1,1,1,1,1,1,-1,1,1,1,1,,1,1,,1,1,,1,,1,0,1,1,1,1,,,,,,,1,1,,,,,,,,,,,,,,,,,,,,,,,,,,,
294,0,1,106,75,24,,1,,1,1,1,1,1,1,1,1,-1,1,1,-1,1,1,1,1,1,-1,-1,-1,-1,1,-1,1,-1,1,-1,0,-1,-1,-1,1,-1,-1,1,-1,1,-1,,1,,,,,,,1,,,1,0,,,,1,,1,1,1,,1,1,1,,,,,-1,0,1,-1,,,1,1,-1,0,1,1,0,,1,,1,,,1,,,1,1,,-1,1,1,,1,1,,,1,1,1,-1,1,1,1,1,1,1,1,1,,1,1,,1,1,,1,,1,1,1,1,-1,1,,,,,1,1,1,1,1,,-1,1,-1,1,1,,,0,,,,,,,,,,0,,,,,,,
298,1,0,103,63,37,,1,,1,1,1,1,1,1,-1,-1,1,1,1,1,1,1,1,1,1,1,-1,1,-1,1,1,1,-1,-1,-1,-1,1,-1,-1,1,-1,-1,-1,1,-1,1,,-1,,,,,,,1,,,1,1,,,,1,,-1,1,1,,1,1,1,,,,,-1,1,1,-1,,,-1,-1,1,1,-1,0,1,,-1,,-1,,,-1,,,-1,1,,-1,1,1,,1,1,,,1,1,1,1,1,1,1,-1,1,-1,-1,-1,,1,-1,,1,-1,,0,,1,1,-1,1,-1,-1,,,,,1,1,1,1,1,,0,-1,-1,1,,,,,,,,,,,,,,,,,,,,,
300,0,0,94,49,27,,1,,-1,-1,1,1,1,1,1,,-1,,1,-1,0,0,,,1,-1,-1,-1,-1,0,1,-1,-1,0,-1,-1,1,-1,-1,1,,1,-1,-1,1,-1,,,,,,,,,0,,,,1,,,,1,,1,-1,1,,1,1,0,,,,,-1,1,1,-1,,,1,0,0,1,1,0,1,,1,,1,,,-1,,,1,0,,1,0,1,,-1,1,,,1,1,0,-1,0,0,1,1,1,0,-1,-1,,1,1,,,-1,,1,,1,1,1,1,1,-1,,,,,1,0,1,,1,,0,0,1,1,,,,,,,,,,,,,,,,,,,,,
302,0,0,103,76,25,,1,,1,1,1,1,1,1,1,1,1,1,1,-1,-1,-1,1,1,1,1,0,1,1,-1,1,1,-1,0,-1,-1,-1,-1,-1,-1,1,1,-1,-1,-1,-1,,1,,,,,,,1,,,1,1,,,,1,,-1,1,1,,1,1,1,,,,,-1,1,1,1,,,1,-1,1,1,-1,1,-1,,1,,-1,,,1,,,1,1,,-1,1,1,,1,1,,,1,1,1,1,1,1,1,1,1,1,1,1,,1,1,,1,1,,1,,1,1,1,-1,1,-1,,,,,1,1,1,1,1,,1,1,-1,1,,,,,,,,,,,,,,,,,,,,,
303,0,0,103,44,45,,-1,,-1,-1,1,1,1,1,1,1,-1,0,1,-1,-1,1,1,-1,1,-1,-1,-1,-1,0,1,1,-1,-1,-1,-1,1,-1,-1,1,-1,1,-1,-1,-1,-1,,-1,,,,,,,1,,,1,0,,,,1,,-1,-1,1,,1,1,0,,,,,-1,0,-1,-1,,,-1,-1,-1,1,1,0,-1,,1,,-1,,,-1,,,1,-1,,-1,1,1,,-1,-1,,,-1,1,1,-1,1,1,1,0,1,0,-1,-1,,1,1,,1,-1,,0,,1,1,1,0,0,-1,,,,,1,1,1,1,1,,0,0,-1,0,,,,,,,,,,,,,,,,,,,,,
306,0,0,120,81,39,,1,,-1,1,1,1,-1,1,1,1,1,1,1,1,1,1,1,1,-1,1,-1,1,-1,1,1,1,-1,1,-1,-1,1,-1,-1,1,-1,-1,-1,1,-1,-1,,1,,,,,,,1,,,1,1,,,,1,,1,-1,1,,1,1,1,,,,,1,1,1,-1,,,-1,-1,-1,1,1,1,1,,1,,-1,,,-1,,,1,1,,-1,1,1,,-1,-1,,,1,1,1,1,1,1,1,1,1,1,1,-1,,1,1,,1,1,,1,,1,1,-1,-1,1,-1,,,,,1,1,1,1,1,,1,1,-1,1,1,,,-1,-1,-1,1,1,1,-1,-1,-1,-1,-1,1,1,,,-1,1,1
310,0,0,61,40,15,,1,,1,1,,,-1,,,,,1,,,,1,-1,,,,,1,-1,0,,1,,,,,-1,-1,-1,-1,1,1,,-1,,-1,,1,,,,,,,1,,,,0,,,,1,,1,1,1,,,0,0,,,,,,-1,1,1,,,1,,-1,1,,,1,,1,,0,,,-1,,,0,,,-1,,1,,,1,,,1,,1,1,1,1,1,1,,1,,1,,,,,,1,,,,,,1,1,-1,1,,,,,1,,1,1,,,-1,1,,,,,,,,,,,,,,,,,,,,,,,
314,0,3,108,77,23,,1,,1,-1,1,1,1,1,1,1,1,1,1,-1,0,1,1,1,1,1,-1,0,-1,1,-1,1,-1,-1,1,1,-1,-1,-1,-1,1,-1,-1,1,-1,-1,,1,,,,,,,1,,,1,1,,,,1,,1,1,1,,1,1,1,,,,,0,1,1,-1,,,1,1,-1,1,0,0,1,,1,,-1,,,1,,,1,1,,-1,1,1,,1,1,,,1,1,1,1,1,1,1,1,1,0,0,0,,1,1,,1,1,,1,,1,-1,1,1,1,1,,,,,1,-1,1,1,1,,1,1,1,1,-1,,,-1,1,1,,,1,,,,,,,,,,,,
315,0,1,104,41,24,,0,,0,0,1,1,1,0,0,1,0,1,1,0,0,0,1,1,1,0,-1,0,-1,0,1,1,-1,-1,-1,-1,1,-1,-1,1,-1,-1,1,-1,1,-1,,0,,,,,,,1,,,0,1,,,,1,,0,1,0,,0,1,0,,,,,-1,0,1,0,,,-1,0,-1,0,0,0,-1,,1,,-1,,,0,,,1,0,,-1,0,1,,1,-1,,,1,1,1,0,0,1,1,1,1,0,0,0,,0,0,,1,0,,0,,1,-1,1,1,0,-1,,,,,1,-1,-1,1,1,,0,-1,1,0,,,,,,,1,,,,,,,,,,,,,,
316,0,0,82,48,28,,-1,,0,-1,1,1,1,1,1,1,,-1,1,,-1,0,1,-1,1,-1,,,-1,1,,1,-1,1,-1,1,,-1,-1,,-1,-1,-1,1,1,-1,,1,,,,,,,1,,,,1,,,,1,,-1,1,1,,1,1,,,,,,,-1,1,-1,,,,-1,-1,1,,1,-1,,1,,1,,,-1,,,1,1,,-1,1,1,,,1,,,1,1,,1,,,1,0,,0,,1,,0,-1,,1,-1,,-1,,1,1,1,-1,,,,,,,1,1,1,1,1,,0,1,-1,,,,,,,,,,,,,,,,,,,,,,
317,1,0,96,51,32,,1,,1,1,1,,1,1,1,-1,1,-1,1,0,1,0,,0,1,0,1,-1,-1,,1,-1,-1,-1,-1,-1,1,-1,1,-1,-1,,-1,1,1,-1,,,,,,,,,1,,,1,0,,,,1,,-1,-1,1,,1,1,1,,,,,0,0,1,-1,,,-1,-1,,1,-1,1,1,,-1,,1,,,-1,,,1,1,,-1,1,1,,0,0,,,1,1,1,0,1,1,1,1,,-1,1,0,,0,-1,,1,-1,,1,,1,-1,-1,1,-1,-1,,,,,1,1,1,1,1,,-1,-1,1,0,,,,,,,,,,,,,,,,,,,,,
318,0,0,103,56,30,,1,,-1,-1,1,1,1,1,1,1,-1,1,1,0,0,-1,1,-1,1,-1,0,-1,0,1,1,-1,-1,1,-1,-1,-1,-1,-1,1,-1,-1,-1,1,1,0,,1,,,,,,,1,,,1,1,,,,1,,0,-1,1,,1,1,1,,,,,0,1,1,-1,,,-1,1,1,1,-1,1,-1,,1,,1,,,1,,,1,1,,-1,1,0,,-1,1,,,1,1,1,0,1,-1,1,0,1,0,1,0,,1,1,,1,1,,1,,1,-1,-1,-1,0,-1,,,,,1,0,1,1,1,,0,-1,0,0,,,,,,,,,,,,,,,,,,,,,
320,0,0,87,46,17,,0,,1,1,1,1,1,,1,1,1,1,1,,0,,0,0,1,,0,-1,-1,0,1,1,-1,-1,-1,-1,1,-1,,1,-1,-1,0,-1,-1,,,1,,,,,,,0,,,1,1,,,,1,,,1,0,,1,1,0,,,,,-1,,0,-1,,,0,0,1,1,0,0,1,,,,0,,,0,,,1,1,,-1,,1,,-1,0,,,1,1,,1,1,1,1,1,1,0,0,-1,,1,1,,1,1,,,,,0,,1,1,,,,,,1,-1,1,1,,,0,,0,1,,,,0,,,,,,,,,,,,,,,,,
322,0,0,105,75,24,,1,,0,-1,1,1,1,1,1,1,1,1,1,-1,-1,1,1,1,1,-1,-1,-1,-1,0,-1,1,1,-1,-1,1,-1,-1,-1,-1,1,1,-1,-1,-1,-1,,1,,,,,,,1,,,1,1,,,,1,,1,1,1,,1,1,1,,,,,-1,1,1,-1,,,1,-1,1,1,1,1,1,,1,,1,,,1,,,1,0,,1,1,1,,1,1,,,1,1,1,1,1,1,1,1,1,1,1,1,,1,1,,1,-1,,1,,1,1,1,1,1,0,,,,,1,-1,1,1,1,,1,0,1,1,-1,,,0,,,,,,,,,,,,,,,,,
323,1,1,106,46,36,,1,,1,1,1,1,1,-1,1,1,-1,-1,-1,-1,1,-1,1,-1,0,1,1,-1,1,1,0,0,0,0,0,0,0,0,0,0,0,0,0,0,0,0,,1,,,,,,,-1,,,-1,0,,,,-1,,-1,0,1,,-1,1,1,,,,,1,-1,1,-1,,,-1,0,1,-1,-1,1,-1,,1,,1,,,-1,,,1,-1,,0,-1,1,,1,1,,,-1,1,1,1,1,1,1,0,1,1,1,1,,1,-1,,1,1,,-1,,-1,-1,-1,-1,-1,-1,,,,,1,1,1,-1,-1,,-1,0,-1,1,-1,,,0,,,,,,,,1,,,,,,,,,
327,0,0,32,21,3,,1,,,,,,,,,,,1,,,,,,,,0,,,,1,1,1,,0,1,,,,-1,,1,1,,,,,,,,,,,,,,,,,,,,,0,,1,1,,,,,1,,,,,,,,,,,,,,,,,1,,,,,,,,,,,,,-1,,1,,-1,,,,,1,1,,,,,,0,,,,,,,,,0,,1,,1,0,,,,,,,,,,1,,1,1,,,0,1,,,,,0,,,,,,,,,,,,,,,,,
328,1,2,61,6,9,,0,,0,,0,-1,-1,,,0,0,0,-1,,0,,0,,0,,0,,1,0,,0,,0,,,,,,,,,,0,0,,,1,,,,,,,,,,,0,,,,,,,,,,-1,0,0,,,,,,0,0,-1,,,0,0,0,,,,,,0,,,,,0,,,0,0,,0,-1,,,0,0,,,0,0,0,0,0,0,,,,,1,-1,,,0,,,,,,,0,0,0,0,1,-1,,,,,,,0,0,0,,-1,0,,,,,,0,,,,,,1,1,,,,,,,,,,
329,0,0,120,50,21,,-1,,1,-1,0,1,-1,1,1,1,-1,1,1,-1,-1,1,0,-1,-1,-1,0,-1,-1,0,0,0,0,0,0,0,0,0,0,0,0,0,0,0,0,0,,0,,,,,,,0,,,1,0,,,,0,,-1,-1,1,,1,1,1,,,,,-1,1,0,-1,,,0,1,1,1,-1,0,1,,1,,1,,,0,,,1,1,,0,1,0,,-1,0,,,1,1,1,0,1,0,1,0,1,0,0,1,,1,1,,1,1,,1,,1,1,0,-1,0,0,,,,,1,0,1,0,1,,0,1,1,0,1,,,0,0,1,0,0,1,1,1,-1,-1,0,1,1,,,-1,0,1
330,1,2,107,60,26,,1,,1,1,1,1,1,-1,-1,1,1,1,1,1,1,-1,1,0,1,1,1,1,0,0,1,1,-1,-1,-1,-1,1,-1,-1,1,-1,-1,1,-1,1,-1,,0,,,,,,,1,,,0,1,,,,1,,1,1,1,,-1,1,-1,,,,,0,1,1,-1,,,1,1,0,0,-1,1,0,,-1,,1,,,1,,,1,1,,-1,0,1,,1,0,,,1,1,0,0,0,1,1,0,1,1,-1,1,,-1,1,,1,-1,,1,,1,1,0,1,0,-1,,,,,1,1,1,0,-1,,0,0,-1,-1,1,,,0,,,,,,,,,1,1,,,,,,,
331,0,0,41,33,8,,1,,,1,,1,,1,1,,,1,,1,,1,1,,,,,,-1,,1,1,1,,-1,-1,,-1,-1,,,1,-1,,,,,1,,,,,,,1,,,,,,,,,,1,,,,1,,1,,,,,,,,-1,,,,,,,,,,,,,1,,,,,,1,,,,,,,1,,,,1,,1,,1,,,,1,,,,,,,,1,,,,,,,1,,1,1,,,,,,,1,,1,,1,,,,-1,,,1,,,,,,,,,,,,,,,,,
333,0,0,55,40,11,,1,,,1,,,1,1,1,,-1,1,,,-1,0,,,0,-1,,1,,0,,,-1,,,,1,-1,1,,-1,,,-1,,-1,,,,,,,,,,,,1,1,,,,,,-1,,1,,,,,,,,,,,,,,,,1,-1,,,,,,1,,,,,1,,,1,-1,,,,1,,1,1,,,1,1,,,1,,,1,1,1,1,1,,1,1,,,,,,,1,1,,,1,1,,,,,,1,1,1,1,,0,,1,1,,,,,,,,,,1,,,,,,,,,,,
334,0,0,108,62,21,,1,,0,0,1,1,1,1,1,1,0,1,1,0,1,1,1,1,1,0,-1,0,-1,1,1,1,-1,1,-1,1,-1,-1,-1,-1,1,1,-1,-1,-1,-1,,1,,,,,,,-1,,,1,0,,,,1,,1,1,1,,-1,1,1,,,,,-1,1,1,-1,,,1,-1,0,1,0,1,1,,1,,0,,,0,,,1,0,,-1,1,1,,0,1,,,1,1,1,1,0,1,1,1,1,0,0,1,,1,0,,1,0,,1,,1,1,0,-1,0,-1,,,,,1,1,1,1,1,,0,1,-1,1,1,,,0,,,,,,0,0,0,,,,,,,,,
335,0,0,98,62,20,,-1,,1,,,,,1,1,0,-1,1,1,0,0,1,1,0,1,0,0,-1,,1,1,1,,-1,-1,-1,1,-1,-1,-1,1,1,-1,-1,-1,-1,,1,,,,,,,1,,,1,1,,,,1,,1,1,1,,0,1,1,,,,,0,-1,1,-1,,,1,-1,1,1,1,1,1,,1,,0,,,1,,,1,0,,-1,1,1,,-1,1,,,1,1,1,,1,1,1,1,1,0,0,0,,,1,,1,1,,,,1,1,1,1,1,1,,,,,1,0,1,1,1,,1,-1,1,1,1,,,,,,,,,0,0,-1,,,,,,,,,
339,0,1,117,60,29,,1,,0,-1,1,1,-1,1,1,-1,-1,0,1,-1,-1,1,1,0,0,-1,-1,-1,-1,1,1,0,-1,1,-1,1,-1,-1,-1,-1,1,1,-1,-1,-1,-1,,1,,,,,,,0,,,1,1,,,,1,,0,0,1,,1,1,1,,,,,1,-1,0,-1,,,1,1,-1,1,1,1,1,,1,,0,,,0,,,1,1,,-1,1,1,,-1,-1,,,1,1,1,1,0,0,1,1,0,-1,1,0,,0,1,,1,1,,1,,1,0,0,0,0,0,,,,,1,1,1,1,1,,0,0,0,1,1,,,-1,1,1,1,0,1,1,0,0,-1,0,1,1,,,,,
345,0,0,117,78,19,,0,,0,-1,0,1,1,1,1,1,-1,1,1,-1,0,1,1,0,0,-1,1,-1,-1,0,-1,-1,1,-1,-1,-1,1,-1,-1,-1,1,1,-1,-1,-1,1,,1,,,,,,,1,,,1,1,,,,1,,1,1,1,,1,1,1,,,,,0,1,1,-1,,,1,0,1,1,0,0,1,,1,,0,,,1,,,1,1,,1,1,0,,-1,1,,,0,1,1,0,1,1,1,1,1,0,1,1,,1,1,,1,1,,1,,1,1,1,1,1,1,,,,,1,0,1,0,1,,1,1,1,1,1,,,1,1,0,1,1,1,1,1,1,0,1,1,1,,,,,
351,1,0,108,50,56,,1,,1,,1,-1,-1,1,1,1,1,1,1,-1,1,1,1,-1,1,-1,-1,-1,-1,1,1,-1,-1,0,-1,1,-1,-1,-1,-1,-1,-1,-1,,-1,1,,-1,,,,,,,-1,,,1,-1,,,,1,,,,1,,-1,1,1,,,,,-1,-1,1,1,,,1,-1,-1,-1,-1,1,-1,,1,,1,,,-1,,,-1,-1,,-1,-1,1,,-1,1,,,1,1,1,1,1,1,1,0,1,-1,-1,-1,,1,-1,,1,,,-1,,1,,-1,-1,-1,-1,,,,,1,1,1,1,1,,,-1,,1,-1,,,-1,-1,1,1,-1,,1,-1,-1,-1,-1,-1,-1,,,,,
352,0,0,117,70,47,,-1,,-1,1,1,1,1,1,-1,1,-1,1,1,1,-1,1,1,-1,1,-1,-1,-1,-1,-1,-1,1,-1,-1,1,-1,-1,-1,-1,1,-1,-1,-1,1,1,-1,,1,,,,,,,1,,,-1,1,,,,1,,1,-1,1,,-1,1,1,,,,,-1,-1,1,-1,,,1,1,-1,1,-1,1,-1,,1,,1,,,1,,,1,-1,,-1,-1,1,,-1,1,,,1,1,1,1,-1,1,1,-1,1,1,-1,1,,1,1,,1,1,,1,,1,-1,1,1,1,-1,,,,,1,-1,1,1,1,,1,-1,1,1,-1,,,1,1,1,1,1,1,-1,-1,1,-1,1,1,-1,,,,,
355,0,0,94,53,20,,1,,1,0,1,1,0,1,1,,-1,1,1,-1,0,1,1,0,1,-1,-1,-1,-1,0,1,,-1,1,-1,1,-1,-1,-1,-1,,1,-1,-1,-1,,,0,,,,,,,1,,,1,,,,,1,,1,,1,,,1,,,,,,0,1,1,,,,1,1,1,1,,0,-1,,,,0,,,0,,,1,0,,,,1,,0,1,,,,1,1,1,1,,1,0,1,0,,0,,,0,,1,,,-1,,1,0,1,1,1,1,,,,,1,-1,1,1,1,,,0,,,0,,,1,,1,1,1,,0,1,-1,-1,1,1,0,,,,,
356,0,0,117,77,19,,0,,1,1,1,1,1,1,1,1,-1,1,1,0,1,0,1,0,1,-1,1,0,0,1,1,-1,-1,-1,-1,-1,1,-1,-1,1,-1,1,-1,-1,1,-1,,1,,,,,,,1,,,1,1,,,,1,,1,0,1,,1,1,0,,,,,-1,1,1,-1,,,1,1,1,1,1,0,1,,1,,1,,,1,,,1,0,,-1,0,1,,0,1,,,1,1,1,1,1,1,1,-1,1,0,0,1,,1,1,,1,1,,1,,1,1,0,1,1,1,,,,,1,1,1,-1,1,,0,1,1,0,1,,,0,0,1,1,1,1,0,0,-1,1,1,1,1,,,,,
357,0,0,101,36,7,,1,,0,-1,,1,,1,1,0,0,1,1,-1,0,0,1,0,0,-1,-1,-1,0,0,0,0,0,,0,0,0,0,0,0,,,0,0,0,0,,0,,,,,,,0,,,1,0,,,,0,,0,0,0,,1,1,1,,,,,0,0,,,,,1,1,-1,1,,0,0,,1,,0,,,0,,,1,1,,0,1,0,,0,0,,,,1,1,0,1,,1,0,1,0,0,1,,0,1,,1,0,,0,,1,0,,,0,0,,,,,1,1,,1,1,,0,0,1,1,,,,0,0,1,1,0,1,,0,0,-1,,0,0,,,,,
359,0,1,118,71,31,,1,,1,-1,1,1,1,1,-1,1,-1,1,1,-1,-1,1,1,0,1,-1,-1,-1,-1,1,1,1,-1,1,-1,1,-1,-1,-1,-1,1,1,-1,-1,1,-1,,-1,,,,,,,1,,,1,1,,,,1,,1,1,1,,1,1,1,,,,,1,0,1,1,,,1,0,-1,1,1,0,0,,0,,0,,,-1,,,1,1,,-1,1,1,,0,1,,,0,1,1,1,1,1,1,1,1,0,1,0,,1,1,,1,1,,1,,1,0,1,-1,0,-1,,,,,1,-1,1,1,1,,1,-1,-1,1,-1,,,1,1,1,-1,1,0,1,-1,-1,0,1,0,1,,,,1,
360,0,0,117,55,19,,1,,0,0,1,1,0,1,1,1,0,0,1,0,0,0,1,1,1,0,0,-1,-1,0,1,1,-1,0,-1,0,-1,-1,-1,-1,1,1,-1,-1,0,-1,,1,,,,,,,1,,,1,1,,,,1,,0,1,1,,0,1,1,,,,,-1,1,1,-1,,,1,0,0,-1,-1,0,0,,1,,0,,,0,,,1,-1,,0,-1,1,,1,0,,,0,1,1,1,1,0,1,0,1,0,0,0,,0,0,,1,1,,0,,1,1,1,0,1,0,,,,,1,0,1,1,1,,1,0,-1,1,0,,,0,1,1,1,1,1,1,0,0,0,0,1,-1,,,,,
361,0,0,87,50,34,,-1,,,0,1,,1,1,1,,,-1,,-1,,1,1,-1,1,-1,-1,-1,,1,1,,,1,-1,,-1,-1,,1,-1,1,,-1,1,-1,,1,,,,,,,1,,,1,,,,,1,,1,-1,1,,1,,-1,,,,,-1,-1,,-1,,,1,,,,-1,-1,1,,-1,,,,,,,,1,1,,-1,1,1,,,0,,,1,1,1,,,,1,1,1,-1,1,-1,,1,1,,1,,,-1,,1,1,-1,,1,,,,,,1,1,-1,1,,,1,-1,,-1,1,,,-1,-1,1,1,-1,1,-1,0,1,-1,1,1,,,,,,
364,0,0,84,52,28,,1,,,-1,1,,-1,1,,,1,,1,-1,-1,1,,,1,1,-1,,-1,1,-1,-1,1,,,,,-1,-1,0,1,0,0,-1,,0,,-1,,,,,,,1,,,,1,,,,1,,-1,,1,,-1,1,1,,,,,1,1,,-1,,,1,,1,,-1,1,1,,-1,,-1,,,-1,,,1,,,-1,,1,,1,1,,,,,1,1,1,1,,1,,1,-1,1,,1,,,1,,,1,,1,-1,,,,1,,,,,1,-1,1,1,1,,1,,-1,1,1,,,-1,1,1,1,,,1,1,,-1,1,-1,-1,,,,,
369,0,0,120,52,29,,-1,,0,0,1,1,1,1,-1,1,0,1,1,0,0,0,1,0,1,0,-1,-1,-1,1,0,-1,-1,0,-1,-1,-1,-1,-1,0,-1,1,-1,-1,-1,-1,,0,,,,,,,0,,,1,0,,,,1,,0,1,1,,-1,1,1,,,,,-1,1,0,-1,,,1,-1,-1,0,0,0,0,,1,,0,,,-1,,,1,0,,1,1,1,,0,1,,,1,1,1,1,1,0,1,1,1,0,-1,1,,1,0,,1,0,,0,,1,0,0,0,1,-1,,,,,1,1,1,1,1,,0,0,0,1,0,,,1,0,1,1,1,1,-1,0,-1,0,-1,1,0,,,-1,1,1
373,0,0,120,66,54,,1,,1,-1,-1,1,-1,1,1,1,1,1,1,-1,-1,1,1,1,1,-1,-1,-1,-1,-1,-1,-1,-1,-1,-1,-1,-1,-1,-1,-1,-1,-1,-1,-1,-1,-1,,1,,,,,,,1,,,1,1,,,,1,,-1,1,1,,1,1,1,,,,,1,1,1,-1,,,1,-1,1,-1,-1,1,-1,,1,,-1,,,-1,,,1,1,,-1,1,1,,1,-1,,,-1,1,1,1,-1,1,1,-1,-1,-1,1,1,,-1,1,,1,1,,1,,1,1,-1,-1,1,1,,,,,1,-1,1,-1,1,,1,1,-1,1,-1,,,1,1,-1,1,1,1,1,-1,-1,-1,1,-1,-1,,,1,1,1
374,0,0,76,40,14,,1,,0,,1,1,1,1,1,0,-1,,,-1,0,0,,1,1,,-1,-1,-1,0,,1,-1,,-1,1,,-1,-1,,1,-1,0,1,,-1,,,,,,,,,,,,1,,,,,,,,1,,,1,,,,,,,0,,,,,,,1,0,,,1,0,,0,,0,,,1,,,1,0,,0,1,1,,-1,,,,1,1,,,,1,,,1,,0,,,,1,,1,,,1,,,1,0,0,1,0,,,,,1,,1,1,1,,1,0,1,,,,,-1,,,,0,1,0,0,0,-1,1,1,1,,,,,
376,0,0,88,48,13,,1,,1,-1,0,1,,1,1,1,1,,1,0,,1,1,,,0,-1,0,-1,0,-1,,1,-1,1,1,-1,-1,-1,-1,1,,,-1,1,1,,0,,,,,,,1,,,1,1,,,,1,,,0,1,,1,1,,,,,,-1,1,1,0,,,1,0,,1,,1,-1,,1,,,,,0,,,,0,,,,,,0,1,,,1,1,1,,,,1,1,1,1,0,0,,0,0,,1,1,,0,,0,,0,0,1,,,,,,1,,1,,,,0,,,1,-1,,,0,1,1,1,0,1,0,,,0,,,0,,,,0,1
378,0,0,120,65,41,,-1,,0,-1,1,1,0,1,1,1,1,1,1,0,0,1,1,1,1,1,-1,-1,-1,0,-1,1,-1,-1,1,1,-1,-1,-1,1,-1,-1,1,-1,-1,-1,,1,,,,,,,1,,,-1,1,,,,1,,1,-1,1,,1,0,1,,,,,-1,0,0,-1,,,1,-1,-1,1,-1,0,-1,,1,,-1,,,-1,,,1,1,,-1,1,1,,0,0,,,1,1,1,1,1,1,1,1,1,1,1,1,,0,-1,,1,1,,1,,1,1,1,1,-1,-1,,,,,-1,-1,1,1,1,,1,0,-1,1,-1,,,0,1,1,1,1,1,-1,1,-1,-1,1,-1,-1,,,-1,-1,1
379,0,0,120,90,15,,1,,1,0,1,1,1,1,1,1,-1,1,1,1,0,1,1,1,1,0,1,0,0,0,0,1,-1,-1,-1,0,1,-1,-1,1,1,1,-1,-1,-1,-1,,1,,,,,,,1,,,1,1,,,,1,,1,1,1,,1,1,1,,,,,0,1,1,-1,,,1,1,1,1,1,1,1,,1,,1,,,1,,,1,1,,1,1,1,,0,1,,,1,1,1,1,1,1,1,1,1,1,0,1,,1,1,,1,1,,1,,1,1,1,1,1,1,,,,,-1,1,1,1,1,,1,0,1,1,1,,,0,0,1,1,1,1,1,0,-1,-1,1,1,1,,,-1,1,1
380,0,0,120,84,35,,1,,1,1,1,1,1,1,1,1,1,1,1,1,-1,1,1,1,1,1,1,-1,-1,1,-1,1,1,1,-1,1,-1,-1,-1,1,-1,-1,1,-1,1,-1,,1,,,,,,,1,,,1,1,,,,1,,-1,1,1,,1,1,1,,,,,-1,1,1,-1,,,-1,-1,-1,1,-1,1,1,,1,,1,,,1,,,1,1,,-1,1,1,,1,1,,,1,1,1,-1,1,1,1,-1,1,-1,1,-1,,1,1,,1,-1,,1,,1,-1,1,1,1,-1,,,,,1,-1,1,1,1,,-1,1,1,1,1,,,0,1,1,1,1,1,-1,-1,-1,-1,-1,1,1,,,-1,1,1
18,0,0,7,4,2,,,1,,,,,,1,1,,,,,,,,1,,,,,,0,,,,,-1,-1,,,,,,,,,,,,,,,,,,,,,,,,,,,,,,,,,,,,,,,,,,,,,,,,,,,,,,,,,,,,,,,,,,,,,,,,,,,,,,,,,,,,,,,,,,,,,,,,,,,,,,,,,,,,,,,,,,,,,,,,,,,,,,,,,,,,,,,
57,0,0,6,1,5,,,1,,,,,,,,-1,,,,,,,,,,,,,,,,,-1,-1,-1,,,,-1,,,,,,,,,,,,,,,,,,,,,,,,,,,,,,,,,,,,,,,,,,,,,,,,,,,,,,,,,,,,,,,,,,,,,,,,,,,,,,,,,,,,,,,,,,,,,,,,,,,,,,,,,,,,,,,,,,,,,,,,,,,,,,,,,,,
61,0,0,5,2,2,,,-1,,,1,,,,,,,,,,,-1,,,,,,,,1,,,,0,,,,,,,,,,,,,,,,,,,,,,,,,,,,,,,,,,,,,,,,,,,,,,,,,,,,,,,,,,,,,,,,,,,,,,,,,,,,,,,,,,,,,,,,,,,,,,,,,,,,,,,,,,,,,,,,,,,,,,,,,,,,,,,,,,,,,,,,
86,0,0,13,7,4,,,-1,,,1,,,,1,,,1,,0,,,1,,,1,,,,,1,,,,-1,-1,,,,,1,,-1,,,,,,,,,,,,,,,,,,,,,,,0,,,,,,,,,,,,,,,,,,,,,,,,,,,,,,,,,,,,,,,,,,,,,,,,,,,,,,,,,,,,,,,,,,,,,,,,,,,,,,,,,,,,,,,,,,,,,,,,,,,,,,,,
104,0,0,4,0,2,,,0,,,0,,,,,,,,,,,,,,,,,,-1,,,,,,,,,,,,,,,,-1,,,,,,,,,,,,,,,,,,,,,,,,,,,,,,,,,,,,,,,,,,,,,,,,,,,,,,,,,,,,,,,,,,,,,,,,,,,,,,,,,,,,,,,,,,,,,,,,,,,,,,,,,,,,,,,,,,,,,,,,,,,,,
15,0,0,13,5,7,,,,-1,-1,1,,-1,,,1,,1,,-1,,,1,0,,,,,,,,1,,,,-1,,,,,-1,-1,,,,,,,,,,,,,,,,,,,,,,,,,,,,,,,,,,,,,,,,,,,,,,,,,,,,,,,,,,,,,,,,,,,,,,,,,,,,,,,,,,,,,,,,,,,,,,,,,,,,,,,,,,,,,,,,,,,,,,,,,,,,,,,,
41,0,0,10,2,4,,,,0,0,,,,,,,-1,0,,,,0,,,,,,-1,,,,,,,,,1,-1,-1,1,,,,,,,,,,,,,,,,,,,,,,,,,,,,,,,,,,,,,,,,,,,,,,,,,,,,,,,,,,,,,,,,,,,,,,,,,,,,,,,,,,,,,,,,,,,,,,,,,,,,,,,,,,,,,,,,,,,,,,,,,,,,,,,,,,
118,0,0,27,18,7,,,,0,,1,,,1,1,1,1,,1,1,,1,0,,1,,,,-1,1,1,-1,,,-1,-1,1,-1,,1,,-1,,1,1,,,,,,,,,,,,,,1,,,,1,,,1,,,,,,,,,,,,,-1,,,,,,,,,,,,,,,,,,,,,,,,,,,,,,,,,,,,,,,,,,,,,,,,,,,,,,,,,,,,,,,,,,,,,,,,,,,,,,,,,,,,,,,,,,,
149,0,0,23,13,9,,,,1,,,1,,1,1,,,1,,1,,,1,0,1,,,,-1,,,,-1,,-1,-1,,,1,,-1,,1,-1,,-1,,1,,,,,,,,,,1,,,,,,,,,,,1,,-1,,,,,,,,-1,,,,,,,,,,,,,,,,,,,,,,,,,,,,,,,,,,,,,,,,,,,,,,,,,,,,,,,,,,,,,,,,,,,,,,,,,,,,,,,,,,,,,,,,,,,
156,0,0,22,13,8,,,,1,,,,,1,,1,,,,-1,-1,,,1,,,,,,1,0,1,1,,-1,-1,-1,,,,1,1,,-1,,,,,,,,,,,1,,,,,,,,1,,-1,,,,1,,,,,,,1,,,-1,,,,,,,,,,,,,,,,,,,,,,,,,,,,,,,,,,,,,,,,,,,,,,,,,,,,,,,,,,,,,,,,,,,,,,,,,,,,,,,,,,,,,,,,,,,
166,0,1,22,10,10,,,,0,-1,-1,1,,,1,1,,,1,,,-1,,,,-1,-1,-1,,0,,-1,,,,,1,-1,,-1,,,,,,,,,,,,,,,1,,,,,,,,,,,,1,,,,1,,,,,-1,1,,,,,,,,,,,,,,,,,,,,,,,1,,,,,,,,,,,,,,,,,,,,,,,,,,,,,,,,,,,,,,,,,,,,,,,,,,,,,,,,,,,,,,,,,,,,,,
168,0,0,46,30,15,,,,1,1,1,1,1,1,1,-1,1,1,,-1,1,0,1,1,1,-1,1,-1,-1,1,1,1,-1,-1,-1,-1,,,-1,1,-1,-1,-1,1,1,1,,1,,,,,,,-1,,,1,1,,,,1,,1,1,,,,1,1,,,,,-1,1,,,,,,,,,,,,,,,,,,,,,,,,,,,,,,,,,,,,,,,,,,,,,,,,,,,,,,,,,,,,,,,,,,,,,,,,,,,,,,,,,,,,,,,,,,,,,
183,1,0,35,24,9,,,,1,1,,1,1,,1,1,1,,,1,,,,,1,,1,1,1,1,1,-1,,-1,-1,,,,-1,1,-1,-1,,1,-1,,,,,,,,,,1,,,,,,,,,,1,,,,,1,,,,,,-1,1,1,,,,,0,,1,-1,,,,0,,,,,1,,,1,,,,,,,,,,,,,,,,,,,,,,,,,,,,,,,,,,,,,,,,,,,,,,,,,,,,,,,,,,,,,,,,,,,,,,,,
189,0,0,54,29,19,,,,0,-1,,1,1,1,1,1,0,1,,1,-1,,,1,1,-1,,-1,1,0,1,1,,-1,-1,,1,-1,-1,1,-1,1,-1,-1,-1,1,,,,,,,,,-1,,,-1,1,,,,1,,-1,1,1,,0,,1,,,,,-1,,1,-1,,,,1,-1,1,1,0,0,,1,,,,,1,,,,-1,,1,1,,,,,,,,,,,,,,,,,,,,,,,,,,,,,,,,,,,,,,,,,,,,,,,,,,,,,,,,,,,,,,,,,,,,
191,0,0,22,10,3,,,,0,,,1,,1,,,,,,,1,0,1,0,1,,,,-1,0,,,,,,,,0,-1,1,,,-1,,,,,0,,,,,,,1,,,,,,,,,,,,,,,,,,,,,0,,,0,,,1,,,1,1,,,,,,,,,,,,,,,,,,,0,,,,,,,,,,,,,,,,,,,,,,,,,,,,,,,,,,,,,,,,,,,,,,,,,,,,,,,,,,,,,,,,,
193,0,0,51,19,10,,,,0,,0,,1,1,1,1,,,1,0,,0,1,0,1,0,0,-1,0,,,1,,,,-1,1,-1,-1,1,-1,1,-1,,,-1,,,,,,,,,1,,,0,0,,,,0,,0,0,1,,1,1,0,,,,,0,1,,-1,,,0,-1,0,,,0,,,1,,,,,0,,,1,0,,-1,1,0,,,0,,,,,,,,,,,,,,,,,,,,,,,,,,,,,,,,,,,,,,,,,,,,,,,,,,,,,,,,,,,,,,,,
207,0,0,16,7,3,,,,1,,,,0,,,1,,,,,,,1,,,,0,,,,,,,,,,,,,-1,1,1,,-1,,,,,,,,,,,,,,,0,,,,,,,,,,,,,,,,,,,1,-1,,,,,,,,1,,,,,,,,,,,,0,,,,,,,,,,,,,,,,,0,,0,,,,,,,,,,,,,,,,,,,,,,,,,,,,,,,,,,,,,,,,,,,,,,,,,,,,
212,0,0,49,8,9,,,,0,,1,0,0,1,0,0,0,,0,-1,0,0,,,0,,-1,,-1,0,,,-1,-1,1,1,0,-1,,1,,,,0,,,,0,,,,,,,,,,1,,,,,,,,,,,,0,0,,,,,0,,0,,,,0,0,,0,-1,1,0,,,,,,,0,,,0,0,,-1,,,,,-1,,,,1,0,,0,0,0,0,0,0,,,,,,,,,,,,,,,,,,,,,,,,,,,,,,,,,,,,,,,,,,,,,,,,,,,,
240,0,0,25,11,11,,,,1,,,,,,1,,1,,,,,,1,,,-1,-1,,1,,1,-1,,,-1,-1,,-1,1,,-1,,,,,,,,,,,,,,1,,,,,,,,,,,,0,,1,,,,,,,,,1,,,,,-1,-1,,,,,,,,-1,,,,,,-1,,,,,,,,,,,,,1,,0,,0,,,,,,,,,,,,,,,,,,,,,,,,,,,,,,,,,,,,,,,,,,,,,,,,,,,,,,,
245,0,0,26,17,4,,,,1,,,1,,,,,0,1,,0,,0,,,,,,,,,,,-1,,,,1,,-1,,,,,,1,-1,,,,,,,,,,,,,1,,,,1,,,1,,,1,1,,,,,,,,,-1,,,,1,,,,,,,,,,,,1,,,,1,,,,,,,1,,,,1,1,,,,,,0,0,,,,1,,,,,,,,,,,,,,,,,,,,,,,,,,,,,,,,,,,,,,,,,,,,,,,,
265,0,0,71,49,17,,,,1,1,1,1,1,1,1,-1,1,1,1,-1,1,,,1,1,0,1,1,,,1,,0,1,-1,1,0,-1,,,-1,-1,1,-1,1,1,,1,,,,,,,1,,,1,1,,,,1,,,,1,,1,1,1,,,,,,1,1,-1,,,1,-1,1,1,-1,1,1,,,,,,,-1,,,,-1,,-1,1,1,,-1,,,,1,1,,0,1,,1,1,,1,,0,,1,-1,,1,-1,,1,,,1,,,,-1,,,,,,,,,,,,,,,,,,,,,,,,,,,,,,,,,,,
266,0,0,64,39,20,,,,-1,1,1,1,-1,,,-1,1,,1,1,0,1,,,,-1,0,,,1,,1,,1,-1,1,-1,,-1,1,-1,-1,1,-1,1,1,,-1,,,,,,,1,,,1,1,,,,,,-1,,,,-1,1,,,,,,-1,0,1,-1,,,1,1,1,,-1,1,1,,1,,1,,,,,,,-1,,-1,,1,,1,,,,1,1,,1,1,,,,1,0,-1,-1,,,0,,1,,,1,,,1,1,1,,,,,,,,,,,,,,,,,,,,,,,,,,,,,,,,,,,,,
274,0,0,38,21,8,,,,1,,,1,0,1,1,,,,1,-1,0,-1,,,1,0,,,,0,-1,-1,0,,,,,,0,,,1,,,,,,,,,,,,,1,,,,,,,,,,,-1,,,0,1,1,,,,,,,,-1,,,,1,1,1,1,0,,,,,,,,,,,1,,,-1,,,,-1,,,,1,1,,,,,1,1,,0,,,,,1,,,,,,,,,,1,,,,,,,,,,,,,,,,,,,,,,,,,,,,,,,,,,,,,
286,0,0,54,37,13,,,,1,0,,,,1,,1,-1,1,1,-1,0,1,1,1,,1,,-1,,,1,,-1,,-1,,,,-1,,,,,,1,,,1,,,,,,,1,,,1,,,,,1,,1,0,,,1,,1,,,,,-1,,-1,-1,,,1,-1,1,1,-1,,,,1,,-1,,,1,,,1,1,,-1,,1,,,1,,,,1,,1,,0,,,1,,,,,,1,,,1,,1,,,1,,,1,,,,,,,,1,1,,,,,,,,,,,,,,,,,,,,,,,,,,,
305,0,0,45,26,14,,,,-1,,,,,1,1,,1,,,,0,1,1,,1,,1,,,,,1,,,,,-1,-1,-1,1,,-1,,1,,-1,,1,,,,,,,1,,,,-1,,,,,,-1,0,1,,1,,,,,,,,1,1,,,,,,,,,,,,,,1,,,,,,,1,,,,,,-1,,,,-1,1,,1,1,,1,,1,0,,0,,0,1,,,,,,,,-1,,1,-1,-1,,,,,,,,,,,,1,,-1,,,,,,,,,,,,,,,,,,,,,
319,0,0,15,9,5,,,,1,,,,,,,,,,,,,-1,,,-1,,,,,,,1,,,,,,,,,,,,,1,,,,,,,,,,1,,,,1,,,,,,,,,,,,,,,,,,1,1,,,,,,,,,,,,,,,,,,,,,,,-1,,,,,,,,-1,,,,,,,1,,,,,,,,,,,,,,,0,,,-1,,,,,,,,1,,,,,,,,,,,,,,,,,,,,,,,,,,,,
324,0,0,7,4,2,,,,1,,,,,,,,,,,,,1,,,,,,,,,,,,,,,,,,-1,,,-1,,,,,,,,,,,,,,,,,,,,,,,,,,,,,,,,,,,,,,,,,0,,,,,,,,,,,,,,,,,,,,,,,,,1,,,,,,,,,,,,,,,,,,,,,1,,,,,,,,,,,,,,,,,,,,,,,,,,,,,,,,,,,,,,,,
338,0,0,60,35,16,,,,1,0,1,1,0,1,,1,1,1,1,-1,,-1,1,,,-1,-1,-1,,,,0,-1,,0,1,,-1,-1,-1,1,,,-1,,,,,,,,,,,,,,1,,,,,1,,,0,1,,,-1,,,,,,,,1,-1,,,-1,1,1,1,1,,1,,,,1,,,,,,1,0,,,,1,,-1,,,,1,1,1,,,,1,1,1,,,1,,1,,,,,,,,,,,-1,1,0,,,,,,1,,,,,,,1,0,1,,,,,,,,,-1,0,,,,,,,,,,
344,0,0,31,19,6,,,,-1,,,,,,0,,,,,-1,,0,,1,,,,,,,,,-1,,,,0,,,,,,,-1,0,,,,,,,,,,1,,,,,,,,,,,,,,1,1,1,,,,,,,,,,,1,,,,,,1,,,,,,,0,,,,,,,,1,,,,,,,1,,,,,,,,,,-1,,,1,,,,,-1,,,,1,,,,,,,,1,,1,1,,,,1,,,0,,,,,1,,1,,,,,,,1,1,,,,,
353,0,0,1,1,0,,,,1,,,,,,,,,,,,,,,,,,,,,,,,,,,,,,,,,,,,,,,,,,,,,,,,,,,,,,,,,,,,,,,,,,,,,,,,,,,,,,,,,,,,,,,,,,,,,,,,,,,,,,,,,,,,,,,,,,,,,,,,,,,,,,,,,,,,,,,,,,,,,,,,,,,,,,,,,,,,,,,,,
362,0,1,72,36,21,,,,1,1,1,1,,,,,-1,,,-1,0,0,,0,1,,,,,1,1,1,-1,,1,,,-1,-1,-1,1,,,1,-1,-1,,,,,,,,,,,,,,,,,1,,1,,1,,-1,,,,,,,0,,,-1,,,-1,,1,0,-1,,1,,1,,,,,,,,0,1,,,1,,,1,,,,,1,,,,,1,1,1,-1,0,1,,0,-1,,1,,,-1,,1,-1,0,1,1,,,,,,1,-1,,1,,,-1,-1,-1,,0,,,-1,0,1,,0,,1,1,0,0,,0,1,,,,,1
363,0,0,54,36,9,,,,0,,,,,,,1,,1,,-1,,1,1,-1,1,,1,,,,,-1,,-1,-1,,,,0,,,1,,,,,,,,,,,,,,,,,1,,,,1,,1,,1,,,1,0,,,,,0,-1,1,,,,1,,1,,,,,,1,,1,,,-1,,,1,,,-1,1,1,,1,,,,,,,1,1,1,,1,1,,,0,,,0,,1,0,,,,,1,,,-1,,,,,,,,1,,,,,,,,1,,,,1,,1,1,1,0,0,,1,1,,,,,,,
52,0,0,8,5,2,,,,,1,,,1,,,,,0,,,,,,,,,,,,,,1,,,,,,,-1,,1,1,,-1,,,,,,,,,,,,,,,,,,,,,,,,,,,,,,,,,,,,,,,,,,,,,,,,,,,,,,,,,,,,,,,,,,,,,,,,,,,,,,,,,,,,,,,,,,,,,,,,,,,,,,,,,,,,,,,,,,,,,,,,,,,,,,
55,0,0,5,1,0,,,,,0,,,,,,1,,,,,,,,,,,,,,,,,,0,,,,,,,,,0,,,0,,,,,,,,,,,,,,,,,,,,,,,,,,,,,,,,,,,,,,,,,,,,,,,,,,,,,,,,,,,,,,,,,,,,,,,,,,,,,,,,,,,,,,,,,,,,,,,,,,,,,,,,,,,,,,,,,,,,,,,,,,,,
93,0,0,1,1,0,,,,,1,,,,,,,,,,,,,,,,,,,,,,,,,,,,,,,,,,,,,,,,,,,,,,,,,,,,,,,,,,,,,,,,,,,,,,,,,,,,,,,,,,,,,,,,,,,,,,,,,,,,,,,,,,,,,,,,,,,,,,,,,,,,,,,,,,,,,,,,,,,,,,,,,,,,,,,,,,,,,,,,
153,0,0,10,6,4,,,,,1,,,,,,1,,,,,1,,,,,,,,,,1,,,,-1,1,,-1,,,,,1,,,-1,,,,,,,,,,,,-1,,,,,,,,,,,,,,,,,,,,,,,,,,,,,,,,,,,,,,,,,,,,,,,,,,,,,,,,,,,,,,,,,,,,,,,,,,,,,,,,,,,,,,,,,,,,,,,,,,,,,,,,,,,,,,,,
161,0,0,10,5,5,,,,,1,,,1,,,,-1,,,1,,,,,,1,,,,,,,,,,,,-1,,,,,-1,,,-1,,,,,,,,,,,,,,,,,,,,,,,,,1,,,,,-1,,,,,,,,,,,,,,,,,,,,,,,,,,,,,,,,,,,,,,,,,,,,,,,,,,,,,,,,,,,,,,,,,,,,,,,,,,,,,,,,,,,,,,,,,,,,,,
173,0,0,36,18,15,,,,,1,1,1,-1,-1,,0,-1,1,1,-1,,,,1,,1,-1,1,-1,0,1,,-1,,-1,-1,1,,-1,1,-1,,-1,,,0,,1,,,,,,,,,,-1,,,,,1,,1,1,,,,1,,,,,,1,1,-1,-1,,,,,,,,,,,,,,,,,,,,,,,,,,,,,,,,,,,,,,,,,,,,,,,,,,,,,,,,,,,,,,,,,,,,,,,,,,,,,,,,,,,,,,,,,,,
175,0,0,11,6,5,,,,,1,,,,,,,1,1,,,,,,,,,,,,,,-1,,-1,,,,,-1,,-1,-1,,,,,,,,,,,,,,,,1,1,,,,,,,,,,,,,,,,,,,1,,,,,,,,,,,,,,,,,,,,,,,,,,,,,,,,,,,,,,,,,,,,,,,,,,,,,,,,,,,,,,,,,,,,,,,,,,,,,,,,,,,,,,,,,,,,
188,1,0,30,8,19,,,,,0,1,-1,,,,,,1,,,,,,,1,,1,-1,-1,0,1,-1,-1,,-1,,,,-1,,,-1,1,-1,-1,-1,,,,,,,,,,,,,,,,,,,,-1,,,-1,,-1,,,,,-1,,-1,-1,,,,,1,,,,0,,,,-1,,,,,,,1,,,-1,,,,,,,,,,,,,,,,,,,,,,,,,,,,,,,,,,,,,,,,,,,,,,,,,,,,,,,,,,,,,,,,,,,,
217,0,0,7,7,0,,,,,1,,1,,,,,,,,,,,,,,,,,,1,,,,,,,,,,,,,,,,,,,,,,,,,,,,1,,,,,,,,1,,,,,,,,,,,,,,,,,,,,,,1,,,,,,,,,,,,,,,,,,,,,,,,,,,1,,,,,,,,,,,,,,,,,,,,,,,,,,,,,,,,,,,,,,,,,,,,,,,,,,,,,,,
235,0,0,40,18,14,,,,,1,1,1,,1,,1,,1,,,,,,,1,1,,-1,-1,,1,-1,,,,-1,,-1,,,,-1,,-1,,,,,,,,,,,1,,,,,,,,,,-1,0,1,,-1,,,,,,,-1,,1,-1,,,1,,0,-1,,,,,,,,,,,,,,,,-1,0,1,,0,0,,,,1,1,0,,1,1,0,,,0,-1,,,,,,,,,,,,,,,,,,,,,,,,,,,,,,,,,,,,,,,,,,,,,,,,,,
253,0,0,42,16,16,,,,,-1,1,1,1,,1,1,-1,,1,-1,0,,,0,1,-1,-1,-1,,0,,1,-1,,,,-1,,-1,,1,,,,,,,1,,,,,,,,,,,,,,,1,,,,,,,1,,,,,,0,-1,1,,,,,-1,-1,0,,,-1,,,,-1,,,,,,,0,,-1,-1,,,,0,,,1,1,1,0,,,,,0,,0,,,,,,,,,,,,,,,,,,,,,,,,,,,,,,,,,,,,,,,,,,,,,,,,,,,
254,0,0,11,8,2,,,,,1,,,,,,,,,,,,,,,,-1,,,,,,,,,,,,,,,,,,,,,,,,,,,,,,,,1,,,,,,,1,,,,1,,,,,,,,,,,,,,,,,,,,,,,1,,,-1,,,,,,,,,,0,,,,1,,,,1,1,,,,,,,,,,,,,,,,,,,,,,,,,,,,,,,,,,,,,,,,,,,,,,,,,,,,,,,,
261,0,0,37,23,14,,,,,1,,,-1,,1,,,,,,-1,,1,,1,,,-1,-1,-1,1,,,,,,1,-1,,,,1,,,1,,,,,,,,,,,,,,1,,,,,,,-1,1,,-1,,,,,,,,,,1,,,,,-1,,,,,,,,,,,-1,,,1,,,,1,1,,,-1,,,1,1,1,1,1,1,,1,1,,-1,,,,,,1,,,,,,,,,-1,-1,,,,,,,,,,,,,,,,,,,,,,,,,,,,,,,,,,,
296,0,0,21,13,5,,,,,1,,1,1,,,1,1,,,,,,,0,,,,,0,,,,,,,,,,-1,1,,,,,-1,,,,,,,,,,1,,,,,,,,,,,,,,,,1,,,,,-1,,,,,,,,,,,,1,,,,,,,,,,,,,-1,,,,,,,,,,,,,,,,,,,,,,1,,1,,,,,,,,,,,,,,,,-1,1,,,,1,,0,,,,,,,,,,,,,,,,,,,,,,
297,0,0,17,7,6,,,,,-1,,,,,1,,,,,,,,,,,,-1,,-1,,,,,0,,,,,,,0,,,,0,0,,,,,,,,,,,,1,,,,,,,,,,,,,,,,,,,,,,,,,,,,,,,,,,-1,,,,,,,,,-1,,,,,,,,,,,1,,,,,,,,-1,,,,,,,,,,,1,,,1,,,,,,,1,,,,,1,,,,,,,,,,,,,,,,,,,,,,,,
321,0,0,14,5,6,,,,,-1,,,,,,,,1,,0,,,,,,,-1,,-1,,,,,,,1,,,,,,1,-1,,,,,,,,,,,,,,,,,,,,,,,,,,,,,,,,,,,,-1,,,,,,,,,,,1,,,,,0,,,,,,,,,,,,,,,,,,,,,,,,,,,,,,,-1,,1,,,,,0,,,,,,,,,,,,,,,,,,,,,,,,,,,,,,,,,,,,,
341,0,0,45,27,12,,,,,-1,,,,,-1,,,1,1,-1,,,,,,-1,-1,,,,,,,,,,-1,,-1,,,,-1,,1,-1,,0,,,,,,,,,,0,,,,,1,,,1,1,,1,,,,,,,1,1,1,-1,,,,1,,,1,0,1,,,,,,,,,,,1,,,,,,,,,,1,,1,,,,1,1,1,,0,0,,1,1,,1,,,,,,,,,,,,,,,,-1,1,,1,,0,-1,,1,1,,,1,,,,,,,,,,,,,,,,,
347,0,0,1,0,1,,,,,-1,,,,,,,,,,,,,,,,,,,,,,,,,,,,,,,,,,,,,,,,,,,,,,,,,,,,,,,,,,,,,,,,,,,,,,,,,,,,,,,,,,,,,,,,,,,,,,,,,,,,,,,,,,,,,,,,,,,,,,,,,,,,,,,,,,,,,,,,,,,,,,,,,,,,,,,,,,,,,,,,
350,0,0,7,4,0,,,,,1,,,,,,0,,0,,,,,,,,,,,,,,,,,,,,,,,,,,,0,,,,,,,,,,1,,,,,,,,,,,,,,,,,,,,,,,,,,,,,,,,,,,,,,,,,,,,,,,,,,,,,,1,,,,,,,,,,,,,,,,,,,,,,,,,,,,,,,,,,,1,,,,,,,,,,,,,,,,,,,,,,,,,,
358,0,0,44,29,7,,,,,-1,1,,,1,,,,,,-1,,,,,1,-1,,,,,,0,,,-1,,,0,,0,,,,,,,,,,,,,,,,,,1,,,,,,,,,1,,0,1,1,,,,,,,,1,,,,,,1,1,1,1,,,,1,,,,,,,0,,0,,1,,-1,,,,,1,,1,1,,,1,,1,,1,,,,,,1,,,,1,,1,-1,,1,,,,,,,,,,,1,,0,1,,,,,,1,,,1,,,0,,,1,-1,,,,,
365,0,0,15,13,2,,,,,1,,1,,,,,,1,,,,,,,,,,,,,,,,,,,,,1,,,1,,,,,,,,,,,,,,,,,,,,,,,,,,,,,,,,,,,,,,,,,,,,,,,,,,,,,,,,,,,,,,,,,,,1,,,,,,,,,1,,,,,,,,1,,,,1,,1,,1,,,,,,,,,,,,,,,,1,,,,-1,,,1,,,-1,,,,,,,,,,
49,0,0,8,3,1,,,,,,1,,,,,,,1,,,,,-1,,1,,,,,0,,,,0,,,,,0,,,,,,,0,,,,,,,,,,,,,,,,,,,,,,,,,,,,,,,,,,,,,,,,,,,,,,,,,,,,,,,,,,,,,,,,,,,,,,,,,,,,,,,,,,,,,,,,,,,,,,,,,,,,,,,,,,,,,,,,,,,,,,,,,,,,
78,0,0,1,1,0,,,,,,1,,,,,,,,,,,,,,,,,,,,,,,,,,,,,,,,,,,,,,,,,,,,,,,,,,,,,,,,,,,,,,,,,,,,,,,,,,,,,,,,,,,,,,,,,,,,,,,,,,,,,,,,,,,,,,,,,,,,,,,,,,,,,,,,,,,,,,,,,,,,,,,,,,,,,,,,,,,,,,,
87,0,0,3,3,0,,,,,,1,,,,,,1,,,,,,,,,,,,,,,,,,,,,,,,,,,,,,,,,,,,,,,,,,1,,,,,,,,,,,,,,,,,,,,,,,,,,,,,,,,,,,,,,,,,,,,,,,,,,,,,,,,,,,,,,,,,,,,,,,,,,,,,,,,,,,,,,,,,,,,,,,,,,,,,,,,,,,,,,,
158,0,0,33,13,18,,,,,,1,,1,-1,,1,1,,,-1,-1,-1,1,-1,-1,,,,,,1,,-1,-1,,-1,1,-1,-1,-1,-1,0,,0,1,-1,,,,,,,,,,,,-1,1,,,,1,,1,,,,,,1,,,,,-1,-1,1,-1,,,,,,,,,,,,,,,,,,,,,,,,,,,,,,,,,,,,,,,,,,,,,,,,,,,,,,,,,,,,,,,,,,,,,,,,,,,,,,,,,,,,,,,,,,,
163,0,0,37,17,15,,,,,,1,1,-1,,1,-1,0,1,1,-1,1,0,1,,0,,,,-1,0,1,1,-1,1,-1,-1,-1,-1,-1,,-1,-1,,0,1,-1,,1,,,,,,,1,,,1,,,,,1,,,,,,,1,1,,,,,,-1,-1,,,,,,,,,,,,,,,,,,,,,,,,,,,,,,,,,,,,,,,,,,,,,,,,,,,,,,,,,,,,,,,,,,,,,,,,,,,,,,,,,,,,,,,,,,,,
197,0,0,12,9,3,,,,,,1,1,,,,,,1,,,,,,,1,,,,,,,,,,,,-1,,,,,1,,,,-1,,,,,,,,,,,,1,1,,,,-1,,,,,,,1,,,,,,,,,,,,1,,,,,,,,,,,,,,,,,,,,,,,,,,,,,,,,,,,,,,,,,,,,,,,,,,,,,,,,,,,,,,,,,,,,,,,,,,,,,,,,,,,,,,,,
206,0,0,13,4,3,,,,,,0,1,,,,,,0,,,,,,,,,,,,,,1,-1,,,,,,,,,,,,,,,,,,,,,,-1,,,,0,,,,,,,,,,,,,,,,,-1,,,,,,,0,,,,1,,,,,,,,,,,0,,,,,,,,,,,,1,,,,,,0,,,,,,,,,,,,,,,,,,,,,,,,,,,,,,,,,,,,,,,,,,,,,,,,,,,,,,
252,0,1,41,14,14,,,,,,1,1,,,1,,,1,,,0,0,-1,-1,,,,-1,,,,,-1,,-1,-1,,-1,,,-1,-1,,,-1,-1,,,,,,,,,1,,,1,0,,,,,,,-1,,,,1,,,,,,-1,,,,,,,,0,,,0,0,,,,0,,,,,,1,,,-1,1,1,,,,,,,,,1,,,0,1,,,,0,,,,,,,,1,,,,,,,,,,,,,,,,,,,,,0,,,,,,,,0,,0,0,,,,,,1,,,,
279,1,0,34,19,15,,,,,,-1,,,,1,1,,,,,,,,,,,,,,1,,,,,1,,,-1,,,,,,,,1,,,,,,,,,-1,,,,,,,,1,,1,-1,,,-1,1,,,,,,1,,,,,,-1,,,-1,,1,,,,,,,,-1,,,,,,-1,-1,1,,,1,,,1,1,,,,,1,-1,,,,-1,,,,,1,1,,,,,-1,1,-1,,-1,,,,,,,,1,,,,,,,,,,,,,,,,,,,,,,,,,,,
304,0,1,45,30,15,,,,,,-1,1,,1,1,1,1,,,-1,1,,,,,-1,,,,1,1,,,,,,1,,1,,,1,,,-1,-1,,1,,,,,,,,,,,,,,,,,,1,,,-1,1,,,,,,-1,,,-1,,,1,,-1,1,,,,,1,,-1,,,,,,,,,,-1,1,,-1,-1,,,,,1,,,1,,,1,,1,,,,-1,,,1,,,,,,,1,1,,,,,,,-1,1,,1,,1,,1,,,,,1,,,,,,,,,,,,,,,,,
326,0,0,1,1,0,,,,,,1,,,,,,,,,,,,,,,,,,,,,,,,,,,,,,,,,,,,,,,,,,,,,,,,,,,,,,,,,,,,,,,,,,,,,,,,,,,,,,,,,,,,,,,,,,,,,,,,,,,,,,,,,,,,,,,,,,,,,,,,,,,,,,,,,,,,,,,,,,,,,,,,,,,,,,,,,,,,,,,
343,0,0,40,23,9,,,,,,1,1,,,,,1,,,-1,,,,1,,-1,,,-1,-1,1,,,,,,-1,-1,,-1,0,,-1,,,,,,,,,,,,,,,,,,,,,,1,,1,,,1,,,,,,0,,,-1,,,,,1,,1,,,,1,,,,,,,,1,,,1,,,,,1,,,,,1,0,,0,1,1,,,,,,,,,1,,,,,,,0,,,,,,,,,0,1,,,,,,,1,,,,1,,1,1,,,0,0,,,,,,,,,,
91,0,0,7,5,0,,,,,,,1,,,,,0,1,,,,,,1,,,,,,,,,,,,,,,,,1,1,,,,,,,,,,,,,0,,,,,,,,,,,,,,,,,,,,,,,,,,,,,,,,,,,,,,,,,,,,,,,,,,,,,,,,,,,,,,,,,,,,,,,,,,,,,,,,,,,,,,,,,,,,,,,,,,,,,,,,,,,,,,,,,,,
110,0,0,6,3,0,,,,,,,1,,,0,,,,,,,,,,0,,,,,,,,,,,,,,,,,1,,,,,,,,,,,,,,,,0,,,,,,,,,,,1,,,,,,,,,,,,,,,,,,,,,,,,,,,,,,,,,,,,,,,,,,,,,,,,,,,,,,,,,,,,,,,,,,,,,,,,,,,,,,,,,,,,,,,,,,,,,,,,,,,,,
236,0,1,4,3,1,,,,,,,1,,,,,,,,,,,,,,,,,-1,,,,,,,,,,,,,,,,,,,,,,,,,,,,,,,,,,,,,,,,,,,,,,,,,,,,,1,,,,,,,,,,,,,,,,,,,,,,,,,,,,,,,,,,,,,,,,,1,,,,,,,,,,,,,,,,,,,,,,,,,,,,,,,,,,,,,,,,,,,,,,,
273,0,0,52,28,11,,,,,,,1,1,1,,,,1,,,,,,0,1,,1,0,0,-1,,-1,,,-1,,,-1,-1,,-1,,1,-1,,-1,,,,,,,,,,,,1,,,,,1,,1,1,1,,1,,,,,,,,,,,,,,1,1,1,,1,,,,,1,,,,,,,,,-1,,,,0,0,,,1,1,1,1,1,0,0,,1,,,,,0,-1,,1,,,1,,,,,-1,0,0,,,,,,,,,,,,,,,,,,,,0,1,0,,,,,0,,1,,,,,,
340,0,0,11,8,3,,,,,,,1,,,,,,,,1,,,,,1,,,,,,,,-1,,,-1,,,,,,,,,,,,,,,,,,,,,,,,,,,,,,,,,,,,,,,,,,,,,,,,1,,,,,,,,,,,,,,,,,,,,,,,,,,,,1,,,,,,,,,,,,,,,,,,,,,1,,,,,,,1,,,,,,,,-1,,,,,,,,,,,1,,,,,,,,,,,
348,0,0,32,19,8,,,,,,,1,,,1,1,,,1,,,,1,,,,,,,,0,,-1,-1,,,,-1,,,,,1,-1,,,,,,,,,,,,,,,,,,,,,,1,,,,1,,,,,,1,1,,-1,,,,-1,1,,,0,,,,,,,,,,,,,,,,,,0,-1,,,1,,1,,,,,,,,,,,1,,,,1,,,,,,1,,,,,,,,,,,,,,0,,,,0,,,1,,,,,1,,,,-1,,1,,,,,,
354,0,0,22,6,9,,,,,,,1,,1,,,,1,,,,0,,,,,,-1,,0,,,,,,-1,,,,,-1,,,-1,,,,,,,,,,,,,,,,,,,,,,,,,,1,,,,,,,,,-1,,,-1,,,1,0,0,,,0,,,,,,,,,,,,,,,,,,,,,1,,,,,,,,,,,,,,,,,,,,0,,,,-1,,,,,,,,,,,,,,,,,,,0,,,,,,,-1,-1,,,,,,,,
371,0,0,47,19,6,,,,,,,1,,,0,1,-1,,,0,,,,0,,,,,,,-1,,,-1,1,,-1,,,,,,,,,,,,,,,,,,1,,,,,,,,0,,0,0,,,1,1,1,,,,,,,0,,,,1,-1,,,,,,,0,,1,,,,,,,,,,,,,0,0,,,0,,,0,,,,1,0,,,,,,0,,1,,,0,,,,0,,0,,,,,,,0,1,1,,,1,,,1,0,,,-1,,1,,,1,0,,,,1,0,,,,,0,1
208,0,0,4,2,0,,,,,,,,0,,,,,,,,,,,,,,,,,,,,,1,,,,,,,1,,,,,,,,,,,,,,,,,,,,,,,,,,0,,,,,,,,,,,,,,,,,,,,,,,,,,,,,,,,,,,,,,,,,,,,,,,,,,,,,,,,,,,,,,,,,,,,,,,,,,,,,,,,,,,,,,,,,,,,,,,,,,,,,,,
284,0,0,37,18,5,,,,,,,,-1,1,1,0,,,1,,0,0,,,0,-1,,-1,,0,,,1,,,0,,0,,,0,,-1,,,,,,,,,,,,,,,1,,,,,,,,,,,,,0,,,,,0,,,-1,,,1,1,0,,,,,,,,,,,1,,,1,,,,0,,,,1,,,,,1,0,1,,1,,,,0,,,1,1,,,1,,,,1,,,,1,,,,,,,,,,,,,,,,,,,,,,,,,,,,,,,,,,,,
116,0,0,27,13,10,,,,,,,,,1,,-1,1,,,,,,,,1,1,1,-1,,1,,1,-1,1,-1,0,,-1,-1,0,-1,,1,-1,1,,,1,,,,,,,0,,,0,-1,,,,,,1,,,,1,,,,,,,,,,-1,,,,,,,,,,,,,,,,,,,,,,,,,,,,,,,,,,,,,,,,,,,,,,,,,,,,,,,,,,,,,,,,,,,,,,,,,,,,,,,,,,,,,,,,,,,
159,0,0,13,6,2,,,,,,,,,1,,,,,1,-1,,,,,,,,-1,,,,,,,,,,,0,,,0,,0,,,,0,,,,,,,,,,,,,,,,,,1,1,,1,,0,,,,,,1,,,,,,,,,,,,,,,,,,,,,,,,,,,,,,,,,,,,,,,,,,,,,,,,,,,,,,,,,,,,,,,,,,,,,,,,,,,,,,,,,,,,,,,,,,,,,
200,0,0,18,11,7,,,,,,,,,1,,,1,,,,,,,,,,-1,,-1,,1,,-1,,,,,,,,,,,-1,,,,,,,,,,,1,,,,,,,,,,,1,,,1,1,,,,,,,,,-1,,,,,-1,,-1,1,,,,,1,,,,,,,,,,1,,,,,,,,1,,,,,,,,,,,,,,,,,,,,,,,,,,,,,,,,,,,,,,,,,,,,,,,,,,,,,,,,,,,,
263,0,0,17,1,2,,,,,,,,,-1,,1,,,,0,,,,,0,,,0,,0,,0,,,,,,0,,,,,0,,,,,0,,,,,,,,,,,,,,,,,,-1,,,,,,,,,,,,,,,,0,0,,,,,,,0,,,,,,,,,,,,0,,,,,,,,0,,,,,,,,,,,,0,,,,,,,,,,,,,,,,,,,,,,,,,,,,,,,,,,,,,,,,,,,,,,,,
299,0,0,30,15,9,,,,,,,,,1,,1,,,,-1,,,1,,,,,,,,,,-1,1,-1,-1,,,,,,,,-1,,-1,,,,,,,,,,,,,,,,,,,,,1,,,1,0,,,,,,0,,,,,,,1,,,,,,1,,0,,,,,,1,-1,,,,,,-1,1,,,,,,,,,,,,0,,,,,,,1,,,,,,,,,1,1,,,,,,,1,1,,,0,-1,,0,,,,,,,,,,,,,,,,,,,,,
377,0,0,15,7,1,,,,,,,,,0,,0,,,,,,,,,,,1,,,,,,,0,,,,,,,,,,,,,,,,,,,,,,,,,,,,,,,,,,,,1,,,,,,,,,-1,,,1,,,,,0,,,,,,,,,,,1,,,,1,,,0,,,,,,,,,,,0,,,,,,,,,1,,,,,,,,,,,,,,,,,,,,,1,,,,,,,0,,,,,,,,,,,,,,,,,
33,0,0,7,4,2,,,,,,,,,,1,1,,1,,,,,1,,,,,0,-1,,,,,,,,,,,,,,,-1,,,,,,,,,,,,,,,,,,,,,,,,,,,,,,,,,,,,,,,,,,,,,,,,,,,,,,,,,,,,,,,,,,,,,,,,,,,,,,,,,,,,,,,,,,,,,,,,,,,,,,,,,,,,,,,,,,,,,,,,,,,,,,
165,0,0,1,1,0,,,,,,,,,,1,,,,,,,,,,,,,,,,,,,,,,,,,,,,,,,,,,,,,,,,,,,,,,,,,,,,,,,,,,,,,,,,,,,,,,,,,,,,,,,,,,,,,,,,,,,,,,,,,,,,,,,,,,,,,,,,,,,,,,,,,,,,,,,,,,,,,,,,,,,,,,,,,,,,,,,,,,,
190,0,0,8,3,4,,,,,,,,,,-1,,,,,,,,,,,,,,,,,1,,,,,,-1,,,,,,,,,,,,,,,,,,,,,,,,,,,-1,,,,,,1,,,,,,,,,,,,,,,,0,,,,,1,,,-1,,,,,,,,,,,,,,,,,,,,,,,,,,,,,,,,,,,,,,,,,,,,,,,,,,,,,,,,,,,,,,,,,,,,,,,,,,,
37,0,1,2,2,0,,,,,,,,,,,1,,,,,,,,,,,,,,,,,,,,,,,,,,,,,,,,,,,,,,,,,1,,,,,,,,,,,,,,,,,,,,,,,,,,,,,,,,,,,,,,,,,,,,,,,,,,,,,,,,,,,,,,,,,,,,,,,,,,,,,,,,,,,,,,,,,,,,,,,,,,,,,,,,,,,,,,,,,
126,0,0,19,8,5,,,,,,,,,,,1,0,,,,,,1,0,,0,,,0,1,,-1,,,,-1,1,,,,,-1,1,,1,-1,,1,,,,,,,,,,0,,,,,1,,,0,,,,,,,,,,,,,-1,,,,,,,,,,,,,,,,,,,,,,,,,,,,,,,,,,,,,,,,,,,,,,,,,,,,,,,,,,,,,,,,,,,,,,,,,,,,,,,,,,,,,,,,,,,
134,0,0,6,3,1,,,,,,,,,,,1,,,,,,0,,,,,,,-1,,,,,,,,0,,,,,,,,,,,,,,,,,,,,,,,,,,1,,,1,,,,,,,,,,,,,,,,,,,,,,,,,,,,,,,,,,,,,,,,,,,,,,,,,,,,,,,,,,,,,,,,,,,,,,,,,,,,,,,,,,,,,,,,,,,,,,,,,,,,,,,,
280,0,0,23,6,5,,,,,,,,,,,1,,,0,,,,1,,,,,-1,-1,0,,,,0,,,,,,0,0,,0,0,,,,,,,,,,,1,,,,,,,,,,,,,,,,,,,,,1,,0,-1,,,,,,,-1,,,,-1,,,,,,,,,,,0,1,,,,,,,,,,,,,,,,0,,0,,,,,1,,,,,,,,,0,,,,,,,,,,,,,,,,,,,,,,,,,,,,,,,,,,,,
97,0,2,4,2,2,,,,,,,,,,,,-1,,,-1,,,,,,,,,,,,,,,,,,,,,,,,,,,,,,,,,,,,,,,,,,,,,,,,,,,,,1,1,,,,,,,,,,,,,,,,,,,,,,,,,,,,,,,,,,,,,,,,,,,,,,,,,,,,,,,,,,,,,,,,,,,,,,,,,,,,,,,,,,,,,,,,,,,,,,,,
151,0,0,9,1,3,,,,,,,,,,,,-1,-1,,-1,,0,,,,,1,,,,,,,,,,0,,0,0,,,0,,,,,,,,,,,,,,,,,,,,,,,,,,,,,,,,,,,,,,,,,,,,,,,,,,,,,,,,,,,,,,,,,,,,,,,,,,,,,,,,,,,,,,,,,,,,,,,,,,,,,,,,,,,,,,,,,,,,,,,,,,,,,,,
167,0,0,2,1,1,,,,,,,,,,,,1,,,,,,,,,-1,,,,,,,,,,,,,,,,,,,,,,,,,,,,,,,,,,,,,,,,,,,,,,,,,,,,,,,,,,,,,,,,,,,,,,,,,,,,,,,,,,,,,,,,,,,,,,,,,,,,,,,,,,,,,,,,,,,,,,,,,,,,,,,,,,,,,,,,,,,,,,,,
199,0,0,7,3,3,,,,,,,,,,,,-1,,,,,,,,,,-1,,,,,,,,,,,,,,,,,,,,,,,,,,,,,,,,,,,,,,,,,,,,,,,,,,,,,,,,,,1,,,-1,,,,0,,,,,,,,,,,,,,,,,,1,,,,1,,,,,,,,,,,,,,,,,,,,,,,,,,,,,,,,,,,,,,,,,,,,,,,,,,,,,,,,
292,0,0,1,0,0,,,,,,,,,,,,0,,,,,,,,,,,,,,,,,,,,,,,,,,,,,,,,,,,,,,,,,,,,,,,,,,,,,,,,,,,,,,,,,,,,,,,,,,,,,,,,,,,,,,,,,,,,,,,,,,,,,,,,,,,,,,,,,,,,,,,,,,,,,,,,,,,,,,,,,,,,,,,,,,,,,,,,,
312,0,0,22,13,4,,,,,,,,,,,,1,,1,,0,,,,,,,,,,,,,,,,,,,0,,,,,-1,,,,,,,,,,,,,,1,,,,,,1,,,,1,,,,,,,,1,,,,,,,-1,0,,,,,0,,,,,,,,,,,,1,1,,,,,,,,,,,,,,,,,-1,,1,1,,,,,1,,,,0,,-1,1,,,,,,1,,,,,,,,,,,,,,,,,,,,,,,,,,,,,
133,0,0,5,0,0,,,,,,,,,,,,,0,,,,,,,,,,,,,,,0,,,,,,,,0,,,,,,,0,,,,,,,,,,,,,,,0,,,,,,,,,,,,,,,,,,,,,,,,,,,,,,,,,,,,,,,,,,,,,,,,,,,,,,,,,,,,,,,,,,,,,,,,,,,,,,,,,,,,,,,,,,,,,,,,,,,,,,,,,,,
169,0,0,2,2,0,,,,,,,,,,,,,1,,,,,,,,,,,,,,,,,,,,,,,,,,,,,,1,,,,,,,,,,,,,,,,,,,,,,,,,,,,,,,,,,,,,,,,,,,,,,,,,,,,,,,,,,,,,,,,,,,,,,,,,,,,,,,,,,,,,,,,,,,,,,,,,,,,,,,,,,,,,,,,,,,,,,,,,,
230,0,0,12,12,0,,,,,,,,,,,,,1,,,,,1,1,,,1,,,,,,,,,,,,1,,,,,,,,,,,,,,,,1,,,1,,,,,1,,,,,,,,,,,,,1,,,,,,,,,,,,,,,,,,,,,,,,,,,,,,,,,,,1,,,,,,,1,1,,,,,,,,,,,,,,,,,,,,,,,,,,,,,,,,,,,,,,,,,,,,,,,,,,,
309,0,0,18,10,3,,,,,,,,,,,,,1,,,,,,,1,,,,,0,,,,,-1,,1,-1,,,,,-1,,,,,,,,,,,,,,,,,,,,,,,,1,,,,,,,,,,,0,,,,,,,,0,,,,,,,,,,,,,,,,,1,,,,,,0,1,,,,1,,,,,,1,,1,0,,,,,,,,,,,,,,,,,,,1,,,,,,,,,,,,,,,,,,,,,,,,,,,,
73,0,0,1,1,0,,,,,,,,,,,,,,1,,,,,,,,,,,,,,,,,,,,,,,,,,,,,,,,,,,,,,,,,,,,,,,,,,,,,,,,,,,,,,,,,,,,,,,,,,,,,,,,,,,,,,,,,,,,,,,,,,,,,,,,,,,,,,,,,,,,,,,,,,,,,,,,,,,,,,,,,,,,,,,,,,,,,,,
88,0,1,2,2,0,,,,,,,,,,,,,,1,,,,,,,,,,,,,,,,,,,,,,,,,,,,,,,,,,,,,,,,,,,,,,,,,,,,,1,,,,,,,,,,,,,,,,,,,,,,,,,,,,,,,,,,,,,,,,,,,,,,,,,,,,,,,,,,,,,,,,,,,,,,,,,,,,,,,,,,,,,,,,,,,,,,,,,,
231,0,0,1,1,0,,,,,,,,,,,,,,1,,,,,,,,,,,,,,,,,,,,,,,,,,,,,,,,,,,,,,,,,,,,,,,,,,,,,,,,,,,,,,,,,,,,,,,,,,,,,,,,,,,,,,,,,,,,,,,,,,,,,,,,,,,,,,,,,,,,,,,,,,,,,,,,,,,,,,,,,,,,,,,,,,,,,,,
349,0,0,1,1,0,,,,,,,,,,,,,,1,,,,,,,,,,,,,,,,,,,,,,,,,,,,,,,,,,,,,,,,,,,,,,,,,,,,,,,,,,,,,,,,,,,,,,,,,,,,,,,,,,,,,,,,,,,,,,,,,,,,,,,,,,,,,,,,,,,,,,,,,,,,,,,,,,,,,,,,,,,,,,,,,,,,,,,
95,0,0,6,1,4,,,,,,,,,,,,,,,-1,,,,,,,,0,,,1,-1,,,,,,,,,,-1,,,,,,,,,,,,,,,,,,,,,,,,-1,,,,,,,,,,,,,,,,,,,,,,,,,,,,,,,,,,,,,,,,,,,,,,,,,,,,,,,,,,,,,,,,,,,,,,,,,,,,,,,,,,,,,,,,,,,,,,,,,,,,,,,,
277,0,0,7,1,0,,,,,,,,,,,,,,,0,,,,,,,,,,,,,,0,,,,,,,,,,,,0,,,,,,,,,,,,,,,,,,,,,,,,,0,,,,,,,,,,,,0,,,,,,,,,,,,,,,,,,,,1,,,,,,,,0,,,,,,,,,,,,,,,,,,,,,,,,,,,,,,,,,,,,,,,,,,,,,,,,,,,,,,,,,,,
283,0,0,22,14,4,,,,,,,,,,,,,,,0,1,,0,,1,1,,,,,,,,1,,,,,,,,,1,,,,,,,,,,,,1,,,,,,,,,,1,1,,,-1,,,,,,,,,1,,,,1,,,-1,-1,0,,,-1,,,,,,,,0,1,,,,,,,,,,,,1,,,,,,,,,,,,,,,,,,,,1,,,,,,,,,,,,1,,,,,,,,,,,,,,,,,,,,,,,,,,,
307,0,0,1,0,0,,,,,,,,,,,,,,,0,,,,,,,,,,,,,,,,,,,,,,,,,,,,,,,,,,,,,,,,,,,,,,,,,,,,,,,,,,,,,,,,,,,,,,,,,,,,,,,,,,,,,,,,,,,,,,,,,,,,,,,,,,,,,,,,,,,,,,,,,,,,,,,,,,,,,,,,,,,,,,,,,,,,,,
368,0,0,8,2,2,,,,,,,,,,,,,,,1,0,,,,,,,,,,,,,,,,,,,,,,,,-1,,,,,,,,,,,,,,,,,,,,0,,,,,,-1,,,,,,,,,,,,,,,,,,,,,,,,,,,,,,,0,,,,,,,,1,,,,,,,,,,0,,,,,,,,,,,,,,,,,,,,,,,,,,,,,,,,,,,,,,,,,,,,,,,,,,
372,0,0,22,9,9,,,,,,,,,,,,,,,-1,,,,0,,,,,,,,,,,-1,,,,,,,,1,-1,1,,,,,,,,,,,,,,,,,,,,0,1,,,,,,,,,,,,,,,,1,1,,,,,1,,,,,,,,,,,,,-1,,,,,,,,,,,,1,,,,,,,,,,,,,,,,,,-1,,,1,,,,,,,,,,,,0,,,,1,,,-1,,,,,,,-1,0,-1,-1,,,,,,,
31,0,0,1,1,0,,,,,,,,,,,,,,,,1,,,,,,,,,,,,,,,,,,,,,,,,,,,,,,,,,,,,,,,,,,,,,,,,,,,,,,,,,,,,,,,,,,,,,,,,,,,,,,,,,,,,,,,,,,,,,,,,,,,,,,,,,,,,,,,,,,,,,,,,,,,,,,,,,,,,,,,,,,,,,,,,,,,,,
184,0,0,1,0,0,,,,,,,,,,,,,,,,0,,,,,,,,,,,,,,,,,,,,,,,,,,,,,,,,,,,,,,,,,,,,,,,,,,,,,,,,,,,,,,,,,,,,,,,,,,,,,,,,,,,,,,,,,,,,,,,,,,,,,,,,,,,,,,,,,,,,,,,,,,,,,,,,,,,,,,,,,,,,,,,,,,,,,
269,0,0,1,0,0,,,,,,,,,,,,,,,,0,,,,,,,,,,,,,,,,,,,,,,,,,,,,,,,,,,,,,,,,,,,,,,,,,,,,,,,,,,,,,,,,,,,,,,,,,,,,,,,,,,,,,,,,,,,,,,,,,,,,,,,,,,,,,,,,,,,,,,,,,,,,,,,,,,,,,,,,,,,,,,,,,,,,,
215,0,0,5,3,1,,,,,,,,,,,,,,,,,1,,,,,,,,,,,,,,,,,1,,,,,,,,,,,,,,,,,,,,,,,,,,,,,,,,,,,,,-1,,,,,,,,,,,0,,,,,,,,,,,,1,,,,,,,,,,,,,,,,,,,,,,,,,,,,,,,,,,,,,,,,,,,,,,,,,,,,,,,,,,,,,,,,,,,,,,,
271,0,0,7,5,1,,,,,,,,,,,,,,,,,1,,1,,,,,,,,,,,,,,-1,,,,,,,,,,,,,,,,,,,,,,,,,,,,,,,,,,,,,,,,,,,,,,,,0,,,,,,1,,,,,,,,,,,,,,,,,,,,,,,1,,,,,,,,,,,,,,,,,1,,,,,,,,,,,,,,,,,,,,,,,,,,,,,,,,,,,,,,
259,0,0,11,1,1,,,,,,,,,,,,,,,,,,0,0,,,0,,,,,,,,,,,,,,,,,,,0,,,,,,,,,,,,,,,,,,,,0,,,,,,,,,,0,,,-1,,,,0,,,,,,,,,,,,,,,,0,,,,1,,,,,,,,,,,,,,0,,,,,,,,,,,,,,,,,,,,,,,,,,,,,,,,,,,,,,,,,,,,,,,,,,,,,
54,0,0,1,1,0,,,,,,,,,,,,,,,,,,,1,,,,,,,,,,,,,,,,,,,,,,,,,,,,,,,,,,,,,,,,,,,,,,,,,,,,,,,,,,,,,,,,,,,,,,,,,,,,,,,,,,,,,,,,,,,,,,,,,,,,,,,,,,,,,,,,,,,,,,,,,,,,,,,,,,,,,,,,,,,,,,,,,,
85,0,0,9,4,3,,,,,,,,,,,,,,,,,,,-1,,,,-1,,,,,,-1,,,,,,,,,,,1,0,,0,,,,,,,,,,,1,,,,,,,,1,,1,,,,,,,,,,,,,,,,,,,,,,,,,,,,,,,,,,,,,,,,,,,,,,,,,,,,,,,,,,,,,,,,,,,,,,,,,,,,,,,,,,,,,,,,,,,,,,,,,,,,,
187,0,0,1,0,1,,,,,,,,,,,,,,,,,,,-1,,,,,,,,,,,,,,,,,,,,,,,,,,,,,,,,,,,,,,,,,,,,,,,,,,,,,,,,,,,,,,,,,,,,,,,,,,,,,,,,,,,,,,,,,,,,,,,,,,,,,,,,,,,,,,,,,,,,,,,,,,,,,,,,,,,,,,,,,,,,,,,,,,
216,0,0,2,1,0,,,,,,,,,,,,,,,,,,,0,,,,,,,,,,,,,,,,,,,,,,,,,,,,,,,,,,,,,,,,,,,,,,,,,,,,,,,,,,,,,,,,,,1,,,,,,,,,,,,,,,,,,,,,,,,,,,,,,,,,,,,,,,,,,,,,,,,,,,,,,,,,,,,,,,,,,,,,,,,,,,,,,,,
272,0,0,7,3,1,,,,,,,,,,,,,,,,,,,1,,,,,,,-1,,,,,,,,,,,,,,,,,0,,,,,,,,,,,,,,,,,,,,,,,,,,,,,1,,,,,,,,,,,,,,,,,,0,,,,,,,,,,,,,,,,,,,,,0,,,,,,,,,,,,,,,,,,1,,,,,,,,,,,,,,,,,,,,,,,,,,,,,,,,,,,,
285,0,0,7,6,1,,,,,,,,,,,,,,,,,,,1,,1,,,,,,,,1,,,,,,,,,,,,-1,,,,,,,,,1,,,1,,,,,,,,,,,,,,,,,,,,,,,,,,,,,,,,,,,,,,,,,,,,,,,,,,,,,,,,,1,,,,,,,,,,,,,,,,,,,,,,,,,,,,,,,,,,,,,,,,,,,,,,,,,,,,,,,
50,0,0,2,1,1,,,,,,,,,,,,,,,,,,,,1,,-1,,,,,,,,,,,,,,,,,,,,,,,,,,,,,,,,,,,,,,,,,,,,,,,,,,,,,,,,,,,,,,,,,,,,,,,,,,,,,,,,,,,,,,,,,,,,,,,,,,,,,,,,,,,,,,,,,,,,,,,,,,,,,,,,,,,,,,,,,,,,,,,
171,0,0,1,0,0,,,,,,,,,,,,,,,,,,,,0,,,,,,,,,,,,,,,,,,,,,,,,,,,,,,,,,,,,,,,,,,,,,,,,,,,,,,,,,,,,,,,,,,,,,,,,,,,,,,,,,,,,,,,,,,,,,,,,,,,,,,,,,,,,,,,,,,,,,,,,,,,,,,,,,,,,,,,,,,,,,,,,,
180,0,0,1,1,0,,,,,,,,,,,,,,,,,,,,1,,,,,,,,,,,,,,,,,,,,,,,,,,,,,,,,,,,,,,,,,,,,,,,,,,,,,,,,,,,,,,,,,,,,,,,,,,,,,,,,,,,,,,,,,,,,,,,,,,,,,,,,,,,,,,,,,,,,,,,,,,,,,,,,,,,,,,,,,,,,,,,,,
89,0,0,3,0,3,,,,,,,,,,,,,,,,,,,,,-1,,,,-1,,,,,,,,,,,,,,,,,,,,,,,,,,,,,,,,,,,,,,,-1,,,,,,,,,,,,,,,,,,,,,,,,,,,,,,,,,,,,,,,,,,,,,,,,,,,,,,,,,,,,,,,,,,,,,,,,,,,,,,,,,,,,,,,,,,,,,,,,,,,,,
332,0,0,10,4,4,,,,,,,,,,,,,,,,,,,,,-1,,,,,,,,-1,,,,,,,,,,,-1,,,,,,,,,,,,,,,,,,,,,,,,,,,,,,,0,,,,,,,,,,,,,,,,,,,0,,,,1,,1,,,,,-1,,,,,,,,,,,,,,,,,,,,,,,,,,1,,,,,,,,1,,,,,,,,,,,,,,,,,,,,,,,,,,,,,,
66,0,0,1,0,1,,,,,,,,,,,,,,,,,,,,,,,,-1,,,,,,,,,,,,,,,,,,,,,,,,,,,,,,,,,,,,,,,,,,,,,,,,,,,,,,,,,,,,,,,,,,,,,,,,,,,,,,,,,,,,,,,,,,,,,,,,,,,,,,,,,,,,,,,,,,,,,,,,,,,,,,,,,,,,,,,,,,,,,
103,0,0,1,0,1,,,,,,,,,,,,,,,,,,,,,,,,-1,,,,,,,,,,,,,,,,,,,,,,,,,,,,,,,,,,,,,,,,,,,,,,,,,,,,,,,,,,,,,,,,,,,,,,,,,,,,,,,,,,,,,,,,,,,,,,,,,,,,,,,,,,,,,,,,,,,,,,,,,,,,,,,,,,,,,,,,,,,,,
101,0,0,1,1,0,,,,,,,,,,,,,,,,,,,,,,,,,1,,,,,,,,,,,,,,,,,,,,,,,,,,,,,,,,,,,,,,,,,,,,,,,,,,,,,,,,,,,,,,,,,,,,,,,,,,,,,,,,,,,,,,,,,,,,,,,,,,,,,,,,,,,,,,,,,,,,,,,,,,,,,,,,,,,,,,,,,,,,
196,0,0,1,0,0,,,,,,,,,,,,,,,,,,,,,,,,,0,,,,,,,,,,,,,,,,,,,,,,,,,,,,,,,,,,,,,,,,,,,,,,,,,,,,,,,,,,,,,,,,,,,,,,,,,,,,,,,,,,,,,,,,,,,,,,,,,,,,,,,,,,,,,,,,,,,,,,,,,,,,,,,,,,,,,,,,,,,,
68,0,0,1,1,0,,,,,,,,,,,,,,,,,,,,,,,,,,1,,,,,,,,,,,,,,,,,,,,,,,,,,,,,,,,,,,,,,,,,,,,,,,,,,,,,,,,,,,,,,,,,,,,,,,,,,,,,,,,,,,,,,,,,,,,,,,,,,,,,,,,,,,,,,,,,,,,,,,,,,,,,,,,,,,,,,,,,,,
295,0,0,6,0,4,,,,,,,,,,,,,,,,,,,,,,,,,,,0,,,,,,,,,-1,,,,,,,,,,,,,,,,,,,,,,,,,,,,,,,,,,,,,,,,,,,,,,,,,,,,,,-1,,,,,,,,,,,,,,,,,,,,0,,,,,,,,,,,,,,,,,-1,,,,,,,,,,-1,,,,,,,,,,,,,,,,,,,,,,,,,,,,
237,0,0,15,7,7,,,,,,,,,,,,,,,,,,,,,,,,,,,,-1,,,-1,,,,,-1,,1,,-1,-1,,,,,,,,,,,,,,,,,1,,,,1,,,,0,,,,,,,,,,,,-1,,,,,,,,,,,,,,,,,,,,1,,-1,,,,,,1,1,,,,,,,1,,,,,,,,,,,,,,,,,,,,,,,,,,,,,,,,,,,,,,,,,,,,,,,,,,,
222,0,0,2,1,0,,,,,,,,,,,,,,,,,,,,,,,,,,,,,1,,,,,,,,,,,,,,,,,,,,,,,,,,,,,,,,,,,,,,,,,,,,,,,,,,,,,,,,,,,,,,,,0,,,,,,,,,,,,,,,,,,,,,,,,,,,,,,,,,,,,,,,,,,,,,,,,,,,,,,,,,,,,,,,,,,,,,,,,
223,0,0,4,1,1,,,,,,,,,,,,,,,,,,,,,,,,,,,,,1,,,,,,,,,-1,,,,,,,,,,,,,,,0,,,,,,,,,,,,,,,,,,,,,,,,,,,,,,,,,,,,,,,,,,,,,,,,,,,,,,,,,,,,0,,,,,,,,,,,,,,,,,,,,,,,,,,,,,,,,,,,,,,,,,,,,,,,,,,,,
214,0,0,7,4,0,,,,,,,,,,,,,,,,,,,,,,,,,,,,,,0,,,,,0,,,,,,,,,,,,,,,1,,,,,,,,,,,,,,,,,,,,,1,,1,,,,,,,,,,,,,,,,,,,,,,,,,,,,,,,,,,,0,1,,,,,,,,,,,,,,,,,,,,,,,,,,,,,,,,,,,,,,,,,,,,,,,,,,,,,,,,
342,0,0,1,0,1,,,,,,,,,,,,,,,,,,,,,,,,,,,,,,-1,,,,,,,,,,,,,,,,,,,,,,,,,,,,,,,,,,,,,,,,,,,,,,,,,,,,,,,,,,,,,,,,,,,,,,,,,,,,,,,,,,,,,,,,,,,,,,,,,,,,,,,,,,,,,,,,,,,,,,,,,,,,,,,,,,,,,,,
308,0,0,1,1,0,,,,,,,,,,,,,,,,,,,,,,,,,,,,,,,1,,,,,,,,,,,,,,,,,,,,,,,,,,,,,,,,,,,,,,,,,,,,,,,,,,,,,,,,,,,,,,,,,,,,,,,,,,,,,,,,,,,,,,,,,,,,,,,,,,,,,,,,,,,,,,,,,,,,,,,,,,,,,,,,,,,,,,
287,0,1,2,2,0,,,,,,,,,,,,,,,,,,,,,,,,,,,,,,,,1,,,,,,,,,,,,,,,,,,,,,,,,,,,,,,,,,,,,,,,,,,,,,,,,,,,,,,,,,,,,,,,,,,,,,,,,,,,,,,,,,,,,,,,,,,,,,,,,,,,,,,,,,,,,1,,,,,,,,,,,,,,,,,,,,,,,,,
311,0,0,2,1,1,,,,,,,,,,,,,,,,,,,,,,,,,,,,,,,,,-1,,,,,,,,,,,,,,,,,,,,,,,,,,,,,,,,,,,,,,,,,,,,,,,,,,,,,,,,,,,,,,,,,,,,,,,,,,,,,,,,,1,,,,,,,,,,,,,,,,,,,,,,,,,,,,,,,,,,,,,,,,,,,,,,,,,,,
375,0,0,1,1,0,,,,,,,,,,,,,,,,,,,,,,,,,,,,,,,,,1,,,,,,,,,,,,,,,,,,,,,,,,,,,,,,,,,,,,,,,,,,,,,,,,,,,,,,,,,,,,,,,,,,,,,,,,,,,,,,,,,,,,,,,,,,,,,,,,,,,,,,,,,,,,,,,,,,,,,,,,,,,,,,,,,,,,
289,0,0,2,0,1,,,,,,,,,,,,,,,,,,,,,,,,,,,,,,,,,,-1,,,,,,,,,0,,,,,,,,,,,,,,,,,,,,,,,,,,,,,,,,,,,,,,,,,,,,,,,,,,,,,,,,,,,,,,,,,,,,,,,,,,,,,,,,,,,,,,,,,,,,,,,,,,,,,,,,,,,,,,,,,,,,,,,,,,
313,0,0,5,3,1,,,,,,,,,,,,,,,,,,,,,,,,,,,,,,,,,,1,,,,,-1,,,,,,,,,,,,,,,,,,,,,,,,,,,,,,,,,,,,,,,,,,,,,,,,,,,,,,1,1,,,,,,,,,,,,,,,,,,,0,,,,,,,,,,,,,,,,,,,,,,,,,,,,,,,,,,,,,,,,,,,,,,,,,,,,
232,0,0,1,0,1,,,,,,,,,,,,,,,,,,,,,,,,,,,,,,,,,,,-1,,,,,,,,,,,,,,,,,,,,,,,,,,,,,,,,,,,,,,,,,,,,,,,,,,,,,,,,,,,,,,,,,,,,,,,,,,,,,,,,,,,,,,,,,,,,,,,,,,,,,,,,,,,,,,,,,,,,,,,,,,,,,,,,,,
146,0,0,1,0,1,,,,,,,,,,,,,,,,,,,,,,,,,,,,,,,,,,,,-1,,,,,,,,,,,,,,,,,,,,,,,,,,,,,,,,,,,,,,,,,,,,,,,,,,,,,,,,,,,,,,,,,,,,,,,,,,,,,,,,,,,,,,,,,,,,,,,,,,,,,,,,,,,,,,,,,,,,,,,,,,,,,,,,,
58,0,0,1,1,0,,,,,,,,,,,,,,,,,,,,,,,,,,,,,,,,,,,,,1,,,,,,,,,,,,,,,,,,,,,,,,,,,,,,,,,,,,,,,,,,,,,,,,,,,,,,,,,,,,,,,,,,,,,,,,,,,,,,,,,,,,,,,,,,,,,,,,,,,,,,,,,,,,,,,,,,,,,,,,,,,,,,,,
186,0,2,3,2,1,,,,,,,,,,,,,,,,,,,,,,,,,,,,,,,,,,,,,,,-1,,,,,,,,,,,,,,,,,,,,,,,,,,,,,,,,,,,,,,,,,,,,,,,,,,,,,,,,,,,,,,,1,1,,,,,,,,,,,,,,,,,,,,,,,,,,,,,,,,,,,,,,,,,,,,,,,,,,,,,,,,,,,,,,
291,0,0,1,1,0,,,,,,,,,,,,,,,,,,,,,,,,,,,,,,,,,,,,,,,,,,,1,,,,,,,,,,,,,,,,,,,,,,,,,,,,,,,,,,,,,,,,,,,,,,,,,,,,,,,,,,,,,,,,,,,,,,,,,,,,,,,,,,,,,,,,,,,,,,,,,,,,,,,,,,,,,,,,,,,,,,,,,,
16,0,1,1,1,0,,,,,,,,,,,,,,,,,,,,,,,,,,,,,,,,,,,,,,,,,,,,,,,1,,,,,,,,,,,,,,,,,,,,,,,,,,,,,,,,,,,,,,,,,,,,,,,,,,,,,,,,,,,,,,,,,,,,,,,,,,,,,,,,,,,,,,,,,,,,,,,,,,,,,,,,,,,,,,,,,,,,,,
218,0,0,1,0,1,,,,,,,,,,,,,,,,,,,,,,,,,,,,,,,,,,,,,,,,,,,,,,,,,,-1,,,,,,,,,,,,,,,,,,,,,,,,,,,,,,,,,,,,,,,,,,,,,,,,,,,,,,,,,,,,,,,,,,,,,,,,,,,,,,,,,,,,,,,,,,,,,,,,,,,,,,,,,,,,,,,,,,,
336,0,0,4,3,1,,,,,,,,,,,,,,,,,,,,,,,,,,,,,,,,,,,,,,,,,,,,,,,,,,1,,,,,,,,,,,,,,,,,,,,,,,,,,,,,,1,,,,,,,,,,,,,,,,,,,,,,,,,,,,,,1,,,,,,,,,,,,,,,,,,,,,,,,,,,-1,,,,,,,,,,,,,,,,,,,,,,,,,,,,
139,0,0,1,1,0,,,,,,,,,,,,,,,,,,,,,,,,,,,,,,,,,,,,,,,,,,,,,,,,,,,,,,,,,,,,1,,,,,,,,,,,,,,,,,,,,,,,,,,,,,,,,,,,,,,,,,,,,,,,,,,,,,,,,,,,,,,,,,,,,,,,,,,,,,,,,,,,,,,,,,,,,,,,,,,,,,,,,,
219,0,0,1,1,0,,,,,,,,,,,,,,,,,,,,,,,,,,,,,,,,,,,,,,,,,,,,,,,,,,,,,,,,,,,,,,,,,,,,,,,,,,,,,,,,,1,,,,,,,,,,,,,,,,,,,,,,,,,,,,,,,,,,,,,,,,,,,,,,,,,,,,,,,,,,,,,,,,,,,,,,,,,,,,,,,,,,,,
366,0,0,1,1,0,,,,,,,,,,,,,,,,,,,,,,,,,,,,,,,,,,,,,,,,,,,,,,,,,,,,,,,,,,,,,,,,,,,,,,,,,,,,,,,,,,1,,,,,,,,,,,,,,,,,,,,,,,,,,,,,,,,,,,,,,,,,,,,,,,,,,,,,,,,,,,,,,,,,,,,,,,,,,,,,,,,,,,
229,0,0,1,1,0,,,,,,,,,,,,,,,,,,,,,,,,,,,,,,,,,,,,,,,,,,,,,,,,,,,,,,,,,,,,,,,,,,,,,,,,,,,,,,,,,,,,,,,1,,,,,,,,,,,,,,,,,,,,,,,,,,,,,,,,,,,,,,,,,,,,,,,,,,,,,,,,,,,,,,,,,,,,,,,,,,,,,,
192,0,0,1,1,0,,,,,,,,,,,,,,,,,,,,,,,,,,,,,,,,,,,,,,,,,,,,,,,,,,,,,,,,,,,,,,,,,,,,,,,,,,,,,,,,,,,,,,,,,,,,,,,,1,,,,,,,,,,,,,,,,,,,,,,,,,,,,,,,,,,,,,,,,,,,,,,,,,,,,,,,,,,,,,,,,,,,,,
367,0,0,1,1,0,,,,,,,,,,,,,,,,,,,,,,,,,,,,,,,,,,,,,,,,,,,,,,,,,,,,,,,,,,,,,,,,,,,,,,,,,,,,,,,,,,,,,,,,,,,,,,,,1,,,,,,,,,,,,,,,,,,,,,,,,,,,,,,,,,,,,,,,,,,,,,,,,,,,,,,,,,,,,,,,,,,,,,
249,0,0,1,1,0,,,,,,,,,,,,,,,,,,,,,,,,,,,,,,,,,,,,,,,,,,,,,,,,,,,,,,,,,,,,,,,,,,,,,,,,,,,,,,,,,,,,,,,,,,,,,,,,,,1,,,,,,,,,,,,,,,,,,,,,,,,,,,,,,,,,,,,,,,,,,,,,,,,,,,,,,,,,,,,,,,,,,,
257,0,0,1,1,0,,,,,,,,,,,,,,,,,,,,,,,,,,,,,,,,,,,,,,,,,,,,,,,,,,,,,,,,,,,,,,,,,,,,,,,,,,,,,,,,,,,,,,,,,,,,,,,,,,1,,,,,,,,,,,,,,,,,,,,,,,,,,,,,,,,,,,,,,,,,,,,,,,,,,,,,,,,,,,,,,,,,,,
258,0,0,1,1,0,,,,,,,,,,,,,,,,,,,,,,,,,,,,,,,,,,,,,,,,,,,,,,,,,,,,,,,,,,,,,,,,,,,,,,,,,,,,,,,,,,,,,,,,,,,,,,,,,,1,,,,,,,,,,,,,,,,,,,,,,,,,,,,,,,,,,,,,,,,,,,,,,,,,,,,,,,,,,,,,,,,,,,
182,0,2,2,2,0,,,,,,,,,,,,,,,,,,,,,,,,,,,,,,,,,,,,,,,,,,,,,,,,,,,,,,,,,,,,,,,,,,,,,,,,,,,,,,,,,,,,,,,,,,,,,,,,,,,1,1,,,,,,,,,,,,,,,,,,,,,,,,,,,,,,,,,,,,,,,,,,,,,,,,,,,,,,,,,,,,,,,,,
288,0,0,1,1,0,,,,,,,,,,,,,,,,,,,,,,,,,,,,,,,,,,,,,,,,,,,,,,,,,,,,,,,,,,,,,,,,,,,,,,,,,,,,,,,,,,,,,,,,,,,,,,,,,,,,,,,,,,,,,1,,,,,,,,,,,,,,,,,,,,,,,,,,,,,,,,,,,,,,,,,,,,,,,,,,,,,,,,
209,0,2,2,2,0,,,,,,,,,,,,,,,,,,,,,,,,,,,,,,,,,,,,,,,,,,,,,,,,,,,,,,,,,,,,,,,,,,,,,,,,,,,,,,,,,,,,,,,,,,,,,,,,,,,,,,,,,,,,,,,,,,1,1,,,,,,,,,,,,,,,,,,,,,,,,,,,,,,,,,,,,,,,,,,,,,,,,,,
290,0,0,1,0,1,,,,,,,,,,,,,,,,,,,,,,,,,,,,,,,,,,,,,,,,,,,,,,,,,,,,,,,,,,,,,,,,,,,,,,,,,,,,,,,,,,,,,,,,,,,,,,,,,,,,,,,,,,,,,,,,,,,,,,,,,,,,,,-1,,,,,,,,,,,,,,,,,,,,,,,,,,,,,,,,,,,,,,,
370,0,0,1,0,0,,,,,,,,,,,,,,,,,,,,,,,,,,,,,,,,,,,,,,,,,,,,,,,,,,,,,,,,,,,,,,,,,,,,,,,,,,,,,,,,,,,,,,,,,,,,,,,,,,,,,,,,,,,,,,,,,,,,,,,,,,,,,,,,,,,,,,,,,,,,,0,,,,,,,,,,,,,,,,,,,,,,,,
293,0,0,1,0,0,,,,,,,,,,,,,,,,,,,,,,,,,,,,,,,,,,,,,,,,,,,,,,,,,,,,,,,,,,,,,,,,,,,,,,,,,,,,,,,,,,,,,,,,,,,,,,,,,,,,,,,,,,,,,,,,,,,,,,,,,,,,,,,,,,,,,,,,,,,,,,0,,,,,,,,,,,,,,,,,,,,,,,
301,0,1,1,1,0,,,,,,,,,,,,,,,,,,,,,,,,,,,,,,,,,,,,,,,,,,,,,,,,,,,,,,,,,,,,,,,,,,,,,,,,,,,,,,,,,,,,,,,,,,,,,,,,,,,,,,,,,,,,,,,,,,,,,,,,,,,,,,,,,,,,,,,,,,,,,,,,,,,1,,,,,,,,,,,,,,,,,,
325,0,1,1,1,0,,,,,,,,,,,,,,,,,,,,,,,,,,,,,,,,,,,,,,,,,,,,,,,,,,,,,,,,,,,,,,,,,,,,,,,,,,,,,,,,,,,,,,,,,,,,,,,,,,,,,,,,,,,,,,,,,,,,,,,,,,,,,,,,,,,,,,,,,,,,,,,,,,,,,,,,1,,,,,,,,,,,,,
337,0,1,1,1,0,,,,,,,,,,,,,,,,,,,,,,,,,,,,,,,,,,,,,,,,,,,,,,,,,,,,,,,,,,,,,,,,,,,,,,,,,,,,,,,,,,,,,,,,,,,,,,,,,,,,,,,,,,,,,,,,,,,,,,,,,,,,,,,,,,,,,,,,,,,,,,,,,,,,,,,,,,,,,,,1,,,,,,
346,0,2,2,2,0,,,,,,,,,,,,,,,,,,,,,,,,,,,,,,,,,,,,,,,,,,,,,,,,,,,,,,,,,,,,,,,,,,,,,,,,,,,,,,,,,,,,,,,,,,,,,,,,,,,,,,,,,,,,,,,,,,,,,,,,,,,,,,,,,,,,,,,,,,,,,,,,,,,,,,,,,,,,,,,,,,1,1,,
