participant,group-id,n-comments,n-votes,n-agree,n-disagree,0,1,2,3,4,5,6,7,8,9,10,11,12,13,15,16,17,18,19,20,21,22,23,24,25,26,27,28,29,30,31,32,33,34,35,36,37,38,39,40,41,42,43,44,45,46,47,48,49,50,51,52,53,54,55,56,57,58,59,60,61,62,63,64,65,66,67,68,69,70
1,1,0,42,28,11,1,1,1,-1,1,1,-1,1,1,1,1,1,1,1,1,1,1,1,1,1,1,1,1,1,-1,1,0,-1,1,-1,1,-1,0,-1,-1,1,0,-1,1,-1,1,-1,,,,,,,,,,,,,,,,,,,,,,,,,,,,
2,1,1,43,29,11,1,1,1,1,1,1,-1,1,1,0,-1,1,1,-1,1,1,-1,1,1,1,1,1,1,1,-1,1,0,1,0,1,1,1,-1,-1,-1,1,1,-1,1,-1,1,-1,1,,,,,,,,,,,,,,,,,,,,,,,,,,,
3,1,0,42,25,6,1,1,1,1,1,1,-1,1,1,-1,-1,0,1,1,1,1,0,1,0,1,1,1,0,1,1,1,0,1,0,0,1,0,1,-1,-1,0,1,1,0,0,1,-1,,,,,,,,,,,,,,,,,,,,,,,,,,,,
5,2,0,52,34,10,1,0,1,1,1,1,-1,1,1,1,0,0,1,0,1,1,0,1,0,1,1,1,1,1,1,1,1,1,-1,-1,1,-1,1,-1,-1,1,1,0,1,-1,1,-1,,,,,,,,,,,,,,,,,1,1,1,1,1,1,-1,1,-1,,,0
6,0,1,43,28,9,1,1,1,1,1,1,-1,1,1,1,1,1,1,1,0,1,0,-1,0,1,1,1,1,1,-1,1,1,0,0,0,1,1,-1,-1,1,-1,-1,-1,1,-1,1,1,,1,,,,,,,,,,,,,,,,,,,,,,,,,,
7,1,0,42,12,2,1,0,1,0,0,1,0,1,0,0,0,0,0,1,1,1,0,0,0,1,-1,0,0,1,0,1,0,1,0,-1,1,0,0,0,0,0,0,0,0,0,0,0,,,,,,,,,,,,,,,,,,,,,,,,,,,,
8,0,0,42,31,11,1,1,1,1,1,1,-1,1,1,1,1,1,1,1,1,1,1,-1,1,1,1,1,1,1,1,1,1,1,-1,-1,1,-1,1,-1,1,-1,-1,-1,1,-1,1,-1,,,,,,,,,,,,,,,,,,,,,,,,,,,,
10,0,0,42,28,9,1,1,0,1,1,1,-1,1,1,1,0,1,1,1,1,1,1,-1,1,0,1,1,1,1,0,1,1,1,0,1,1,1,-1,-1,-1,1,1,-1,1,-1,-1,-1,,,,,,,,,,,,,,,,,,,,,,,,,,,,
11,0,0,42,30,8,1,1,1,1,1,1,-1,1,1,1,1,1,1,0,1,1,0,-1,1,1,1,1,0,1,1,1,1,1,-1,0,1,-1,1,-1,1,-1,-1,1,1,-1,1,1,,,,,,,,,,,,,,,,,,,,,,,,,,,,
12,0,0,42,32,8,1,1,1,1,1,1,-1,1,1,1,1,1,1,1,1,1,1,1,1,0,1,1,1,1,-1,1,0,1,1,1,1,-1,-1,1,-1,1,1,1,-1,1,-1,-1,,,,,,,,,,,,,,,,,,,,,,,,,,,,
13,1,0,42,22,7,1,1,1,0,1,1,-1,0,1,1,0,0,0,1,0,1,0,0,0,1,1,1,1,1,0,1,1,0,0,0,1,-1,-1,1,1,1,-1,1,1,-1,-1,-1,,,,,,,,,,,,,,,,,,,,,,,,,,,,
14,0,0,42,29,8,1,1,1,1,1,1,-1,1,1,1,1,1,0,1,1,1,1,-1,1,1,1,1,0,0,1,1,1,1,0,0,1,1,-1,-1,-1,1,1,-1,-1,1,1,-1,,,,,,,,,,,,,,,,,,,,,,,,,,,,
15,0,0,42,27,13,1,1,1,1,1,1,0,1,1,-1,1,0,-1,1,1,1,-1,-1,1,1,1,1,1,1,1,1,1,1,-1,-1,1,-1,1,-1,-1,-1,1,-1,1,-1,1,-1,,,,,,,,,,,,,,,,,,,,,,,,,,,,
16,0,0,42,30,10,1,0,1,1,1,1,-1,1,1,1,1,1,1,1,1,1,1,-1,1,1,1,1,1,1,1,1,1,1,-1,0,1,1,-1,-1,-1,1,-1,-1,-1,1,-1,1,,,,,,,,,,,,,,,,,,,,,,,,,,,,
18,0,0,42,31,10,1,1,1,1,1,1,-1,1,1,1,1,0,1,1,1,1,-1,1,1,1,1,1,1,1,-1,1,1,1,1,-1,1,-1,1,-1,-1,-1,1,1,-1,1,1,-1,,,,,,,,,,,,,,,,,,,,,,,,,,,,
19,3,0,42,14,28,-1,1,-1,-1,1,-1,-1,-1,-1,-1,-1,-1,-1,1,-1,-1,-1,1,-1,-1,1,-1,1,-1,-1,-1,-1,-1,-1,-1,1,1,-1,-1,-1,1,1,1,1,-1,1,1,,,,,,,,,,,,,,,,,,,,,,,,,,,,
20,0,0,42,29,12,1,1,1,1,1,1,-1,1,1,1,1,1,1,1,1,1,-1,-1,1,-1,1,1,0,1,-1,1,1,1,-1,1,1,-1,1,-1,-1,-1,1,-1,1,1,1,-1,,,,,,,,,,,,,,,,,,,,,,,,,,,,
22,1,0,7,7,0,1,,,1,,,,,,,,,,,1,,,,,,,1,,,1,1,,,1,,,,,,,,,,,,,,,,,,,,,,,,,,,,,,,,,,,,,,,,,
25,0,0,42,32,9,1,1,1,1,1,1,-1,1,1,1,1,1,1,1,1,1,1,-1,1,1,1,1,1,1,1,1,1,1,-1,0,1,-1,1,-1,1,-1,-1,-1,-1,1,1,1,,,,,,,,,,,,,,,,,,,,,,,,,,,,
26,1,0,42,25,16,1,-1,1,-1,1,1,-1,1,1,1,1,1,-1,1,1,1,0,-1,1,1,-1,1,1,-1,-1,1,1,1,-1,1,1,1,-1,-1,-1,-1,1,1,1,-1,-1,-1,,,,,,,,,,,,,,,,,,,,,,,,,,,,
27,0,0,42,27,13,1,1,1,1,1,1,-1,1,1,-1,1,0,1,1,1,1,-1,-1,-1,1,1,1,1,1,1,1,1,1,0,-1,1,-1,1,-1,-1,-1,1,-1,1,-1,1,-1,,,,,,,,,,,,,,,,,,,,,,,,,,,,
28,0,0,42,30,9,1,1,1,1,1,1,-1,1,1,1,1,1,1,1,1,1,0,-1,1,1,1,1,1,1,1,1,1,1,0,1,1,1,-1,-1,-1,0,1,-1,-1,1,-1,-1,,,,,,,,,,,,,,,,,,,,,,,,,,,,
29,1,0,42,25,7,1,1,1,0,1,1,-1,1,1,1,0,0,1,1,1,1,1,1,1,0,1,1,0,1,1,0,0,0,0,0,1,1,-1,-1,-1,1,1,-1,-1,1,1,-1,,,,,,,,,,,,,,,,,,,,,,,,,,,,
30,0,0,42,28,12,1,1,1,1,1,1,-1,1,1,0,1,1,1,1,1,1,-1,-1,1,1,1,1,1,1,1,1,1,1,0,-1,-1,-1,1,-1,1,-1,-1,1,1,-1,-1,-1,,,,,,,,,,,,,,,,,,,,,,,,,,,,
31,0,1,43,26,15,1,1,1,0,1,1,-1,1,1,0,1,1,1,1,-1,1,-1,-1,-1,1,1,1,1,1,1,1,-1,1,-1,-1,1,-1,1,-1,-1,-1,1,-1,1,-1,1,-1,,,1,,,,,,,,,,,,,,,,,,,,,,,,,
32,0,0,42,26,8,1,1,1,0,1,1,-1,1,1,0,1,1,0,1,1,1,0,-1,1,0,1,1,0,1,0,1,1,1,0,-1,1,-1,1,-1,-1,1,1,1,1,-1,1,-1,,,,,,,,,,,,,,,,,,,,,,,,,,,,
33,1,0,42,24,16,1,1,1,1,-1,1,-1,1,1,-1,-1,1,0,1,1,1,-1,-1,1,-1,1,1,1,1,1,1,-1,1,0,-1,-1,-1,1,-1,-1,-1,1,-1,-1,1,1,1,,,,,,,,,,,,,,,,,,,,,,,,,,,,
34,0,1,43,32,10,1,1,1,0,1,1,1,1,1,1,1,1,1,1,1,1,-1,-1,1,1,1,1,1,1,1,1,1,1,-1,-1,1,1,-1,-1,-1,1,1,1,1,-1,-1,-1,,,,1,,,,,,,,,,,,,,,,,,,,,,,,
35,1,0,42,26,12,1,1,1,1,1,1,-1,0,1,1,-1,1,0,0,1,1,0,-1,1,1,1,1,-1,-1,1,1,1,1,1,-1,1,-1,1,-1,-1,-1,1,1,1,-1,1,-1,,,,,,,,,,,,,,,,,,,,,,,,,,,,
38,1,0,52,30,14,1,-1,-1,1,1,1,1,-1,0,0,1,1,1,1,-1,1,1,-1,1,1,1,1,1,-1,-1,0,1,0,1,0,1,1,-1,-1,-1,-1,1,1,1,-1,-1,-1,,,,,,,,,,,,,,,,,1,1,1,0,1,1,0,1,0,,,1
39,0,0,42,32,10,1,1,1,1,1,1,-1,1,1,1,-1,1,1,1,1,1,1,-1,1,1,1,1,1,1,1,1,1,1,1,1,1,-1,-1,-1,-1,-1,1,1,1,-1,1,-1,,,,,,,,,,,,,,,,,,,,,,,,,,,,
40,2,0,52,39,13,1,1,1,1,1,1,-1,1,1,1,1,1,1,1,1,1,-1,-1,1,1,1,1,1,1,1,1,1,1,-1,-1,1,1,-1,-1,-1,-1,1,1,-1,1,-1,-1,,,,,,,,,,,,,,,,,1,1,1,1,1,1,1,1,-1,,,1
41,3,0,42,14,25,-1,1,-1,1,-1,-1,-1,-1,-1,-1,-1,-1,-1,-1,-1,-1,1,1,-1,1,1,-1,0,-1,0,-1,-1,-1,1,0,-1,1,-1,-1,1,1,-1,1,1,-1,1,1,,,,,,,,,,,,,,,,,,,,,,,,,,,,
44,1,0,42,25,16,-1,1,1,1,-1,1,1,1,1,1,-1,1,-1,-1,1,1,1,1,1,1,1,-1,-1,1,1,1,0,1,1,-1,-1,-1,1,-1,-1,-1,1,-1,-1,1,1,-1,,,,,,,,,,,,,,,,,,,,,,,,,,,,
48,1,0,22,8,7,1,,1,,0,1,-1,1,1,,-1,,,,0,,0,,0,,0,,-1,,1,1,,0,0,,1,,,,-1,,,-1,-1,,,-1,,,,,,,,,,,,,,,,,,,,,,,,,,,,
50,0,0,42,29,11,1,1,1,1,1,1,-1,1,1,0,1,1,1,1,1,1,0,-1,1,1,1,1,1,1,1,1,1,1,-1,-1,1,1,-1,-1,1,1,-1,-1,1,-1,-1,-1,,,,,,,,,,,,,,,,,,,,,,,,,,,,
51,0,0,42,27,11,1,1,1,1,1,1,-1,1,1,0,1,0,1,1,1,1,-1,-1,1,1,1,1,1,1,-1,1,1,1,0,0,1,-1,1,-1,-1,-1,1,-1,1,-1,1,-1,,,,,,,,,,,,,,,,,,,,,,,,,,,,
53,0,0,42,30,9,1,1,1,1,1,1,-1,1,1,1,1,1,0,1,1,1,-1,-1,1,1,1,1,1,1,1,1,1,1,-1,1,1,1,-1,-1,1,-1,-1,-1,0,0,1,1,,,,,,,,,,,,,,,,,,,,,,,,,,,,
54,0,0,42,28,11,1,1,1,1,1,1,-1,1,1,1,0,1,-1,1,1,1,-1,-1,1,1,1,1,1,1,0,1,1,1,-1,0,1,1,-1,-1,-1,1,1,-1,1,-1,1,-1,,,,,,,,,,,,,,,,,,,,,,,,,,,,
56,2,0,52,42,8,1,1,1,1,1,1,-1,1,1,1,1,1,1,1,1,1,0,-1,1,1,1,1,1,1,1,1,1,1,1,-1,1,1,-1,-1,-1,1,1,1,1,-1,1,-1,,,,,,,,,,,,,,,,,1,1,1,0,1,1,1,1,1,,,1
58,3,0,42,21,19,1,1,-1,1,1,1,1,0,-1,1,-1,-1,1,-1,-1,-1,1,1,-1,-1,0,1,-1,-1,1,1,1,-1,-1,1,1,-1,1,-1,-1,1,1,-1,1,-1,1,-1,,,,,,,,,,,,,,,,,,,,,,,,,,,,
61,0,0,42,25,8,1,1,1,0,1,1,-1,1,0,1,1,0,0,0,1,1,0,1,1,1,1,1,1,1,1,1,0,1,0,-1,1,-1,1,-1,-1,-1,1,0,1,-1,1,-1,,,,,,,,,,,,,,,,,,,,,,,,,,,,
62,0,0,42,30,10,1,1,1,1,1,1,-1,1,1,1,1,1,1,1,1,1,1,-1,1,1,1,1,1,1,1,1,1,1,0,0,1,1,-1,-1,1,-1,-1,-1,-1,1,-1,-1,,,,,,,,,,,,,,,,,,,,,,,,,,,,
64,0,0,42,28,14,1,1,1,-1,1,1,-1,1,1,1,1,1,-1,1,1,1,-1,1,1,1,1,1,-1,1,1,1,1,1,-1,-1,1,1,-1,-1,1,-1,-1,1,1,-1,-1,-1,,,,,,,,,,,,,,,,,,,,,,,,,,,,
66,1,0,40,22,15,1,1,1,1,-1,1,-1,-1,-1,1,-1,-1,1,1,1,1,,-1,1,1,1,,1,1,1,1,0,1,0,-1,1,-1,0,-1,-1,-1,1,-1,1,-1,1,-1,,,,,,,,,,,,,,,,,,,,,,,,,,,,
68,0,0,42,28,13,1,1,1,1,1,1,-1,1,1,1,1,-1,0,1,1,1,-1,-1,1,1,1,1,-1,1,1,1,-1,1,1,-1,1,-1,1,-1,-1,1,1,1,1,-1,-1,-1,,,,,,,,,,,,,,,,,,,,,,,,,,,,
69,0,0,42,25,12,1,1,1,-1,1,1,-1,1,1,1,1,1,1,1,1,1,-1,-1,1,1,1,1,-1,1,-1,1,0,1,1,-1,1,-1,0,1,-1,0,0,-1,1,-1,0,-1,,,,,,,,,,,,,,,,,,,,,,,,,,,,
70,0,0,42,31,9,1,1,1,1,1,1,-1,1,1,1,0,1,1,1,1,1,-1,-1,1,1,1,1,1,1,1,1,1,1,1,0,1,1,1,-1,-1,-1,1,-1,1,-1,1,-1,,,,,,,,,,,,,,,,,,,,,,,,,,,,
73,0,1,43,30,11,1,1,1,1,1,1,-1,1,1,0,1,1,1,1,1,1,-1,-1,1,1,1,1,1,1,-1,1,1,1,0,-1,1,1,-1,-1,-1,-1,1,-1,1,-1,1,1,,,,,,1,,,,,,,,,,,,,,,,,,,,,,
75,0,0,52,33,13,1,1,1,0,1,1,-1,1,1,1,1,1,0,1,1,1,-1,-1,1,1,1,1,1,1,1,1,1,1,-1,-1,1,1,-1,-1,-1,1,-1,-1,-1,1,1,-1,,,,,,,,,,,,,,,,,1,0,1,0,0,1,1,1,0,,,-1
76,0,0,42,30,9,1,1,1,1,1,1,-1,1,1,0,1,1,1,-1,1,1,0,1,1,1,1,1,1,1,1,1,1,1,0,-1,1,-1,1,-1,-1,-1,1,1,1,-1,1,-1,,,,,,,,,,,,,,,,,,,,,,,,,,,,
77,0,0,42,32,8,1,1,1,1,1,1,-1,1,1,1,1,1,0,1,1,1,1,-1,1,1,1,1,1,1,1,1,1,1,1,-1,1,1,-1,-1,-1,-1,1,0,1,-1,1,1,,,,,,,,,,,,,,,,,,,,,,,,,,,,
79,0,0,42,30,10,1,1,1,1,1,1,-1,1,1,1,1,1,1,1,1,1,1,-1,1,1,1,1,1,1,1,1,0,1,0,1,1,1,-1,-1,-1,-1,1,-1,-1,1,-1,-1,,,,,,,,,,,,,,,,,,,,,,,,,,,,
80,0,1,43,27,9,1,0,1,1,1,1,-1,1,1,0,-1,1,1,1,1,1,1,-1,1,1,1,1,1,1,1,1,1,1,-1,-1,1,0,0,0,-1,0,0,1,1,-1,-1,-1,,,,,,,1,,,,,,,,,,,,,,,,,,,,,
83,2,1,52,35,17,1,1,1,1,1,1,-1,1,1,1,1,-1,-1,-1,1,1,-1,-1,-1,1,1,1,1,1,-1,1,1,1,1,-1,1,1,-1,-1,-1,1,1,-1,1,-1,1,1,,,,,,,,1,,,,,,,,,1,-1,1,1,-1,1,1,1,-1,,,
84,0,0,42,32,9,1,1,1,1,1,1,-1,1,1,1,1,1,1,1,1,1,1,-1,1,1,1,1,1,1,0,1,1,1,-1,-1,1,1,-1,-1,-1,1,1,1,1,-1,1,-1,,,,,,,,,,,,,,,,,,,,,,,,,,,,
85,0,0,42,25,12,1,0,1,1,1,1,-1,1,1,1,1,1,-1,-1,1,1,0,-1,1,1,1,1,1,1,1,1,1,1,-1,-1,1,1,-1,-1,-1,0,0,0,-1,1,-1,-1,,,,,,,,,,,,,,,,,,,,,,,,,,,,
86,0,0,42,34,8,1,1,1,1,1,1,-1,1,1,1,1,1,1,1,1,1,1,1,1,1,1,1,1,1,1,1,1,1,-1,1,1,-1,-1,1,-1,-1,1,1,1,-1,1,-1,,,,,,,,,,,,,,,,,,,,,,,,,,,,
87,1,0,11,6,4,-1,,,,,,,-1,,,,-1,,,,,1,1,,,,,,,0,1,,,,,1,,-1,1,,,,,1,,,,,,,,,,,,,,,,,,,,,,,,,,,,,,,
88,1,1,10,4,1,1,,,1,,,-1,,,,,,,,1,,,,,,,,,,,,,,,,,,0,,0,0,,,0,,0,,,,,,,,,,1,,,,,,,,,,,,,,,,,,,
91,1,1,31,23,3,1,,1,-1,1,1,1,,1,1,,,1,1,1,1,,1,1,1,1,1,-1,1,,1,1,1,1,-1,1,,0,,,,0,0,,,0,0,,,,,,,,,,1,,,,,,,,,,,,,,,,,,
92,0,0,42,32,8,1,1,1,1,1,1,0,1,0,1,1,1,1,1,1,1,-1,-1,1,1,1,1,1,1,1,1,1,1,1,1,1,-1,1,-1,1,-1,-1,1,-1,1,-1,1,,,,,,,,,,,,,,,,,,,,,,,,,,,,
93,1,0,15,9,4,1,,,1,1,-1,-1,,,,,,,,,0,1,1,,,1,-1,1,,,,,,0,,,,,,,1,1,-1,,,,,,,,,,,,,,,,,,,,,,,,,,,,,,,,
94,0,0,42,28,13,1,1,1,1,1,1,-1,1,1,1,1,1,0,1,1,1,-1,-1,1,1,1,1,-1,1,-1,1,1,1,-1,-1,1,-1,1,-1,1,-1,-1,1,1,-1,1,-1,,,,,,,,,,,,,,,,,,,,,,,,,,,,
97,0,0,42,30,10,1,1,1,1,1,1,-1,1,1,1,1,0,-1,1,1,-1,-1,-1,1,1,1,1,1,1,1,1,0,1,1,-1,1,-1,-1,1,-1,1,1,1,1,-1,1,1,,,,,,,,,,,,,,,,,,,,,,,,,,,,
99,0,0,42,30,12,1,1,1,1,1,1,-1,1,1,1,1,1,-1,1,1,1,1,-1,1,1,1,1,1,1,1,1,1,1,-1,-1,1,-1,-1,-1,-1,1,1,-1,1,-1,1,-1,,,,,,,,,,,,,,,,,,,,,,,,,,,,
100,1,0,42,27,14,1,1,1,1,1,1,-1,1,1,-1,1,1,-1,1,1,1,-1,-1,-1,1,1,1,1,1,-1,1,0,-1,1,1,1,1,-1,-1,-1,1,1,-1,-1,1,1,-1,,,,,,,,,,,,,,,,,,,,,,,,,,,,
102,0,0,42,32,7,1,1,1,1,1,1,1,1,1,1,1,0,1,1,1,1,0,0,1,1,1,1,1,1,1,1,1,1,-1,-1,1,-1,1,-1,-1,-1,1,1,-1,1,1,1,,,,,,,,,,,,,,,,,,,,,,,,,,,,
103,0,0,42,21,3,1,0,1,1,1,1,-1,1,0,0,1,1,0,1,1,1,-1,-1,1,1,0,1,1,0,1,1,1,1,1,0,1,0,0,0,0,0,0,0,0,0,0,0,,,,,,,,,,,,,,,,,,,,,,,,,,,,
105,0,0,42,32,10,1,1,1,1,1,1,-1,1,1,1,1,1,1,1,1,1,-1,-1,1,1,1,1,1,1,1,1,1,1,-1,-1,1,1,-1,-1,1,-1,-1,1,1,-1,1,1,,,,,,,,,,,,,,,,,,,,,,,,,,,,
106,0,0,42,28,10,1,1,1,1,1,1,-1,1,1,1,-1,1,1,1,1,1,0,-1,1,1,1,1,1,1,0,1,1,0,0,-1,1,-1,1,-1,-1,1,1,-1,1,-1,1,-1,,,,,,,,,,,,,,,,,,,,,,,,,,,,
107,0,0,42,28,8,1,1,1,1,1,1,-1,1,1,0,1,1,0,1,1,1,0,-1,1,1,1,1,1,1,1,1,1,1,0,1,1,-1,1,-1,0,0,-1,1,1,-1,-1,-1,,,,,,,,,,,,,,,,,,,,,,,,,,,,
108,1,0,42,16,6,1,0,1,1,1,1,-1,1,1,0,0,0,0,1,1,1,-1,-1,0,1,1,1,-1,0,1,1,0,0,-1,-1,1,0,0,0,0,0,0,0,0,0,0,0,,,,,,,,,,,,,,,,,,,,,,,,,,,,
110,0,0,42,29,9,1,1,1,1,1,1,-1,1,1,1,1,0,0,1,1,1,0,-1,1,1,1,1,-1,1,1,1,1,1,0,1,1,-1,1,-1,-1,1,-1,1,-1,1,-1,1,,,,,,,,,,,,,,,,,,,,,,,,,,,,
111,0,0,42,28,10,1,1,1,0,1,1,-1,1,1,1,0,1,1,1,1,1,-1,-1,1,1,1,1,1,1,0,1,1,1,0,-1,1,1,-1,-1,-1,1,-1,-1,1,-1,1,1,,,,,,,,,,,,,,,,,,,,,,,,,,,,
112,0,1,43,29,10,1,1,1,1,1,1,-1,1,1,-1,1,1,1,1,1,1,1,-1,1,1,1,1,1,1,1,1,-1,1,1,-1,1,0,-1,-1,0,0,1,-1,1,0,-1,-1,,,,,,,,,,,,1,,,,,,,,,,,,,,,,
113,1,0,16,8,5,1,,1,,,,1,,1,,,1,,,,,,,0,,,1,-1,-1,,,0,,0,-1,,-1,,,-1,1,,,,,1,,,,,,,,,,,,,,,,,,,,,,,,,,,,,
115,1,1,43,25,10,1,1,1,1,0,1,0,0,1,1,1,1,1,0,1,1,0,-1,1,-1,1,1,-1,1,0,1,1,0,0,-1,1,-1,1,-1,-1,1,1,-1,1,-1,1,-1,,,,,,,,,,,,,1,,,,,,,,,,,,,,,
116,0,0,42,26,8,1,1,1,0,1,1,-1,1,1,1,1,0,0,1,0,1,0,-1,1,1,1,1,1,1,1,0,1,1,0,0,1,-1,1,-1,-1,1,1,-1,-1,1,1,-1,,,,,,,,,,,,,,,,,,,,,,,,,,,,
119,1,0,42,23,11,1,0,1,1,1,1,-1,0,1,0,0,-1,1,0,1,1,1,-1,1,1,1,1,1,-1,-1,1,0,1,0,1,0,-1,1,-1,-1,1,1,1,1,-1,-1,-1,,,,,,,,,,,,,,,,,,,,,,,,,,,,
120,0,0,42,28,10,1,1,1,1,1,1,-1,1,1,0,0,0,1,1,1,1,-1,-1,1,1,1,1,1,1,1,1,1,1,0,-1,1,-1,-1,1,-1,1,1,-1,1,-1,1,-1,,,,,,,,,,,,,,,,,,,,,,,,,,,,
121,1,0,42,24,5,1,1,0,1,1,1,-1,1,1,1,0,1,0,1,0,1,0,1,0,0,1,1,1,1,1,0,0,0,0,0,1,1,-1,-1,-1,1,1,0,1,-1,1,1,,,,,,,,,,,,,,,,,,,,,,,,,,,,
123,0,0,42,29,9,1,1,1,1,1,1,-1,1,1,1,1,1,1,1,1,1,0,-1,0,0,1,1,1,1,1,1,1,1,0,-1,1,1,-1,-1,1,-1,-1,1,-1,1,-1,1,,,,,,,,,,,,,,,,,,,,,,,,,,,,
124,1,0,42,25,16,1,-1,-1,1,1,1,-1,1,1,-1,1,-1,1,1,1,1,1,-1,-1,1,1,1,1,1,1,-1,1,1,-1,-1,1,1,-1,-1,-1,1,-1,1,1,-1,0,-1,,,,,,,,,,,,,,,,,,,,,,,,,,,,
125,0,0,42,29,8,1,1,1,1,1,1,-1,0,1,1,1,1,0,1,1,1,0,-1,1,1,1,1,1,1,0,1,1,1,0,-1,1,1,-1,-1,1,1,-1,-1,-1,1,1,1,,,,,,,,,,,,,,,,,,,,,,,,,,,,
127,0,0,42,31,8,1,1,1,1,1,1,-1,1,1,1,1,1,1,1,1,1,-1,-1,1,1,1,1,1,1,0,1,1,0,0,1,1,-1,1,-1,-1,-1,1,1,1,-1,1,1,,,,,,,,,,,,,,,,,,,,,,,,,,,,
128,1,1,53,29,12,1,0,1,1,1,1,-1,1,0,1,0,0,-1,0,1,1,1,-1,1,1,1,1,1,0,0,1,1,1,0,0,1,1,-1,-1,-1,-1,1,-1,-1,1,1,-1,,,,,,,,,,,,,,1,,,1,-1,1,-1,1,0,1,1,0,,,0
129,0,0,42,26,10,1,1,1,1,1,1,0,1,1,0,1,1,1,0,1,1,-1,0,1,1,1,1,0,1,1,1,1,0,1,-1,1,-1,-1,1,-1,-1,-1,-1,1,-1,1,-1,,,,,,,,,,,,,,,,,,,,,,,,,,,,
130,0,0,42,26,8,1,1,1,1,1,1,-1,1,1,1,1,0,0,0,1,1,0,-1,0,1,1,1,0,1,1,1,1,1,0,0,1,1,-1,-1,-1,1,1,-1,1,-1,1,-1,,,,,,,,,,,,,,,,,,,,,,,,,,,,
132,0,0,42,29,7,1,1,1,1,1,1,-1,1,1,1,0,1,1,1,1,1,0,-1,1,1,1,1,1,1,1,1,1,0,1,1,1,-1,1,-1,0,0,0,1,1,-1,-1,-1,,,,,,,,,,,,,,,,,,,,,,,,,,,,
133,1,0,42,17,13,1,1,1,0,1,1,-1,0,0,0,0,0,1,0,1,0,1,-1,-1,1,1,0,1,1,-1,1,0,0,0,-1,-1,-1,1,-1,-1,-1,1,-1,1,-1,1,-1,,,,,,,,,,,,,,,,,,,,,,,,,,,,
134,0,0,42,29,13,1,1,1,1,1,1,-1,1,1,1,-1,1,1,1,1,1,1,-1,1,-1,1,1,1,1,-1,1,1,1,-1,1,1,-1,1,-1,1,-1,-1,1,1,-1,-1,-1,,,,,,,,,,,,,,,,,,,,,,,,,,,,
135,0,0,42,29,8,1,1,1,1,1,1,-1,0,1,1,1,1,1,1,1,1,-1,0,1,0,1,1,0,1,1,1,1,1,0,1,1,-1,1,-1,-1,-1,1,1,-1,1,1,-1,,,,,,,,,,,,,,,,,,,,,,,,,,,,
136,2,0,52,35,9,1,1,1,1,0,1,0,0,1,1,1,1,1,0,1,1,1,-1,1,1,1,1,0,1,0,1,0,0,1,-1,1,-1,1,-1,-1,1,1,-1,1,-1,1,-1,,,,,,,,,,,,,,,,,1,1,1,1,1,1,1,1,-1,,,1
137,1,0,6,3,3,-1,,1,,,,1,,,,1,,,,,,,,-1,,,,,,,,,,,,,,,,-1,,,,,,,,,,,,,,,,,,,,,,,,,,,,,,,,,,,
138,0,1,43,26,10,1,1,1,1,1,1,0,1,1,0,1,0,0,1,1,1,1,-1,1,0,1,1,1,1,-1,1,1,1,-1,-1,0,-1,1,-1,-1,0,1,-1,1,-1,1,-1,,,,,,,,,,,,,,,1,,,,,,,,,,,,,
140,0,0,42,28,7,1,1,1,1,1,1,-1,1,1,0,0,1,1,1,1,1,0,1,1,1,1,1,1,1,0,0,1,1,0,-1,1,-1,0,1,-1,-1,1,1,1,-1,1,-1,,,,,,,,,,,,,,,,,,,,,,,,,,,,
141,3,0,42,17,20,1,-1,-1,1,1,0,1,0,-1,-1,-1,-1,-1,1,-1,1,1,1,-1,-1,-1,1,1,-1,-1,1,0,1,0,0,1,-1,1,-1,-1,-1,1,-1,1,-1,1,-1,,,,,,,,,,,,,,,,,,,,,,,,,,,,
142,3,0,42,15,12,-1,1,1,-1,-1,1,1,-1,1,1,0,1,1,1,1,1,0,1,-1,0,0,-1,-1,1,-1,-1,-1,-1,1,-1,1,0,0,0,0,0,0,0,0,0,0,0,,,,,,,,,,,,,,,,,,,,,,,,,,,,
143,0,0,42,32,9,1,1,1,1,1,1,-1,1,1,1,1,1,1,1,1,1,-1,-1,1,1,1,1,1,1,1,1,1,1,0,1,1,1,-1,-1,-1,1,1,-1,-1,1,1,-1,,,,,,,,,,,,,,,,,,,,,,,,,,,,
144,0,0,42,26,12,1,1,1,1,1,1,-1,1,1,-1,-1,1,1,1,1,1,0,-1,0,1,1,1,1,1,-1,1,1,0,0,-1,1,-1,1,-1,-1,1,1,-1,1,-1,1,-1,,,,,,,,,,,,,,,,,,,,,,,,,,,,
145,1,0,42,18,7,1,1,0,0,1,1,0,1,0,0,1,0,0,1,1,1,0,-1,1,0,0,1,0,0,0,1,0,0,0,-1,0,-1,1,-1,-1,-1,1,1,1,-1,1,1,,,,,,,,,,,,,,,,,,,,,,,,,,,,
149,0,1,43,26,14,1,1,1,1,1,1,-1,1,1,0,-1,0,-1,1,1,1,-1,-1,1,1,1,1,1,1,0,1,1,1,-1,-1,1,1,-1,-1,-1,-1,1,1,1,-1,-1,-1,,,,,,,,,,,,,,,,1,,,,,,,,,,,,
150,0,0,42,28,8,1,0,1,1,1,1,-1,1,1,0,1,1,1,0,1,1,0,-1,0,1,1,1,1,1,1,1,1,1,0,-1,1,-1,1,-1,-1,1,1,-1,1,-1,1,1,,,,,,,,,,,,,,,,,,,,,,,,,,,,
151,0,0,42,31,10,1,1,1,1,1,1,-1,1,1,1,1,0,1,1,1,1,-1,-1,1,1,1,1,1,1,-1,1,1,1,1,1,1,-1,-1,1,-1,1,1,-1,1,-1,1,-1,,,,,,,,,,,,,,,,,,,,,,,,,,,,
152,1,0,42,25,7,1,0,1,1,0,1,0,0,1,1,0,1,1,1,1,1,-1,0,1,0,1,1,-1,1,1,1,1,1,0,0,0,1,-1,-1,-1,1,1,1,-1,1,1,-1,,,,,,,,,,,,,,,,,,,,,,,,,,,,
153,1,0,6,5,0,1,,,,,,,,,,,,,1,,,,,,,,,,,0,,,,,1,,,,,,1,,,,,,1,,,,,,,,,,,,,,,,,,,,,,,,,,,,
154,0,0,30,21,7,1,,1,1,,1,0,1,1,1,,,,,,,1,,1,1,1,1,1,1,1,,1,1,1,0,,,-1,-1,-1,1,-1,-1,-1,1,1,-1,,,,,,,,,,,,,,,,,,,,,,,,,,,,
155,1,0,42,29,13,1,1,1,1,1,1,-1,1,1,-1,-1,1,1,1,-1,1,-1,1,1,1,1,1,1,1,1,1,1,1,1,-1,-1,-1,1,-1,1,-1,1,1,1,-1,-1,-1,,,,,,,,,,,,,,,,,,,,,,,,,,,,
157,1,0,42,25,16,1,1,1,1,1,1,-1,-1,1,1,-1,1,1,1,1,1,-1,-1,-1,1,1,1,1,1,-1,1,0,-1,-1,-1,1,-1,1,-1,-1,1,1,-1,1,-1,1,-1,,,,,,,,,,,,,,,,,,,,,,,,,,,,
158,1,0,23,14,5,1,1,1,,,,,,,,1,0,1,1,1,1,0,,,,,1,0,,-1,1,0,,,-1,1,,-1,,-1,-1,1,1,,,1,,,,,,,,,,,,,,,,,,,,,,,,,,,,,
159,0,0,42,28,9,1,1,1,1,1,1,-1,1,1,0,1,1,0,1,1,1,0,-1,0,1,1,1,1,1,1,0,1,1,1,-1,1,1,-1,-1,-1,-1,1,-1,-1,1,1,1,,,,,,,,,,,,,,,,,,,,,,,,,,,,
160,0,0,42,28,14,1,1,1,1,1,1,-1,1,1,1,1,1,-1,1,1,1,-1,-1,1,1,1,1,-1,1,1,1,1,1,-1,-1,1,-1,1,-1,-1,-1,1,-1,1,-1,1,-1,,,,,,,,,,,,,,,,,,,,,,,,,,,,
161,0,0,42,28,10,1,1,1,1,0,1,-1,1,1,0,1,1,1,1,1,0,-1,-1,1,-1,1,1,1,1,1,1,1,1,1,-1,1,-1,1,-1,-1,1,-1,0,-1,1,1,1,,,,,,,,,,,,,,,,,,,,,,,,,,,,
165,2,1,52,36,13,1,1,-1,1,1,1,-1,1,1,1,0,1,1,1,1,1,1,1,1,1,1,1,1,1,-1,1,1,1,0,-1,1,-1,1,-1,-1,-1,1,1,1,-1,-1,-1,,,,,,,,,,,,,,,,,1,1,1,-1,1,1,-1,1,0,1,,
167,2,0,52,35,10,1,1,1,1,1,1,-1,1,1,1,1,1,0,0,1,1,1,-1,1,1,1,1,1,1,1,1,1,1,0,0,1,1,-1,-1,-1,-1,1,-1,-1,1,-1,-1,,,,,,,,,,,,,,,,,1,0,1,1,1,1,0,1,1,,,0
168,2,0,51,35,11,1,1,1,1,1,1,-1,1,1,1,1,1,1,-1,1,1,-1,-1,1,1,1,1,1,1,0,1,1,1,0,0,1,-1,1,-1,-1,-1,1,-1,1,-1,-1,0,,,,,,,,,,,,,,,,,1,1,1,1,1,1,1,1,0,,,
169,2,1,52,37,8,1,1,1,1,1,1,-1,1,1,0,1,0,1,0,1,1,0,-1,1,1,1,1,1,1,1,1,0,1,1,-1,1,-1,1,-1,1,1,-1,1,-1,1,1,1,,,,,,,,,,,,,,,,,1,-1,1,1,1,1,0,1,0,,1,
170,2,0,52,36,10,1,1,1,1,0,1,-1,0,1,1,1,1,1,1,1,1,0,-1,1,1,1,1,1,1,1,1,0,1,0,-1,1,1,-1,-1,1,1,1,-1,1,-1,-1,-1,,,,,,,,,,,,,,,,,0,1,1,-1,1,1,1,1,1,,,1
171,2,0,52,37,7,1,1,1,0,1,1,-1,1,0,0,1,1,0,1,1,1,0,-1,1,1,1,1,1,1,1,1,0,1,1,1,1,-1,-1,1,-1,1,1,1,-1,1,-1,1,,,,,,,,,,,,,,,,,1,1,1,1,1,1,0,1,1,,,0
173,2,0,52,40,10,1,1,1,1,1,1,-1,1,1,1,1,1,-1,1,1,1,-1,-1,1,1,1,1,1,1,0,1,1,1,0,-1,1,-1,1,-1,-1,1,1,1,1,-1,1,-1,,,,,,,,,,,,,,,,,1,1,1,1,1,1,1,1,1,,,1
175,2,0,52,32,17,1,1,1,-1,1,1,-1,1,1,1,-1,1,-1,1,1,1,-1,-1,1,1,1,0,-1,1,-1,1,1,1,1,-1,1,-1,-1,1,-1,1,1,-1,-1,0,1,-1,,,,,,,,,,,,,,,,,1,0,1,1,1,1,1,1,-1,,,-1
176,2,0,52,36,12,1,1,1,1,1,1,-1,1,1,0,0,1,0,1,1,1,-1,-1,1,1,1,1,-1,1,1,1,1,1,0,-1,1,1,-1,-1,1,-1,-1,1,1,-1,-1,-1,,,,,,,,,,,,,,,,,1,1,1,1,1,1,1,1,1,,,1
177,2,0,52,36,11,1,1,1,-1,1,1,-1,1,1,0,1,1,1,1,1,1,0,-1,1,1,1,1,1,1,1,1,1,1,-1,0,1,1,-1,-1,-1,1,1,-1,-1,1,1,-1,,,,,,,,,,,,,,,,,1,1,-1,0,1,1,1,1,1,,,0
178,1,0,52,31,11,1,1,0,1,1,1,-1,-1,1,1,0,-1,0,1,1,1,-1,-1,0,1,1,1,0,1,1,0,1,0,1,1,1,1,-1,-1,0,0,1,1,1,-1,-1,-1,,,,,,,,,,,,,,,,,1,1,1,1,1,-1,1,0,1,,,1
179,2,0,52,32,13,1,-1,1,1,1,1,-1,1,1,-1,1,-1,0,1,1,1,0,1,0,1,1,1,0,1,1,1,0,-1,0,1,1,-1,-1,-1,-1,-1,1,-1,1,-1,1,1,,,,,,,,,,,,,,,,,1,1,1,1,1,1,0,1,-1,,,1
181,2,0,52,32,15,1,1,1,1,1,1,-1,1,1,1,-1,0,1,1,1,1,-1,-1,0,1,1,1,-1,1,1,1,1,1,0,-1,-1,-1,1,-1,-1,-1,1,-1,-1,1,1,-1,,,,,,,,,,,,,,,,,1,1,1,1,0,1,0,1,-1,,,1
184,3,0,52,9,26,1,1,-1,0,0,-1,0,-1,-1,-1,-1,-1,-1,-1,-1,-1,0,1,-1,-1,1,1,1,-1,0,0,-1,-1,0,0,1,0,0,0,0,0,-1,0,0,0,1,0,,,,,,,,,,,,,,,,,-1,-1,-1,-1,-1,1,-1,-1,-1,,,-1
186,2,0,52,32,3,1,1,1,0,1,1,-1,1,1,1,1,1,0,1,1,0,1,-1,1,1,0,0,1,1,1,1,1,1,-1,1,1,0,1,0,0,0,0,0,0,0,0,0,,,,,,,,,,,,,,,,,1,1,1,0,1,1,0,1,1,,,1
188,2,0,52,39,9,1,1,1,1,1,1,-1,1,1,1,1,1,0,1,1,1,-1,-1,1,1,1,1,1,1,1,1,1,1,0,-1,1,1,-1,-1,-1,1,1,1,1,1,-1,-1,,,,,,,,,,,,,,,,,1,1,1,1,1,1,0,1,0,,,1
189,1,0,6,2,3,1,,,,,,,,,,,,0,,,,,,,,,,,,,,,,,,,,-1,-1,1,,,,,,,,,,,,,,,,,,,,,,,,,,,,-1,,,,,,,
190,2,0,52,33,4,1,1,1,1,1,1,-1,1,1,0,1,1,1,1,1,1,0,-1,1,1,1,1,1,1,1,1,1,1,0,-1,1,0,0,0,-1,0,1,0,0,0,0,0,,,,,,,,,,,,,,,,,1,0,1,1,1,1,0,1,0,,,1
192,2,0,52,41,9,1,1,1,1,1,1,-1,1,1,1,1,1,1,1,1,1,1,-1,1,1,1,1,1,1,1,1,1,1,0,1,1,1,-1,-1,1,-1,-1,1,-1,1,-1,-1,,,,,,,,,,,,,,,,,1,0,1,1,1,1,1,1,1,,,1
193,2,0,22,15,4,1,,1,1,,1,-1,1,1,,,0,,,,,0,,,,,,1,,,,,0,,-1,1,,-1,,,1,,,,,,,,,,,,,,,,,,,,,,,1,-1,,1,1,,1,1,,,,1
194,3,0,52,22,20,0,1,0,1,0,1,1,-1,-1,0,1,-1,1,-1,0,0,1,1,-1,1,1,0,-1,1,1,1,1,-1,0,1,1,-1,1,-1,-1,-1,1,-1,1,-1,1,-1,,,,,,,,,,,,,,,,,1,-1,0,-1,0,-1,-1,-1,1,,,-1
195,2,0,52,42,9,1,1,1,1,1,1,-1,1,1,1,1,1,1,1,1,1,1,-1,1,1,1,1,1,1,1,1,1,1,0,-1,1,-1,1,-1,-1,1,1,-1,1,-1,1,-1,,,,,,,,,,,,,,,,,1,1,1,1,1,1,1,1,1,,,1
197,2,0,52,39,11,1,1,1,1,1,1,-1,1,1,1,1,1,1,1,1,1,-1,-1,1,1,1,1,1,1,1,1,1,1,1,0,1,1,-1,-1,-1,-1,1,-1,1,-1,-1,-1,,,,,,,,,,,,,,,,,1,1,1,1,1,1,1,1,0,,,1
198,3,0,52,14,31,1,1,-1,0,-1,-1,-1,-1,0,0,-1,-1,1,1,-1,-1,1,1,-1,-1,-1,1,0,-1,0,-1,0,-1,-1,-1,1,-1,1,-1,-1,-1,1,1,1,-1,1,-1,,,,,,,,,,,,,,,,,-1,-1,-1,0,-1,1,-1,-1,-1,,,-1
199,2,0,52,35,11,1,1,1,1,1,1,-1,1,1,0,0,1,1,1,1,1,-1,-1,1,0,1,1,1,1,-1,1,1,1,0,-1,1,1,-1,-1,1,-1,-1,1,1,-1,1,1,,,,,,,,,,,,,,,,,1,0,1,1,1,1,-1,1,0,,,1
200,2,0,52,44,7,1,1,1,1,1,1,-1,1,1,1,1,1,1,1,1,1,0,-1,1,1,1,1,1,1,1,1,1,1,1,-1,1,-1,1,-1,-1,1,1,1,1,-1,1,1,,,,,,,,,,,,,,,,,1,1,1,1,1,1,1,1,1,,,1
201,1,0,1,1,0,1,,,,,,,,,,,,,,,,,,,,,,,,,,,,,,,,,,,,,,,,,,,,,,,,,,,,,,,,,,,,,,,,,,,,,
202,1,0,44,24,20,1,1,-1,1,-1,-1,-1,1,1,,,-1,1,1,-1,-1,,-1,-1,,1,1,1,,-1,1,-1,-1,1,-1,1,-1,1,,-1,1,1,,1,-1,1,1,,,,,,,,,,,,,,,,,1,-1,-1,-1,1,1,1,-1,1,,,
203,2,0,52,35,13,1,1,1,1,1,1,-1,1,1,1,-1,0,1,1,1,1,0,1,1,-1,1,1,1,1,1,1,0,0,1,-1,1,-1,1,-1,1,-1,-1,-1,1,-1,1,1,,,,,,,,,,,,,,,,,1,-1,1,1,1,1,-1,1,-1,,,1
207,2,0,52,36,10,1,1,1,1,1,1,-1,1,1,1,0,0,0,1,1,1,-1,-1,1,0,1,1,-1,1,1,1,1,1,0,-1,1,-1,1,-1,-1,1,1,1,1,1,1,1,,,,,,,,,,,,,,,,,-1,1,1,1,-1,1,0,1,1,,,1
208,2,0,52,31,10,1,1,1,0,1,1,-1,1,1,1,0,0,1,0,0,1,0,1,1,1,1,1,1,1,0,1,0,1,0,-1,1,1,-1,-1,-1,1,1,1,1,-1,-1,0,,,,,,,,,,,,,,,,,1,0,1,-1,1,1,-1,1,-1,,,1
210,1,0,52,33,14,1,1,1,0,1,1,-1,1,1,-1,1,1,0,-1,-1,0,1,-1,1,1,1,1,1,1,1,1,1,1,-1,1,1,-1,0,1,-1,1,1,-1,-1,1,1,0,,,,,,,,,,,,,,,,,1,-1,1,-1,1,1,-1,1,1,,,-1
211,2,0,52,37,11,1,1,1,0,1,1,-1,1,1,0,-1,1,1,0,1,1,-1,-1,1,1,1,1,1,1,1,1,1,1,1,-1,1,1,-1,-1,-1,1,1,-1,1,-1,1,1,,,,,,,,,,,,,,,,,1,1,1,1,1,1,0,1,-1,,,1
212,2,0,52,37,8,1,1,1,1,1,1,-1,1,1,1,0,1,1,1,1,1,0,-1,1,1,1,1,1,1,1,1,1,1,0,0,1,-1,1,-1,-1,1,1,-1,1,-1,1,-1,,,,,,,,,,,,,,,,,1,0,1,1,1,1,0,1,0,,,1
214,2,0,52,34,10,1,1,1,1,1,1,-1,1,1,1,0,-1,1,1,0,1,0,-1,-1,1,1,1,1,1,1,1,0,1,1,0,0,-1,-1,1,-1,1,1,1,-1,1,-1,-1,,,,,,,,,,,,,,,,,1,0,1,1,1,1,1,1,0,,,1
217,2,0,52,36,12,1,1,1,1,1,1,-1,1,1,-1,1,0,1,1,1,1,1,-1,0,1,1,1,1,1,1,1,1,1,-1,-1,1,-1,1,-1,-1,-1,1,-1,1,-1,1,1,,,,,,,,,,,,,,,,,1,0,1,0,1,1,1,1,-1,,,1
218,2,0,35,23,6,1,1,1,0,1,1,,,1,,1,0,0,0,1,1,-1,-1,1,,0,,0,,,1,1,1,,-1,,,-1,1,,1,,-1,,1,1,-1,,,,,,,,,,,,,,,,,1,1,,,1,1,,,1,,,1
219,2,0,52,38,11,1,1,1,1,1,1,-1,1,1,-1,1,1,0,1,1,1,0,-1,1,1,1,1,1,1,1,1,1,1,0,-1,1,-1,1,-1,1,-1,-1,-1,1,-1,1,-1,,,,,,,,,,,,,,,,,1,1,1,1,1,1,1,1,1,,,1
220,2,0,52,36,13,1,-1,1,1,1,1,-1,1,0,0,0,1,1,1,1,1,-1,-1,1,1,1,1,1,1,1,1,1,1,-1,-1,1,1,-1,-1,-1,1,1,-1,1,-1,1,-1,,,,,,,,,,,,,,,,,1,1,1,1,1,1,-1,1,1,,,1
222,3,0,52,18,34,-1,1,-1,1,1,-1,1,-1,-1,1,-1,-1,-1,-1,-1,-1,1,1,-1,-1,1,-1,-1,-1,-1,1,-1,-1,-1,1,1,1,-1,-1,1,-1,-1,-1,1,-1,1,1,,,,,,,,,,,,,,,,,-1,-1,-1,-1,-1,1,-1,-1,-1,,,1
223,2,0,52,39,12,1,1,1,1,1,1,-1,1,1,1,1,1,1,1,1,1,-1,-1,1,1,1,1,1,1,-1,1,1,1,0,-1,1,-1,1,-1,-1,1,1,1,1,-1,-1,-1,,,,,,,,,,,,,,,,,1,1,1,1,1,1,-1,1,1,,,1
224,2,0,52,36,9,1,1,1,1,1,1,-1,1,1,1,1,1,-1,1,0,1,1,1,1,0,1,1,1,1,-1,0,0,0,0,-1,1,1,-1,-1,-1,1,1,1,1,-1,0,-1,,,,,,,,,,,,,,,,,1,1,1,1,1,1,1,1,1,,,1
225,2,0,52,38,13,1,1,1,1,1,1,-1,1,1,1,1,1,1,-1,1,1,1,-1,1,1,1,1,1,1,1,1,1,1,-1,-1,1,-1,1,-1,-1,-1,1,1,-1,1,1,1,,,,,,,,,,,,,,,,,1,-1,1,0,1,1,-1,1,-1,,,1
226,1,0,30,18,8,1,,,1,1,1,1,-1,1,1,,0,-1,,1,,0,,,1,1,,,,,1,1,-1,0,0,1,-1,-1,,-1,-1,1,,,,,1,,,,,,,,,,,,,,,,,1,,,,1,-1,,,,,,1
230,2,0,52,33,17,1,1,1,1,1,1,-1,1,1,1,1,0,1,1,1,1,-1,-1,1,-1,1,1,1,1,-1,1,1,1,-1,-1,-1,-1,1,-1,-1,-1,1,-1,1,-1,1,-1,,,,,,,,,,,,,,,,,1,-1,1,1,1,1,0,1,-1,,,1
232,1,0,52,28,13,1,1,1,0,1,1,-1,1,1,1,0,0,1,1,1,1,0,-1,0,0,1,1,-1,1,0,1,-1,1,1,-1,1,-1,1,-1,-1,0,1,-1,1,-1,1,-1,,,,,,,,,,,,,,,,,-1,1,1,1,1,0,-1,1,0,,,0
23,1,0,8,8,0,,1,,1,,,,,,,1,,1,,,,,,,,1,,,,,,,,,,,,,,,,,,,1,1,1,,,,,,,,,,,,,,,,,,,,,,,,,,,,
46,1,0,14,10,3,,1,,,,,,,,1,1,,,1,,,-1,,,,,0,,1,,,-1,,1,,1,,-1,1,,,1,,1,,,,,,,,,,,,,,,,,,,,,,,,,,,,,,,
49,1,0,11,7,3,,1,,,1,,,,,1,1,,,0,,,,-1,,,,,,1,,,,,,,1,-1,,,,,,,,,1,-1,,,,,,,,,,,,,,,,,,,,,,,,,,,,
122,1,0,10,7,0,,1,,,,,,0,,1,,0,,,,,,,,,,1,1,1,,,,,0,,1,,1,,,,,,,,,,,,,,,,,,,,,,,,,,,,,,,,,,,,,
131,1,0,27,9,4,,0,,0,0,1,-1,0,,0,,0,,0,,0,0,,0,0,,1,1,0,1,0,1,,,,,-1,1,,-1,1,1,,,0,1,-1,,,,,,,,,,,,,,,,,,,,,,,,,,,,
164,1,0,12,8,0,,1,,0,,,,,,1,1,,,,,,,,,1,1,,,,,,,1,,0,,,0,,,0,,,,,,,,,,,,,,,,,,,,,,,,1,,,,,,1,,,,
45,1,0,26,12,12,,,-1,1,1,1,-1,0,1,,,-1,-1,,,,,1,-1,-1,1,-1,1,-1,0,,1,,1,,1,-1,,,,-1,1,-1,1,-1,,,,,,,,,,,,,,,,,,,,,,,,,,,,,,
191,1,0,1,1,0,,,1,,,,,,,,,,,,,,,,,,,,,,,,,,,,,,,,,,,,,,,,,,,,,,,,,,,,,,,,,,,,,,,,,,,
229,2,0,14,12,1,,,1,,,1,0,1,,,,,,,,,,,,,,,1,,,1,1,1,,,,,1,,,,,,1,-1,,,,,,,,,,,,,,,,,,,,,,,,1,1,1,,,,
9,1,0,6,2,4,,,,-1,1,,1,,,,,,,,,,,,,,,,,-1,,-1,,,,,,,,,,,,,,-1,,,,,,,,,,,,,,,,,,,,,,,,,,,,,,
24,1,0,1,1,0,,,,1,,,,,,,,,,,,,,,,,,,,,,,,,,,,,,,,,,,,,,,,,,,,,,,,,,,,,,,,,,,,,,,,,,
63,1,0,1,0,0,,,,0,,,,,,,,,,,,,,,,,,,,,,,,,,,,,,,,,,,,,,,,,,,,,,,,,,,,,,,,,,,,,,,,,,
109,1,0,1,1,0,,,,1,,,,,,,,,,,,,,,,,,,,,,,,,,,,,,,,,,,,,,,,,,,,,,,,,,,,,,,,,,,,,,,,,,
146,1,0,11,5,0,,,,0,,,,,,,0,0,,0,1,,,,,,1,,,1,1,,,,,,,,0,,0,,,1,,,,,,,,,,,,,,,,,,,,,,,,,,,,,,,,
182,1,0,2,1,0,,,,0,,,,,,,,,,,,,,,,,,,,,,,,,,,,,,,,,1,,,,,,,,,,,,,,,,,,,,,,,,,,,,,,,,,
42,1,0,1,1,0,,,,,1,,,,,,,,,,,,,,,,,,,,,,,,,,,,,,,,,,,,,,,,,,,,,,,,,,,,,,,,,,,,,,,,,
166,1,0,8,6,1,,,,,1,,,,,,,0,,,1,,1,,,,,,,,,,1,1,,,,,,,,,,,,,,-1,,,,,,,,,,,,,,,,,1,,,,,,,,,,,
206,2,0,22,18,3,,,,,1,,,,,1,,,,1,,1,-1,,1,1,,1,1,,,1,1,1,1,,1,,,1,,,1,1,-1,,,-1,,,,,,,,,,,,,,,,,1,,,0,1,,,,,,,
215,1,0,2,2,0,,,,,1,,,,1,,,,,,,,,,,,,,,,,,,,,,,,,,,,,,,,,,,,,,,,,,,,,,,,,,,,,,,,,,,,,
82,1,0,17,9,7,,,,,,1,,,,,,,,,,1,-1,-1,,,,-1,,1,1,1,1,,,0,,-1,1,-1,-1,,,1,1,,,-1,,,,,,,,,,,,,,,,,,,,,,,,,,,,
114,1,0,11,6,0,,,,,,1,,,1,,0,1,0,,,1,0,,,1,,,,,0,,,,,,1,,,,0,,,,,,,,,,,,,,,,,,,,,,,,,,,,,,,,,,,
118,1,0,1,0,1,,,,,,-1,,,,,,,,,,,,,,,,,,,,,,,,,,,,,,,,,,,,,,,,,,,,,,,,,,,,,,,,,,,,,,,,
180,1,0,5,5,0,,,,,,1,1,,,,,,1,,,,,,,,,,,,,,,,,,,,,,,,,,,,,,,,,,,,,,,,,,,,,,,,,,,,1,,,,,1
231,1,0,2,2,0,,,,,,1,,,,,,,,,,,,,,,,,,1,,,,,,,,,,,,,,,,,,,,,,,,,,,,,,,,,,,,,,,,,,,,,,
78,1,0,19,12,6,,,,,,,-1,1,1,1,0,,,1,,1,-1,-1,,1,1,1,-1,,,,,,,,,,,-1,-1,1,1,1,,,1,,,,,,,,,,,,,,,,,,,,,,,,,,,,,
221,1,0,9,4,3,,,,,,,-1,,,,,,1,,,,-1,,,,,1,,,0,,,,,,,,,,1,,,,,,,,,,,,,,,,,,,,,,,,-1,,,1,,,,,,,,0
228,1,0,10,5,3,,,,,,,-1,,,1,,,,1,,,,,,,,,,,,,,1,0,0,,,-1,,-1,,,,,,,,,,,,,,,,,,,,,,,,,1,,,,,,,1,,,
233,1,0,6,3,3,,,,,,,-1,,,,,1,,,,,,,,,,,,,,,,,,,,1,,,,-1,,,,,,,,,,,,,,,,,,,,,,,,1,,,,,-1,,,,,
205,1,0,5,2,1,,,,,,,,1,,,,,,,,,,,,0,,,,,,,,,,,,,,,,,0,,,,,,,,,,,,,,,,,,,,,,1,,-1,,,,,,,,,
47,1,0,1,0,1,,,,,,,,,-1,,,,,,,,,,,,,,,,,,,,,,,,,,,,,,,,,,,,,,,,,,,,,,,,,,,,,,,,,,,,,
65,1,0,2,1,0,,,,,,,,,0,,,,,,,,,,,,1,,,,,,,,,,,,,,,,,,,,,,,,,,,,,,,,,,,,,,,,,,,,,,,,,
98,1,0,2,2,0,,,,,,,,,1,,,,,,,,,,,,,,,,1,,,,,,,,,,,,,,,,,,,,,,,,,,,,,,,,,,,,,,,,,,,,,
126,1,0,1,1,0,,,,,,,,,1,,,,,,,,,,,,,,,,,,,,,,,,,,,,,,,,,,,,,,,,,,,,,,,,,,,,,,,,,,,,,
204,1,0,5,4,1,,,,,,,,,1,,,,,,,,,,,,,1,,,,,,,,,,-1,,,,1,,,,,1,,,,,,,,,,,,,,,,,,,,,,,,,,,,,
156,1,0,8,5,2,,,,,,,,,,1,,0,,,,,,,,,,,,,,,,,,-1,,,-1,1,1,,,,1,,1,,,,,,,,,,,,,,,,,,,,,,,,,,,,,
52,1,0,1,0,0,,,,,,,,,,,0,,,,,,,,,,,,,,,,,,,,,,,,,,,,,,,,,,,,,,,,,,,,,,,,,,,,,,,,,,,
163,1,0,7,3,4,,,,,,,,,,,-1,,,,,,,,,1,,,,,,1,,,-1,,,,,,-1,,,,,,,,,,,,,,,,,,,,,,,,,-1,,,,,,1,,,,
72,1,0,3,2,1,,,,,,,,,,,,1,,,,,,,,,,,,,,,,,,,,,1,,,,,-1,,,,,,,,,,,,,,,,,,,,,,,,,,,,,,,,
95,1,0,3,2,1,,,,,,,,,,,,1,,,,,,,,,,,,,,,,,,,,,1,,,,,,,,,-1,,,,,,,,,,,,,,,,,,,,,,,,,,,,
104,1,0,1,0,0,,,,,,,,,,,,0,,,,,,,,,,,,,,,,,,,,,,,,,,,,,,,,,,,,,,,,,,,,,,,,,,,,,,,,,,
37,1,0,1,1,0,,,,,,,,,,,,,,1,,,,,,,,,,,,,,,,,,,,,,,,,,,,,,,,,,,,,,,,,,,,,,,,,,,,,,,,
4,1,0,4,1,0,,,,,,,,,,,,,,,1,,,,,,,,,,,,0,,0,,,,,,,,,,,,0,,,,,,,,,,,,,,,,,,,,,,,,,,,,,
139,1,0,6,4,2,,,,,,,,,,,,,,,1,1,,-1,,,,,,1,,,,,,-1,,,,,,1,,,,,,,,,,,,,,,,,,,,,,,,,,,,,,,,,,
57,1,0,1,0,1,,,,,,,,,,,,,,,,-1,,,,,,,,,,,,,,,,,,,,,,,,,,,,,,,,,,,,,,,,,,,,,,,,,,,,,,
148,1,0,1,1,0,,,,,,,,,,,,,,,,1,,,,,,,,,,,,,,,,,,,,,,,,,,,,,,,,,,,,,,,,,,,,,,,,,,,,,,
227,1,0,1,1,0,,,,,,,,,,,,,,,,1,,,,,,,,,,,,,,,,,,,,,,,,,,,,,,,,,,,,,,,,,,,,,,,,,,,,,,
187,1,0,1,1,0,,,,,,,,,,,,,,,,,1,,,,,,,,,,,,,,,,,,,,,,,,,,,,,,,,,,,,,,,,,,,,,,,,,,,,,
162,1,0,1,0,1,,,,,,,,,,,,,,,,,,-1,,,,,,,,,,,,,,,,,,,,,,,,,,,,,,,,,,,,,,,,,,,,,,,,,,,,
71,1,0,1,1,0,,,,,,,,,,,,,,,,,,,1,,,,,,,,,,,,,,,,,,,,,,,,,,,,,,,,,,,,,,,,,,,,,,,,,,,
0,1,53,4,0,0,,,,,,,,,,,,,,,,,,,,0,,0,,,,,,,,,,,,,,,,0,,,,,,,,,,,,,,,,,,,,,,,,,,,0,,,,,
172,1,0,1,1,0,,,,,,,,,,,,,,,,,,,,,1,,,,,,,,,,,,,,,,,,,,,,,,,,,,,,,,,,,,,,,,,,,,,,,,,
185,1,0,1,1,0,,,,,,,,,,,,,,,,,,,,,1,,,,,,,,,,,,,,,,,,,,,,,,,,,,,,,,,,,,,,,,,,,,,,,,,
17,1,0,1,1,0,,,,,,,,,,,,,,,,,,,,,,,1,,,,,,,,,,,,,,,,,,,,,,,,,,,,,,,,,,,,,,,,,,,,,,,
55,1,1,2,2,0,,,,,,,,,,,,,,,,,,,,,,,,1,,,,,,,,,,,,,,,,,,,,,,,1,,,,,,,,,,,,,,,,,,,,,,,
59,1,0,1,1,0,,,,,,,,,,,,,,,,,,,,,,,,1,,,,,,,,,,,,,,,,,,,,,,,,,,,,,,,,,,,,,,,,,,,,,,
213,1,0,1,1,0,,,,,,,,,,,,,,,,,,,,,,,,1,,,,,,,,,,,,,,,,,,,,,,,,,,,,,,,,,,,,,,,,,,,,,,
67,1,0,1,1,0,,,,,,,,,,,,,,,,,,,,,,,,,,1,,,,,,,,,,,,,,,,,,,,,,,,,,,,,,,,,,,,,,,,,,,,
90,1,0,1,1,0,,,,,,,,,,,,,,,,,,,,,,,,,,1,,,,,,,,,,,,,,,,,,,,,,,,,,,,,,,,,,,,,,,,,,,,
89,1,0,1,1,0,,,,,,,,,,,,,,,,,,,,,,,,,,,1,,,,,,,,,,,,,,,,,,,,,,,,,,,,,,,,,,,,,,,,,,,
196,1,0,1,0,0,,,,,,,,,,,,,,,,,,,,,,,,,,,0,,,,,,,,,,,,,,,,,,,,,,,,,,,,,,,,,,,,,,,,,,,
183,1,0,1,1,0,,,,,,,,,,,,,,,,,,,,,,,,,,,,,1,,,,,,,,,,,,,,,,,,,,,,,,,,,,,,,,,,,,,,,,,
60,1,0,1,1,0,,,,,,,,,,,,,,,,,,,,,,,,,,,,,,1,,,,,,,,,,,,,,,,,,,,,,,,,,,,,,,,,,,,,,,,
117,1,0,2,1,0,,,,,,,,,,,,,,,,,,,,,,,,,,,,,,0,,,,,,,,,,1,,,,,,,,,,,,,,,,,,,,,,,,,,,,,,
74,1,0,1,0,1,,,,,,,,,,,,,,,,,,,,,,,,,,,,,,,,,,-1,,,,,,,,,,,,,,,,,,,,,,,,,,,,,,,,,,,,
21,1,0,1,1,0,,,,,,,,,,,,,,,,,,,,,,,,,,,,,,,,,,,1,,,,,,,,,,,,,,,,,,,,,,,,,,,,,,,,,,,
81,1,0,1,0,0,,,,,,,,,,,,,,,,,,,,,,,,,,,,,,,,,,,0,,,,,,,,,,,,,,,,,,,,,,,,,,,,,,,,,,,
216,1,0,1,0,1,,,,,,,,,,,,,,,,,,,,,,,,,,,,,,,,,,,-1,,,,,,,,,,,,,,,,,,,,,,,,,,,,,,,,,,,
96,1,0,1,1,0,,,,,,,,,,,,,,,,,,,,,,,,,,,,,,,,,,,,1,,,,,,,,,,,,,,,,,,,,,,,,,,,,,,,,,,
43,1,0,1,1,0,,,,,,,,,,,,,,,,,,,,,,,,,,,,,,,,,,,,,,1,,,,,,,,,,,,,,,,,,,,,,,,,,,,,,,,
36,1,0,1,0,1,,,,,,,,,,,,,,,,,,,,,,,,,,,,,,,,,,,,,,,,,,-1,,,,,,,,,,,,,,,,,,,,,,,,,,,,
147,1,0,1,0,1,,,,,,,,,,,,,,,,,,,,,,,,,,,,,,,,,,,,,,,,,,-1,,,,,,,,,,,,,,,,,,,,,,,,,,,,
101,1,1,1,1,0,,,,,,,,,,,,,,,,,,,,,,,,,,,,,,,,,,,,,,,,,,,,,,,,,,,,,1,,,,,,,,,,,,,,,,,
174,1,0,1,0,1,,,,,,,,,,,,,,,,,,,,,,,,,,,,,,,,,,,,,,,,,,,,,,,,,,,,,,,,,,,,-1,,,,,,,,,,
209,1,0,1,1,0,,,,,,,,,,,,,,,,,,,,,,,,,,,,,,,,,,,,,,,,,,,,,,,,,,,,,,,,,,,,,,,1,,,,,,,
